emoji,description_en,description_es,description_pt
🥇,1st place medal,1er lugar Medalla,1º lugar Medalha
🥈,2nd place medal,Medalla del segundo lugar,2º lugar Medalha
🥉,3rd place medal,Medalla del 3er lugar,3º lugar Medalha
🆎,AB button (blood type),Botón AB (tipo de sangre),Button AB (tipo sanguíneo)
🏧,ATM sign,Signo de cajero automático,Sinal de caixa eletrônico
🅰️,A button (blood type),Un botón (tipo de sangre),Um botão (tipo sanguíneo)
🅰,A button (blood type),Un botón (tipo de sangre),Um botão (tipo sanguíneo)
🇦🇫,Afghanistan,Afganistán,Afeganistão
🇦🇱,Albania,Albania,Albânia
🇩🇿,Algeria,Argelia,Argélia
🇦🇸,American Samoa,Samoa americana,Samoa americano
🇦🇩,Andorra,Andorra,Andorra
🇦🇴,Angola,Angola,Angola
🇦🇮,Anguilla,Anguila,Anguilla
🇦🇶,Antarctica,Antártida,Antártica
🇦🇬,Antigua & Barbuda,Antigua y Barbuda,Antígua e Barbuda
♒,Aquarius,Acuario,Aquário
🇦🇷,Argentina,Argentina,Argentina
♈,Aries,Aries,Áries
🇦🇲,Armenia,Armenia,Armênia
🇦🇼,Aruba,Aruba,Aruba
🇦🇨,Ascension Island,Isla de ascensión,Ascensão Ilha
🇦🇺,Australia,Australia,Austrália
🇦🇹,Austria,Austria,Áustria
🇦🇿,Azerbaijan,Azerbaiyán,Azerbaijão
🔙,BACK arrow,Flecha trasera,Arrow traseira
🅱️,B button (blood type),Botón B (tipo de sangre),Botão B (tipo sanguíneo)
🅱,B button (blood type),Botón B (tipo de sangre),Botão B (tipo sanguíneo)
🇧🇸,Bahamas,Bahamas,Bahamas
🇧🇭,Bahrain,Bahrain,Bahrein
🇧🇩,Bangladesh,Bangladesh,Bangladesh
🇧🇧,Barbados,Barbados,Barbados
🇧🇾,Belarus,Bielorrusia,Bielorrússia
🇧🇪,Belgium,Bélgica,Bélgica
🇧🇿,Belize,Belgo,Belize
🇧🇯,Benin,Benin,Benin
🇧🇲,Bermuda,islas Bermudas,Bermudas
🇧🇹,Bhutan,Bután,Butão
🇧🇴,Bolivia,Bolivia,Bolívia
🇧🇦,Bosnia & Herzegovina,Bosnia y Herzegovina,Bósnia e Herzegovina
🇧🇼,Botswana,Botswana,Botswana
🇧🇻,Bouvet Island,Isla bouvet,Ilha Bouvet
🇧🇷,Brazil,Brasil,Brasil
🇮🇴,British Indian Ocean Territory,Territorio del Océano Índico británico,Território do Oceano Índico Britânico
🇻🇬,British Virgin Islands,Islas Vírgenes Británicas,Ilhas Virgens Britânicas
🇧🇳,Brunei,Brunei,Brunei
🇧🇬,Bulgaria,Bulgaria,Bulgária
🇧🇫,Burkina Faso,Burkina Faso,Burkina Faso
🇧🇮,Burundi,Burundi,Burundi
🆑,CL button,Botón CL,Button Cl
🆒,COOL button,Botón genial,Botão legal
🇰🇭,Cambodia,Camboya,Camboja
🇨🇲,Cameroon,Camerún,Camarões
🇨🇦,Canada,Canadá,Canadá
🇮🇨,Canary Islands,Canarias,Ilhas Canárias
♋,Cancer,Cáncer,Câncer
🇨🇻,Cape Verde,Cabo Verde,Cabo Verde
♑,Capricorn,Capricornio,Capricórnio
🇧🇶,Caribbean Netherlands,Países Bajos del Caribe,Holanda do Caribe
🇰🇾,Cayman Islands,Islas Caimán,Ilhas Cayman
🇨🇫,Central African Republic,República Centroafricana,República da África Central
🇪🇦,Ceuta & Melilla,Ceuta y Melilla,Ceuta & Melilla
🇹🇩,Chad,Chad,Chade
🇨🇱,Chile,Chile,Chile
🇨🇳,China,Porcelana,China
🇨🇽,Christmas Island,Isla de Navidad,Ilha Natal
🎄,Christmas tree,árbol de Navidad,árvore de Natal
🇨🇵,Clipperton Island,Isla Clipperton,Ilha de Clipperton
🇨🇨,Cocos (Keeling) Islands,Islas Cocos (Keeling),Ilhas Cocos (Keeling)
🇨🇴,Colombia,Colombia,Colômbia
🇰🇲,Comoros,Comoras,Comores
🇨🇬,Congo-Brazzaville,Congo-Brazzaville,Congo-Brazzaville
🇨🇩,Congo-Kinshasa,Congo-quinshasa,Congo-Kinshasa
🇨🇰,Cook Islands,Islas Cook,Ilhas cozinheiras
🇨🇷,Costa Rica,Costa Rica,Costa Rica
🇭🇷,Croatia,Croacia,Croácia
🇨🇺,Cuba,Cuba,Cuba
🇨🇼,Curaçao,Curaçao,Curaçao
🇨🇾,Cyprus,Chipre,Chipre
🇨🇿,Czechia,Chequia,Tchechia
🇨🇮,Côte d’Ivoire,Costa de Marfil,Costa do Marfim
🇩🇰,Denmark,Dinamarca,Dinamarca
🇩🇬,Diego Garcia,Diego García,Diego Garcia
🇩🇯,Djibouti,Djibouti,Djibuti
🇩🇲,Dominica,Dominio,Dominica
🇩🇴,Dominican Republic,República Dominicana,República Dominicana
🔚,END arrow,Flecha final,Flecha final
🇪🇨,Ecuador,Ecuador,Equador
🇪🇬,Egypt,Egipto,Egito
🇸🇻,El Salvador,El Salvador,El Salvador
🏴󠁧󠁢󠁥󠁮󠁧󠁿,England,Inglaterra,Inglaterra
🇬🇶,Equatorial Guinea,Guinea Ecuatorial,Guiné Equatorial
🇪🇷,Eritrea,Eritrea,Eritreia
🇪🇪,Estonia,Estonia,Estônia
🇸🇿,Eswatini,Eswatini,Eswatini
🇪🇹,Ethiopia,Etiopía,Etiópia
🇪🇺,European Union,unión Europea,União Europeia
🆓,FREE button,Botón libre,Botão grátis
🇫🇰,Falkland Islands,Islas Malvinas,Ilhas das Malvinas
🇫🇴,Faroe Islands,Islas Feroe,Ilhas Faroe
🇫🇯,Fiji,Fiji,Fiji
🇫🇮,Finland,Finlandia,Finlândia
🇫🇷,France,Francia,França
🇬🇫,French Guiana,Guayana Francesa,Guiana francesa
🇵🇫,French Polynesia,Polinesia francesa,Polinésia francesa
🇹🇫,French Southern Territories,Territorios del sur francés,Territórios do Sul da França
🇬🇦,Gabon,Gabón,Gabão
🇬🇲,Gambia,Gambia,Gâmbia
♊,Gemini,Géminis,Gêmeos
🇬🇪,Georgia,Georgia,Geórgia
🇩🇪,Germany,Alemania,Alemanha
🇬🇭,Ghana,Ghana,Gana
🇬🇮,Gibraltar,Gibraltar,Gibraltar
🇬🇷,Greece,Grecia,Grécia
🇬🇱,Greenland,Tierra Verde,Groenlândia
🇬🇩,Grenada,Granada,Granada
🇬🇵,Guadeloupe,Guadeloupo,Guadalupe
🇬🇺,Guam,Guam,Guam
🇬🇹,Guatemala,Guatemala,Guatemala
🇬🇬,Guernsey,Guía,Guernsey
🇬🇳,Guinea,Guinea,Guiné
🇬🇼,Guinea-Bissau,Guinea-Bissau,Guiné-bissau
🇬🇾,Guyana,Guayana,Guiana
🇭🇹,Haiti,Haití,Haiti
🇭🇲,Heard & McDonald Islands,Heard & McDonald Islands,Ilhas Heard & McDonald
🇭🇳,Honduras,Honduras,Honduras
🇭🇰,Hong Kong SAR China,Hong Kong Sar China,Hong Kong Sar China
🇭🇺,Hungary,Hungría,Hungria
🆔,ID button,Botón de identificación,Botão de identificação
🇮🇸,Iceland,Islandia,Islândia
🇮🇳,India,India,Índia
🇮🇩,Indonesia,Indonesia,Indonésia
🇮🇷,Iran,Irán,Irã
🇮🇶,Iraq,Irak,Iraque
🇮🇪,Ireland,Irlanda,Irlanda
🇮🇲,Isle of Man,Isla del hombre,Ilha de Homem
🇮🇱,Israel,Israel,Israel
🇮🇹,Italy,Italia,Itália
🇯🇲,Jamaica,Jamaica,Jamaica
🇯🇵,Japan,Japón,Japão
🉑,Japanese acceptable button,Botón aceptable japonés,Botão aceitável japonês
🈸,Japanese application button,Botón de aplicación japonés,Botão de aplicativo japonês
🉐,Japanese bargain button,Botón de ganga japonesa,Botão japonês de barganha
🏯,Japanese castle,Castillo japonés,Castelo japonês
㊗️,Japanese congratulations button,Botón de felicitaciones japonesas,Botão Japonês Parabéns
㊗,Japanese congratulations button,Botón de felicitaciones japonesas,Botão Japonês Parabéns
🈹,Japanese discount button,Botón de descuento japonés,Botão de desconto japonês
🎎,Japanese dolls,Muñecas japonesas,Bonecas japonesas
🈚,Japanese free of charge button,Botón Japonés sin cargo,Botão japonês gratuito
🈁,Japanese here button,Botón japonés aquí,Botão japonês aqui
🈷️,Japanese monthly amount button,Botón de cantidad mensual japonesa,Botão de valor mensal japonês
🈷,Japanese monthly amount button,Botón de cantidad mensual japonesa,Botão de valor mensal japonês
🈵,Japanese no vacancy button,Botón japonés sin vacante,Botão Japonês Sem Vacação
🈶,Japanese not free of charge button,Japonés no es un botón gratuito,Japonês não é gratuito botão de carga
🈺,Japanese open for business button,Japonés abierto para el botón de negocios,Japonês aberto para o botão de negócios
🈴,Japanese passing grade button,Botón de grado de paso japonés,Botão Japonês de Passagem
🏣,Japanese post office,Oficina de correos japonesa,Correios japoneses
🈲,Japanese prohibited button,Botón japonés prohibido,Botão japonês proibido
🈯,Japanese reserved button,Botón reservado japonés,Botão japonês reservado
㊙️,Japanese secret button,Botón secreto japonés,Botão secreto japonês
㊙,Japanese secret button,Botón secreto japonés,Botão secreto japonês
🈂️,Japanese service charge button,Botón de cargo por servicio japonés,Botão de carga de serviço japonês
🈂,Japanese service charge button,Botón de cargo por servicio japonés,Botão de carga de serviço japonês
🔰,Japanese symbol for beginner,Símbolo japonés para principiante,Símbolo japonês para iniciantes
🈳,Japanese vacancy button,Botón de vacante japonés,Botão de vacância japonesa
🇯🇪,Jersey,Jersey,Jersey
🇯🇴,Jordan,Jordán,Jordânia
🇰🇿,Kazakhstan,Kazajstán,Cazaquistão
🇰🇪,Kenya,Kenia,Quênia
🇰🇮,Kiribati,Kiribati,Kiribati
🇽🇰,Kosovo,Kosovo,Kosovo
🇰🇼,Kuwait,Kuwait,Kuwait
🇰🇬,Kyrgyzstan,Kirguistán,Quirguistão
🇱🇦,Laos,Laos,Laos
🇱🇻,Latvia,Letonia,Letônia
🇱🇧,Lebanon,Líbano,Líbano
♌,Leo,León,Leo
🇱🇸,Lesotho,Lesoto,Lesoto
🇱🇷,Liberia,Liberia,Libéria
♎,Libra,Libra,Libra
🇱🇾,Libya,Libia,Líbia
🇱🇮,Liechtenstein,Liechtenstein,Liechtenstein
🇱🇹,Lithuania,Lituania,Lituânia
🇱🇺,Luxembourg,Luxemburgo,Luxemburgo
🇲🇴,Macao SAR China,Macao SAR China,Macau Sar China
🇲🇬,Madagascar,Madagascar,Madagáscar
🇲🇼,Malawi,Malawi,Malawi
🇲🇾,Malaysia,Malasia,Malásia
🇲🇻,Maldives,Maldivas,Maldivas
🇲🇱,Mali,Malí,Mali
🇲🇹,Malta,Malta,Malta
🇲🇭,Marshall Islands,Islas Marshall,Ilhas Marshall
🇲🇶,Martinique,Martinica,Martinica
🇲🇷,Mauritania,Mauritania,Mauritânia
🇲🇺,Mauritius,Mauricio,Maurício
🇾🇹,Mayotte,Mayotte,Mayotte
🇲🇽,Mexico,México,México
🇫🇲,Micronesia,Micronesia,Micronésia
🇲🇩,Moldova,Moldava,Moldávia
🇲🇨,Monaco,Mónaco,Mônaco
🇲🇳,Mongolia,Mongolia,Mongólia
🇲🇪,Montenegro,Montenegro,Montenegro
🇲🇸,Montserrat,Montserrat,Montserrat
🇲🇦,Morocco,Marruecos,Marrocos
🇲🇿,Mozambique,Mozambique,Moçambique
🤶,Mrs. Claus,Sra. Claus,Sra. Claus
🤶🏿,Mrs. Claus dark skin tone,Sra. Claus Tono de piel oscura,Sra. Claus Tom de pele escura
🤶🏻,Mrs. Claus light skin tone,Sra. Claus Light Skin Tone,Sra. Claus Tom de pele leve
🤶🏾,Mrs. Claus medium-dark skin tone,Sra. Claus Tono de piel medio-oscuridad,Sra. Claus Tom de pele média-escuro
🤶🏼,Mrs. Claus medium-light skin tone,Sra. Claus tono de piel de luz media,Sra. Claus Tom de pele de luz média
🤶🏽,Mrs. Claus medium skin tone,Sra. Claus tono de piel mediana,Sra. Claus Tom de pele média
🧑‍🎄,Mx Claus,Mx Claus,Mx Claus
🧑🏿‍🎄,Mx Claus dark skin tone,Tono de piel oscura mx Claus,MX Claus Tom de pele escura
🧑🏻‍🎄,Mx Claus light skin tone,Tono de piel claro mx Claus,Tom de pele leve mx claus
🧑🏾‍🎄,Mx Claus medium-dark skin tone,MX CLAUS Medium-Dark Skin Tono,Tom de pele MX Claus Medium-escuro
🧑🏼‍🎄,Mx Claus medium-light skin tone,MX CLAUS Tono de piel de luz media,Tom de pele de luz média MX Claus
🧑🏽‍🎄,Mx Claus medium skin tone,Tono de piel mediana mx Claus,Tom de pele média claus mx
🇲🇲,Myanmar (Burma),Myanmar (Birmania),Mianmar (Birmânia)
🆕,NEW button,Nuevo botón,Novo botão
🆖,NG button,Botón ng,Botão ng
🇳🇦,Namibia,Namibia,Namíbia
🇳🇷,Nauru,Nauru,Nauru
🇳🇵,Nepal,Nepal,Nepal
🇳🇱,Netherlands,Países Bajos,Holanda
🇳🇨,New Caledonia,Nueva Caledonia,Nova Caledônia
🇳🇿,New Zealand,Nueva Zelanda,Nova Zelândia
🇳🇮,Nicaragua,Nicaragua,Nicarágua
🇳🇪,Niger,Níger,Níger
🇳🇬,Nigeria,Nigeria,Nigéria
🇳🇺,Niue,Niue,Niue
🇳🇫,Norfolk Island,Isla Norfolk,Ilha de Norfolk
🇰🇵,North Korea,Corea del Norte,Coréia do Norte
🇲🇰,North Macedonia,Macedonia del Norte,Macedônia do Norte
🇲🇵,Northern Mariana Islands,Islas Marianas del Norte,Ilhas do norte da Mariana
🇳🇴,Norway,Noruega,Noruega
🆗,OK button,Botón OK,Botão OK
👌,OK hand,Ok mano,OK mão
👌🏿,OK hand dark skin tone,Ok Hand Dark Skin Tone,Ok Hand Skin Tom
👌🏻,OK hand light skin tone,Ok tono de piel de luz manual,Ok Tom de pele leve à mão
👌🏾,OK hand medium-dark skin tone,Ok tono de piel medio-oscuridad de la mano,"Ok, mão, tom de pele média-escuro"
👌🏼,OK hand medium-light skin tone,Ok tono de piel de luz media manual,Ok tom de pele de luz média de mão
👌🏽,OK hand medium skin tone,Ok tono de piel mediana de mano,Ok Hand Medium Skin Tom
🔛,ON! arrow,¡EN! flecha,SOBRE! seta
🅾️,O button (blood type),O botón (tipo de sangre),O botão (tipo sanguíneo)
🅾,O button (blood type),O botón (tipo de sangre),O botão (tipo sanguíneo)
🇴🇲,Oman,Omán,Omã
⛎,Ophiuchus,Ofiuco,Ophiuchus
🅿️,P button,Potón P,Botão p
🅿,P button,Potón P,Botão p
🇵🇰,Pakistan,Pakistán,Paquistão
🇵🇼,Palau,Palau,Palau
🇵🇸,Palestinian Territories,Territorios palestinos,Territórios palestinos
🇵🇦,Panama,Panamá,Panamá
🇵🇬,Papua New Guinea,Papúa Nueva Guinea,Papua Nova Guiné
🇵🇾,Paraguay,Paraguay,Paraguai
🇵🇪,Peru,Perú,Peru
🇵🇭,Philippines,Filipinas,Filipinas
♓,Pisces,Piscis,Peixes
🇵🇳,Pitcairn Islands,Islas Pitcairn,Ilhas Pitcairn
🇵🇱,Poland,Polonia,Polônia
🇵🇹,Portugal,Portugal,Portugal
🇵🇷,Puerto Rico,Puerto Rico,Porto Rico
🇶🇦,Qatar,Katar,Catar
🇷🇴,Romania,Rumania,Romênia
🇷🇺,Russia,Rusia,Rússia
🇷🇼,Rwanda,Ruanda,Ruanda
🇷🇪,Réunion,Reunión,Reunião
🔜,SOON arrow,Pronto Arrow,Logo seta
🆘,SOS button,Botón SOS,Botão SOS
♐,Sagittarius,Sagitario,Sagitário
🇼🇸,Samoa,Samoa,Samoa
🇸🇲,San Marino,San Marino,San Marino
🎅,Santa Claus,Papá Noel,Papai Noel
🎅🏿,Santa Claus dark skin tone,Tono de piel oscura de Santa Claus,Tom de pele escura do Papai Noel
🎅🏻,Santa Claus light skin tone,Tono de piel clara de Santa Claus,Tom de pele leve do Papai Noel
🎅🏾,Santa Claus medium-dark skin tone,Tono de piel de Santa Claus Medium-Dark,Tom de pele de médio escuro de Papai Noel
🎅🏼,Santa Claus medium-light skin tone,Tono de piel de luz media de Santa Claus,Tom de pele de luz média do Papai Noel
🎅🏽,Santa Claus medium skin tone,Tono de piel mediana de Santa Claus,Tom de pele média do Papai Noel
🇨🇶,Sark,Sark,Sark
🇸🇦,Saudi Arabia,Arabia Saudita,Arábia Saudita
♏,Scorpio,Escorpión,Escorpião
🏴󠁧󠁢󠁳󠁣󠁴󠁿,Scotland,Escocia,Escócia
🇸🇳,Senegal,Senegal,Senegal
🇷🇸,Serbia,Serbia,Sérvia
🇸🇨,Seychelles,Seychelles,Seychelles
🇸🇱,Sierra Leone,Sierra Leona,Serra Leoa
🇸🇬,Singapore,Singapur,Cingapura
🇸🇽,Sint Maarten,Sint Maarten,Sint Maarten
🇸🇰,Slovakia,Eslovaquia,Eslováquia
🇸🇮,Slovenia,Eslovenia,Eslovênia
🇸🇧,Solomon Islands,Islas Salomón,Ilhas Salomão
🇸🇴,Somalia,Somalia,Somália
🇿🇦,South Africa,Sudáfrica,África do Sul
🇬🇸,South Georgia & South Sandwich Islands,South Georgia e Islas Sandwich South,Ilhas do Sul da Geórgia e Sul Sandwich
🇰🇷,South Korea,Corea del Sur,Coréia do Sul
🇸🇸,South Sudan,Sudán del Sur,Sudão do Sul
🇪🇸,Spain,España,Espanha
🇱🇰,Sri Lanka,Sri Lanka,Sri Lanka
🇧🇱,St. Barthélemy,San Barthélemy,São Barthélemy
🇸🇭,St. Helena,Santa Helena,Santa Helena
🇰🇳,St. Kitts & Nevis,San Kitts y Nevis,St. Kitts & Nevis
🇱🇨,St. Lucia,Santa Lucía,St. Lucia
🇲🇫,St. Martin,San Martín,St. Martin
🇵🇲,St. Pierre & Miquelon,St. Pierre y Miquelon,St. Pierre & Miquelon
🇻🇨,St. Vincent & Grenadines,San Vicente y Granadines,São Vicente e Granadinas
🗽,Statue of Liberty,Estatua de la libertad,Estátua da liberdade
🇸🇩,Sudan,Sudán,Sudão
🇸🇷,Suriname,Surinam,Suriname
🇸🇯,Svalbard & Jan Mayen,Svalbard y Jan Mayen,Svalbard e Jan Mayen
🇸🇪,Sweden,Suecia,Suécia
🇨🇭,Switzerland,Suiza,Suíça
🇸🇾,Syria,Siria,Síria
🇸🇹,São Tomé & Príncipe,São Tomé y Príncipe,São Tomé e Príncipe
🦖,T-Rex,T-rex,T-Rex
🔝,TOP arrow,Flecha superior,Arqueiro superior
🇹🇼,Taiwan,Taiwán,Taiwan
🇹🇯,Tajikistan,Tayikistán,Tajiquistão
🇹🇿,Tanzania,Tanzania,Tanzânia
♉,Taurus,Tauro,Touro
🇹🇭,Thailand,Tailandia,Tailândia
🇹🇱,Timor-Leste,Timor-Leste,Timor-Leste
🇹🇬,Togo,Ir,Ir
🇹🇰,Tokelau,Tokelau,Tokelau
🗼,Tokyo tower,Torre de Tokio,Torre de Tóquio
🇹🇴,Tonga,Tonga,Tonga
🇹🇹,Trinidad & Tobago,Trinidad y Tobago,Trinidad e Tobago
🇹🇦,Tristan da Cunha,Tristan da cunha,Tristan da Cunha
🇹🇳,Tunisia,Túnez,Tunísia
🇹🇲,Turkmenistan,Turkmenistán,Turquemenistão
🇹🇨,Turks & Caicos Islands,Islas Turcas y Caicos,Ilhas Turks e Caicos
🇹🇻,Tuvalu,Tuvalu,Tuvalu
🇹🇷,Türkiye,Türkiye,Türkiye
🇺🇲,U.S. Outlying Islands,Islas periféricas de EE. UU.,Ilhas periféricas dos EUA
🇻🇮,U.S. Virgin Islands,Islas Vírgenes de EE. UU.,Ilhas Virgens dos EUA
🆙,UP! button,¡ARRIBA! botón,ACIMA! botão
🇺🇬,Uganda,Uganda,Uganda
🇺🇦,Ukraine,Ucrania,Ucrânia
🇦🇪,United Arab Emirates,Emiratos Árabes Unidos,Emirados Árabes Unidos
🇬🇧,United Kingdom,Reino Unido,Reino Unido
🇺🇳,United Nations,Naciones Unidas,Nações Unidas
🇺🇸,United States,Estados Unidos,Estados Unidos
🇺🇾,Uruguay,Uruguay,Uruguai
🇺🇿,Uzbekistan,Uzbekistán,Uzbequistão
🆚,VS button,VS BOTÓN,Vs botão
🇻🇺,Vanuatu,Vanuatu,Vanuatu
🇻🇦,Vatican City,Ciudad del Vaticano,Cidade do Vaticano
🇻🇪,Venezuela,Venezuela,Venezuela
🇻🇳,Vietnam,Vietnam,Vietnã
♍,Virgo,Virgo,Virgem
🏴󠁧󠁢󠁷󠁬󠁳󠁿,Wales,Gales,Gales
🇼🇫,Wallis & Futuna,Wallis y Futuna,Wallis & Futuna
🇪🇭,Western Sahara,Sahara occidental,Saara Ocidental
🇾🇪,Yemen,Yemen,Iémen
💤,ZZZ,Zzz,Zzz
🇿🇲,Zambia,Zambia,Zâmbia
🇿🇼,Zimbabwe,Zimbabue,Zimbábue
🧮,abacus,ábaco,ábaco
🪗,accordion,acordeón,acordeão
🩹,adhesive bandage,tirita,bandagem adesiva
🎟️,admission tickets,boletos de admisión,Bilhetes de admissão
🎟,admission tickets,boletos de admisión,Bilhetes de admissão
🚡,aerial tramway,tranvía aéreo,Tramway aéreo
✈️,airplane,avión,avião
✈,airplane,avión,avião
🛬,airplane arrival,llegada de avión,Chegada de avião
🛫,airplane departure,partida de avión,partida do avião
⏰,alarm clock,despertador,despertador
⚗️,alembic,alambique,alambique
⚗,alembic,alambique,alambique
👽,alien,extranjero,estrangeiro
👾,alien monster,monstruo alienígena,Monstro Alien
🚑,ambulance,ambulancia,ambulância
🏈,american football,fútbol americano,futebol americano
🏺,amphora,ánfora,Anfora
🫀,anatomical heart,corazón anatómico,coração anatômico
⚓,anchor,ancla,âncora
💢,anger symbol,símbolo de ira,símbolo de raiva
😠,angry face,cara enojada,rosto zangado
👿,angry face with horns,cara enojada con cuernos,rosto zangado com chifres
😧,anguished face,cara angustiada,rosto angustiado
🐜,ant,hormiga,formiga
📶,antenna bars,barras de antena,Barras de antena
😰,anxious face with sweat,cara ansiosa con sudor,rosto ansioso de suor
🚛,articulated lorry,camión articulado,caminhada articulada
🧑‍🎨,artist,artista,artista
🧑🏿‍🎨,artist dark skin tone,artista tono de piel oscura,Artista Dark Skin Tom
🧑🏻‍🎨,artist light skin tone,Tono de piel clara del artista,Tom de pele leve do artista
🧑🏾‍🎨,artist medium-dark skin tone,artista tono de piel mediano-oscuridad,Tom de pele do artista médio escuro
🧑🏼‍🎨,artist medium-light skin tone,artista tono de piel de luz media,Tom de pele de luz média de artista
🧑🏽‍🎨,artist medium skin tone,Tono de piel mediana artista,Tom de pele média do artista
🎨,artist palette,paleta de artistas,paleta de artistas
😲,astonished face,cara asombrada,rosto surpreso
🧑‍🚀,astronaut,astronauta,astronauta
🧑🏿‍🚀,astronaut dark skin tone,Astronaut tono de piel oscura,Astronauta Tom da pele escura
🧑🏻‍🚀,astronaut light skin tone,tono de piel clara de astronauta,tom de pele de astronauta
🧑🏾‍🚀,astronaut medium-dark skin tone,tono de piel de astronauta medio-oscuridad,Tom de pele de astronauta-escuro
🧑🏼‍🚀,astronaut medium-light skin tone,tono de piel de la luz media astronauta,Tom de pele de luz média de astronauta
🧑🏽‍🚀,astronaut medium skin tone,tono de piel mediana astronauta,tom de pele média de astronauta
⚛️,atom symbol,símbolo de átomo,símbolo do átomo
⚛,atom symbol,símbolo de átomo,símbolo do átomo
🛺,auto rickshaw,rickshaw,Auto Rickshaw
🚗,automobile,automóvil,automóvel
🥑,avocado,palta,abacate
🪓,axe,hacha,machado
👶,baby,bebé,bebê
👼,baby angel,ángel bebé,Baby Angel
👼🏿,baby angel dark skin tone,Baby Angel Tono de piel oscura,Baby Angel Dark Skin Tom
👼🏻,baby angel light skin tone,tono de piel de luz de ángel bebé,tom de pele leve de anjo bebê
👼🏾,baby angel medium-dark skin tone,Baby Angel Medium Dark Skin Tono,Baby Angel Medi-Dark Skin Tom
👼🏼,baby angel medium-light skin tone,Baby Angel Tono de piel de luz media,Tom de pele com luz média anjo bebê
👼🏽,baby angel medium skin tone,Baby Angel Tono de piel mediana,Tom de pele média anjo bebê
🍼,baby bottle,biberón,garrafa de bebê
🐤,baby chick,pollito,garota bebê
👶🏿,baby dark skin tone,tono de piel oscura bebé,Baby Dark Skin Tom
👶🏻,baby light skin tone,tono de piel de luz de bebé,tom de pele leve para bebê
👶🏾,baby medium-dark skin tone,tono de piel de la oscuridad media bebé,tom de pele de médio escuro bebê
👶🏼,baby medium-light skin tone,tono de piel de luz media bebé,Tom de pele com luz média bebê
👶🏽,baby medium skin tone,tono de piel mediana bebé,Tom de pele média bebê
🚼,baby symbol,símbolo de bebé,Símbolo de bebê
👇,backhand index pointing down,índice de revés apuntando hacia abajo,Índice de backhand apontando para baixo
👇🏿,backhand index pointing down dark skin tone,índice de revés apuntando por tono de piel oscura,Índice de backhand apontando para baixo do tom escuro
👇🏻,backhand index pointing down light skin tone,índice de revés apuntando hacia abajo tono de piel clara,Índice de backhand apontando para baixo do tom de pele leve
👇🏾,backhand index pointing down medium-dark skin tone,Índice de revés apuntando con tono de piel medio-oscuridad,Índice de backhand apontando para baixo tom de pele de médio escuro
👇🏼,backhand index pointing down medium-light skin tone,índice de revés apuntando con tono de piel de luz media,Índice de backhand apontando para baixo tom de pele de luz média
👇🏽,backhand index pointing down medium skin tone,índice de revés apuntando hacia abajo tono de piel mediana,Índice de backhand apontando para baixo do tom de pele média
👈,backhand index pointing left,índice de revés apuntando a la izquierda,Índice de backhand apontando para a esquerda
👈🏿,backhand index pointing left dark skin tone,Índice de revés apuntando tono de piel oscura izquierda,Índice de backhand apontando tom de pele escura esquerda
👈🏻,backhand index pointing left light skin tone,índice de revés apuntando tono de piel de luz izquierda,Índice de backhand apontando tom de pele claro esquerdo
👈🏾,backhand index pointing left medium-dark skin tone,Índice de revés apuntando tono de piel de oscuridad media izquierda,Índice de backhand apontando para o tom de pele de médio escuro esquerdo
👈🏼,backhand index pointing left medium-light skin tone,índice de revés apuntando tono de piel de luz media izquierda,Índice de backhand apontando tom de pele esquerda para luz média
👈🏽,backhand index pointing left medium skin tone,índice de revés apuntando tono de piel mediana izquierda,Índice de backhand apontando para o tom de pele média esquerda
👉,backhand index pointing right,índice de revés apuntando a la derecha,Índice de backhand apontando direito
👉🏿,backhand index pointing right dark skin tone,índice de revés apuntando a la derecha tono de piel oscura,Índice de backhand apontando tom de pele escura direita
👉🏻,backhand index pointing right light skin tone,Índice de revés apuntando a la luz derecha de la piel clara,Índice de backhand apontando tom de pele clara certa
👉🏾,backhand index pointing right medium-dark skin tone,Índice de revés apuntando a la derecha tono de piel medio-oscuridad,Índice de backhand apontando o tom de pele média-escuro à direita
👉🏼,backhand index pointing right medium-light skin tone,índice de revés apuntando a la derecha tono de piel de luz media,Índice de backhand apontando tom de pele de luz média direita
👉🏽,backhand index pointing right medium skin tone,índice de revés apuntando a la derecha tono de piel media,Índice de backhand apontando tom de pele média direita
👆,backhand index pointing up,índice de revés apuntando hacia arriba,Índice de backhand apontando para cima
👆🏿,backhand index pointing up dark skin tone,índice de revés apuntando al tono de piel oscura,Índice de backhand apontando para cima do tom escuro
👆🏻,backhand index pointing up light skin tone,Índice de revés apuntando al tono de piel clara,Índice de backhand apontando para cima do tom da pele clara
👆🏾,backhand index pointing up medium-dark skin tone,Índice de revés apuntando al tono de piel medio-oscuridad,Índice de backhand apontando para cima do tom de pele média-escuro
👆🏼,backhand index pointing up medium-light skin tone,índice de revés apuntando al tono de piel de luz media,Índice de backhand apontando para cima do tom da pele de luz média
👆🏽,backhand index pointing up medium skin tone,índice de revés apuntando al tono de piel mediana,Índice de backhand apontando para cima do tom de pele média
🎒,backpack,mochila,mochila
🥓,bacon,tocino,bacon
🦡,badger,tejón,texugo
🏸,badminton,bádminton,badminton
🥯,bagel,rosquilla,bagel
🛄,baggage claim,reclamación de equipaje,reivindicação de bagagem
🥖,baguette bread,pan de la baguette,pão de baguete
⚖️,balance scale,escala de equilibrio,escala de equilíbrio
⚖,balance scale,escala de equilibrio,escala de equilíbrio
🦲,bald,calvo,calvo
🩰,ballet shoes,zapatos de ballet,sapatos de balé
🎈,balloon,globo,balão
🗳️,ballot box with ballot,urnas con boleta,vilotada com votação
🗳,ballot box with ballot,urnas con boleta,vilotada com votação
🍌,banana,banana,banana
🪕,banjo,banjo,banjo
🏦,bank,banco,banco
📊,bar chart,gráfico de barras,gráfico de barras
💈,barber pole,barbero,Polo de barbeiro
⚾,baseball,béisbol,beisebol
🧺,basket,cesta,cesta
🏀,basketball,baloncesto,basquetebol
🦇,bat,murciélago,bastão
🛁,bathtub,bañera,banheira
🔋,battery,batería,bateria
🏖️,beach with umbrella,playa con paraguas,praia com guarda -chuva
🏖,beach with umbrella,playa con paraguas,praia com guarda -chuva
😁,beaming face with smiling eyes,cara radiante con ojos sonrientes,rosto radiante com olhos sorridentes
🫘,beans,frijoles,feijões
🐻,bear,oso,urso
💓,beating heart,latido del corazón,coração batendo
🦫,beaver,castor,castor
🛏️,bed,cama,cama
🛏,bed,cama,cama
🍺,beer mug,taza de cerveza,caneca de cerveja
🪲,beetle,escarabajo,besouro
🔔,bell,campana,sino
🫑,bell pepper,pimiento,pimentão
🔕,bell with slash,campana con corte,sino com barra
🛎️,bellhop bell,campana,Bellhop Bell
🛎,bellhop bell,campana,Bellhop Bell
🍱,bento box,caja de bento,Bento Box
🧃,beverage box,caja de bebidas,Caixa de bebidas
🚲,bicycle,bicicleta,bicicleta
👙,bikini,bikini,bikini
🧢,billed cap,gorra facturada,Cap faturado
☣️,biohazard,biohazard,BioHazard
☣,biohazard,biohazard,BioHazard
🐦,bird,pájaro,pássaro
🎂,birthday cake,torta de cumpleaños,bolo de aniversário
🦬,bison,bisonte,bisonte
🫦,biting lip,mordido,lábio corpulento
🐦‍⬛,black bird,pájaro negro,Black Bird
🐈‍⬛,black cat,gato negro,Gato preto
⚫,black circle,círculo negro,círculo preto
🏴,black flag,bandera negra,Bandeira preta
🖤,black heart,corazón negro,coração negro
⬛,black large square,cuadrado grande negro,Quadrado grande preto
◾,black medium-small square,cuadrado negro-pequeño negro,Quadrado médio-pequeno preto
◼️,black medium square,cuadrado medio negro,Quadrado médio preto
◼,black medium square,cuadrado medio negro,Quadrado médio preto
✒️,black nib,punta negra,Nib preta
✒,black nib,punta negra,Nib preta
▪️,black small square,cuadrado pequeño negro,Quadrado pequeno preto
▪,black small square,cuadrado pequeño negro,Quadrado pequeno preto
🔲,black square button,botón cuadrado negro,Botão quadrado preto
🌼,blossom,florecer,florescer
🐡,blowfish,pescado,Blowfish
📘,blue book,libro azul,Livro azul
🔵,blue circle,círculo azul,Círculo azul
💙,blue heart,corazón azul,coração azul
🟦,blue square,cuadrado azul,quadrado azul
🫐,blueberries,arándanos,mirtilos
🐗,boar,verraco,javali
💣,bomb,bomba,bomba
🦴,bone,hueso,osso
🔖,bookmark,marcador,Marco
📑,bookmark tabs,pestañas de marcadores,guias de favoritos
📚,books,libros,livros
🪃,boomerang,bumerang,bumerangue
🍾,bottle with popping cork,botella con corcho de estallido,garrafa com rolhas de estouro
💐,bouquet,ramo,ramalhete
🏹,bow and arrow,arco y flecha,arco e flecha
🥣,bowl with spoon,tazón con cuchara,tigela com colher
🎳,bowling,bolos,boliche
🥊,boxing glove,guante de boxeo,luva de boxe
👦,boy,chico,garoto
👦🏿,boy dark skin tone,Tono de piel oscura,Tom do menino de pele escura
👦🏻,boy light skin tone,tono de piel clara,Tom de pele leve de menino
👦🏾,boy medium-dark skin tone,tono de piel de color medio oscuro,Tom de pele de menino médio escuro
👦🏼,boy medium-light skin tone,Tono de piel de luz media,Tom de pele de menino com luz média
👦🏽,boy medium skin tone,tono de piel mediana,Tom de pele média de menino
🧠,brain,cerebro,cérebro
🍞,bread,pan,pão
🤱,breast-feeding,amamantamiento,amamentação
🤱🏿,breast-feeding dark skin tone,tono de piel oscura de lactancia materna,tom de pele escura de amamentação
🤱🏻,breast-feeding light skin tone,tono de piel clara de lactancia,tom de pele leve para amamentação
🤱🏾,breast-feeding medium-dark skin tone,tono de piel medio-oscuridad de amamantamiento,Tom de pele de amamentação média-escura
🤱🏼,breast-feeding medium-light skin tone,tono de piel de luz media de lactancia,tom de pele de luz de amamentação de amamentação
🤱🏽,breast-feeding medium skin tone,tono de piel mediana de lactancia,tom de pele média de amamentação
🧱,brick,ladrillo,tijolo
🌉,bridge at night,puente por la noche,ponte à noite
💼,briefcase,maletín,pasta
🩲,briefs,bragas,cuecas
🔆,bright button,botón brillante,Botão brilhante
🥦,broccoli,brócoli,brócolis
⛓️‍💥,broken chain,cadena rota,corrente quebrada
⛓‍💥,broken chain,cadena rota,corrente quebrada
💔,broken heart,corazón roto,coração partido
🧹,broom,escoba,vassoura
🟤,brown circle,círculo marrón,círculo marrom
🤎,brown heart,corazón marrón,coração marrom
🍄‍🟫,brown mushroom,hongo marrón,cogumelo marrom
🟫,brown square,cuadrado marrón,quadrado marrom
🧋,bubble tea,té de burbujas,chá de bolha
🫧,bubbles,burbujas,bolhas
🪣,bucket,balde,balde
🐛,bug,bicho,erro
🏗️,building construction,construcción de edificios,Construção de edifícios
🏗,building construction,construcción de edificios,Construção de edifícios
🚅,bullet train,tren de bala,trem de bala
🎯,bullseye,diana,Bullseye
🌯,burrito,burrito,burrito
🚌,bus,autobús,ônibus
🚏,bus stop,parada de autobús,ponto de ônibus
👤,bust in silhouette,Busto en silueta,Busto em silhueta
👥,busts in silhouette,bustos en silueta,Bustos em silhueta
🧈,butter,manteca,manteiga
🦋,butterfly,mariposa,borboleta
🌵,cactus,cactus,cacto
📅,calendar,calendario,calendário
🤙,call me hand,Llámame mano,me chame de mão
🤙🏿,call me hand dark skin tone,Llámame tono de piel oscura de la mano,me chame de tom de pele escura de mão
🤙🏻,call me hand light skin tone,Llámame tono de piel de luz manual,me chame de tom de pele leve à mão
🤙🏾,call me hand medium-dark skin tone,Llámame tono de piel medio-oscuridad de la mano,me chame de tom de pele média-escura de mão
🤙🏼,call me hand medium-light skin tone,Llámame tono de piel de luz media,me chame de tom de pele de luz média da mão
🤙🏽,call me hand medium skin tone,Llámame tono de piel media,me chame de tom de pele média de mão
🐪,camel,camello,camelo
📷,camera,cámara,câmera
📸,camera with flash,cámara con flash,câmera com flash
🏕️,camping,cámping,camping
🏕,camping,cámping,camping
🕯️,candle,vela,vela
🕯,candle,vela,vela
🍬,candy,dulce,doce
🥫,canned food,alimentos enlatados,comida enlatada
🛶,canoe,canoa,canoa
🗃️,card file box,casilla de archivo de la tarjeta,Caixa de arquivo de cartão
🗃,card file box,casilla de archivo de la tarjeta,Caixa de arquivo de cartão
📇,card index,índice de tarjetas,Índice de cartões
🗂️,card index dividers,divisores de índice de tarjetas,Divisores de índice de cartões
🗂,card index dividers,divisores de índice de tarjetas,Divisores de índice de cartões
🎠,carousel horse,caballo de carrusel,Cavalo de carrossel
🎏,carp streamer,streamer de carpas,streamer de carpa
🪚,carpentry saw,sierra de carpintería,Carpentry viu
🥕,carrot,zanahoria,cenoura
🏰,castle,castillo,castelo
🐈,cat,gato,gato
🐱,cat face,cara de gato,rosto de gato
😹,cat with tears of joy,gato con lágrimas de alegría,gato com lágrimas de alegria
😼,cat with wry smile,gato con sonrisa irónica,gato com sorriso irônico
⛓️,chains,cadenas,correntes
⛓,chains,cadenas,correntes
🪑,chair,silla,cadeira
📉,chart decreasing,disminución del gráfico,Gráfico diminuindo
📈,chart increasing,Aumento de la tabla,Gráfico aumentando
💹,chart increasing with yen,Gráfico que aumenta con yen,Gráfico aumentando com o iene
☑️,check box with check,casilla de verificación con cheque,caixa de seleção com cheque
☑,check box with check,casilla de verificación con cheque,caixa de seleção com cheque
✔️,check mark,Verifique la marca,marca de seleção
✔,check mark,Verifique la marca,marca de seleção
✅,check mark button,Verifique el botón Mark,Verifique o botão da marca
🧀,cheese wedge,cuña de queso,Cunha de queijo
🏁,chequered flag,bandera a cuadros,Bandeira quadriculada
🍒,cherries,guindas,cerejas
🌸,cherry blossom,flor de cerezo,Blossom de cerejeira
♟️,chess pawn,peón de ajedrez,peão de xadrez
♟,chess pawn,peón de ajedrez,peão de xadrez
🌰,chestnut,castaña,castanha
🐔,chicken,pollo,frango
🧒,child,niño,criança
🧒🏿,child dark skin tone,Tono de piel oscura del niño,Tom da pele escura infantil
🧒🏻,child light skin tone,Tono de piel de luz infantil,Tom de pele leve infantil
🧒🏾,child medium-dark skin tone,tono de piel de color medio de niños con niños,Tom de pele média-escuro infantil
🧒🏼,child medium-light skin tone,tono de piel de luz media infantil,Tom de pele de luz média infantil
🧒🏽,child medium skin tone,tono de piel mediana infantil,Tom de pele média infantil
🚸,children crossing,Crossing de niños,crianças atravessando
🐿️,chipmunk,ardiente,Chipmunk
🐿,chipmunk,ardiente,Chipmunk
🍫,chocolate bar,barra de chocolate,barra de chocolate
🥢,chopsticks,palillos,pauzinhos
⛪,church,iglesia,igreja
🚬,cigarette,cigarrillo,cigarro
🎦,cinema,cine,cinema
Ⓜ️,circled M,Circlado M,circular m
Ⓜ,circled M,Circlado M,circular m
🎪,circus tent,tienda de circo,tenda de circo
🏙️,cityscape,paisaje urbano,paisagem urbana
🏙,cityscape,paisaje urbano,paisagem urbana
🌆,cityscape at dusk,paisaje urbano al anochecer,paisagem urbana ao anoitecer
🗜️,clamp,abrazadera,grampo
🗜,clamp,abrazadera,grampo
🎬,clapper board,plebeador,placa de craper
👏,clapping hands,manos aplaudidas,Mãos batendo palmas
👏🏿,clapping hands dark skin tone,tono de piel oscura aplaudiendo las manos,Tom de pele escura de mãos batendo
👏🏻,clapping hands light skin tone,tono de piel claro de las manos aplausos,Tom de pele leve e bate -papo
👏🏾,clapping hands medium-dark skin tone,tono de piel de color medio-oscuridad aplausente,Tom de pele de mãos de mãos batendo palmas
👏🏼,clapping hands medium-light skin tone,Tono de piel de luz media de las manos aplausos,Tom de pele com luz de luz batendo palmas
👏🏽,clapping hands medium skin tone,tono de piel mediana de las manos aplausos,Tom de pele média de mãos
🏛️,classical building,edificio clásico,construção clássica
🏛,classical building,edificio clásico,construção clássica
🍻,clinking beer mugs,tazas de cerveza,Cinguando canecas de cerveja
🥂,clinking glasses,gafas,Espingar copos
📋,clipboard,portapapeles,Praça de transferência
🔃,clockwise vertical arrows,flechas verticales en sentido horario,setas verticais no sentido horário
📕,closed book,libro cerrado,Livro fechado
📪,closed mailbox with lowered flag,buzón cerrado con bandera baja,Caixa de correio fechada com bandeira abaixada
📫,closed mailbox with raised flag,buzón cerrado con bandera elevada,Caixa de correio fechada com bandeira elevada
🌂,closed umbrella,paraguas cerrado,guarda -chuva fechada
☁️,cloud,nube,nuvem
☁,cloud,nube,nuvem
🌩️,cloud with lightning,nube con rayos,nuvem com raios
🌩,cloud with lightning,nube con rayos,nuvem com raios
⛈️,cloud with lightning and rain,nube con rayos y lluvia,nuvem com raios e chuva
⛈,cloud with lightning and rain,nube con rayos y lluvia,nuvem com raios e chuva
🌧️,cloud with rain,nube con lluvia,nuvem com chuva
🌧,cloud with rain,nube con lluvia,nuvem com chuva
🌨️,cloud with snow,nube con nieve,nuvem com neve
🌨,cloud with snow,nube con nieve,nuvem com neve
🤡,clown face,cara de payaso,rosto de palhaço
♣️,club suit,traje de club,traje de clube
♣,club suit,traje de club,traje de clube
👝,clutch bag,bolsa de embrague,Saco de embreagem
🧥,coat,abrigo,casaco
🪳,cockroach,cucaracha,barata
🍸,cocktail glass,cóctel,copo de coquetel
🥥,coconut,Coco,coco
⚰️,coffin,ataúd,caixão
⚰,coffin,ataúd,caixão
🪙,coin,acuñar,moeda
🥶,cold face,cara fría,rosto frio
💥,collision,colisión,colisão
☄️,comet,cometa,cometa
☄,comet,cometa,cometa
🧭,compass,brújula,bússola
💽,computer disk,disco informático,disco do computador
🖱️,computer mouse,mouse de computadora,mouse de computador
🖱,computer mouse,mouse de computadora,mouse de computador
🎊,confetti ball,pelota de confeti,Ball de confete
😖,confounded face,cara confusa,rosto confuso
😕,confused face,cara confundida,rosto confuso
🚧,construction,construcción,construção
👷,construction worker,trabajador de la construcción,trabalhador da construção
👷🏿,construction worker dark skin tone,Tono de piel oscura del trabajador de la construcción,Tom de pele escura do trabalhador da construção
👷🏻,construction worker light skin tone,Tono de piel clara del trabajador de la construcción,Tom de pele clara do trabalhador da construção civil
👷🏾,construction worker medium-dark skin tone,Trabajador de la construcción Tono de piel medio-oscuridad,trabalhador da construção civil-escuro tom de pele
👷🏼,construction worker medium-light skin tone,Trabajador de la construcción Tono de piel de luz media,Tom de pele de leve luz da construção civil
👷🏽,construction worker medium skin tone,Trabajador de construcción Tono de piel mediana,Tom de pele média do trabalhador da construção
🎛️,control knobs,perillas de control,botões de controle
🎛,control knobs,perillas de control,botões de controle
🏪,convenience store,tienda de conveniencia,loja de conveniência
🧑‍🍳,cook,cocinar,cozinhar
🧑🏿‍🍳,cook dark skin tone,Cocinar tono de piel oscura,Cozinhe o tom da pele escura
🧑🏻‍🍳,cook light skin tone,Cocine el tono de piel clara,Cozinhe o tom da pele leve
🧑🏾‍🍳,cook medium-dark skin tone,Cocinar tono de piel de color medio-oscuridad,Cozinhe o tom de pele média-escuro
🧑🏼‍🍳,cook medium-light skin tone,Cocine el tono de piel de luz media,cozinhe tom de pele de luz média
🧑🏽‍🍳,cook medium skin tone,Cocine el tono de piel mediana,cozinhe o tom de pele média
🍚,cooked rice,arroz cocido,arroz cozido
🍪,cookie,galleta,Cookie
🍳,cooking,cocinando,culinária
©️,copyright,derechos de autor,direitos autorais
©,copyright,derechos de autor,direitos autorais
🪸,coral,coral,coral
🛋️,couch and lamp,sofá y lámpara,sofá e lâmpada
🛋,couch and lamp,sofá y lámpara,sofá e lâmpada
🔄,counterclockwise arrows button,botón de flechas en sentido antihorario,Botão de setas no sentido anti -horário
💑,couple with heart,Pareja de corazón,casal com coração
💑🏿,couple with heart dark skin tone,pareja con corazón tono de piel oscura,casal com tom de pele escura do coração
💑🏻,couple with heart light skin tone,Pareja con tono de piel clara de corazón,casal com tom de pele leve
👨‍❤️‍👨,couple with heart man man,Pareja con corazón hombre hombre,Casal com o Homem do Coração
👨‍❤‍👨,couple with heart man man,Pareja con corazón hombre hombre,Casal com o Homem do Coração
👨🏿‍❤️‍👨🏿,couple with heart man man dark skin tone,pareja con corazón hombre hombre tono de piel oscura,Casal com o tom de pele do homem do coração
👨🏿‍❤‍👨🏿,couple with heart man man dark skin tone,pareja con corazón hombre hombre tono de piel oscura,Casal com o tom de pele do homem do coração
👨🏿‍❤️‍👨🏻,couple with heart man man dark skin tone light skin tone,pareja con corazón hombre hombre tono de piel oscura tono de piel claro,Casal com o homem do coração homem escuro tom de pele clara tom de pele
👨🏿‍❤‍👨🏻,couple with heart man man dark skin tone light skin tone,pareja con corazón hombre hombre tono de piel oscura tono de piel claro,Casal com o homem do coração homem escuro tom de pele clara tom de pele
👨🏿‍❤️‍👨🏾,couple with heart man man dark skin tone medium-dark skin tone,pareja con corazón hombre hombre tono de piel oscura tono de piel medio-oscuridad,"Casal com o homem do coração, homem de pele escura tom de pele média escura"
👨🏿‍❤‍👨🏾,couple with heart man man dark skin tone medium-dark skin tone,pareja con corazón hombre hombre tono de piel oscura tono de piel medio-oscuridad,"Casal com o homem do coração, homem de pele escura tom de pele média escura"
👨🏿‍❤️‍👨🏼,couple with heart man man dark skin tone medium-light skin tone,pareja con corazón hombre hombre tono de piel oscura tono de piel de luz media,Casal com o tom de coração do homem de coração escuro tom de pele média
👨🏿‍❤‍👨🏼,couple with heart man man dark skin tone medium-light skin tone,pareja con corazón hombre hombre tono de piel oscura tono de piel de luz media,Casal com o tom de coração do homem de coração escuro tom de pele média
👨🏿‍❤️‍👨🏽,couple with heart man man dark skin tone medium skin tone,pareja con corazón hombre hombre tono de piel oscura tono de piel mediana,Casal com tom de coração de homem de coração escuro tom de pele média
👨🏿‍❤‍👨🏽,couple with heart man man dark skin tone medium skin tone,pareja con corazón hombre hombre tono de piel oscura tono de piel mediana,Casal com tom de coração de homem de coração escuro tom de pele média
👨🏻‍❤️‍👨🏻,couple with heart man man light skin tone,pareja con corazón hombre hombre tono de piel claro,Casal com tom de pele leve de homem homem
👨🏻‍❤‍👨🏻,couple with heart man man light skin tone,pareja con corazón hombre hombre tono de piel claro,Casal com tom de pele leve de homem homem
👨🏻‍❤️‍👨🏿,couple with heart man man light skin tone dark skin tone,pareja con corazón hombre hombre tono de piel claro tono de piel oscura,Casal com tom de coração de homem de coração tom de pele clara tom de pele escura
👨🏻‍❤‍👨🏿,couple with heart man man light skin tone dark skin tone,pareja con corazón hombre hombre tono de piel claro tono de piel oscura,Casal com tom de coração de homem de coração tom de pele clara tom de pele escura
👨🏻‍❤️‍👨🏾,couple with heart man man light skin tone medium-dark skin tone,Pareja con corazón hombre tono de piel de piel clara de piel clara,casal com tom de coração de homem leve tom de pele leve
👨🏻‍❤‍👨🏾,couple with heart man man light skin tone medium-dark skin tone,Pareja con corazón hombre tono de piel de piel clara de piel clara,casal com tom de coração de homem leve tom de pele leve
👨🏻‍❤️‍👨🏼,couple with heart man man light skin tone medium-light skin tone,Tono de piel de piel de pareja con corazón hombre tono de piel de luz media,"casal com tom de coração de homem leve, tom de pele leve, tom de luz média"
👨🏻‍❤‍👨🏼,couple with heart man man light skin tone medium-light skin tone,Tono de piel de piel de pareja con corazón hombre tono de piel de luz media,"casal com tom de coração de homem leve, tom de pele leve, tom de luz média"
👨🏻‍❤️‍👨🏽,couple with heart man man light skin tone medium skin tone,pareja con corazón hombre hombre tono de piel claro tono de piel mediana,casal com tom de coração de homem leve tom de pele leve tom de pele média
👨🏻‍❤‍👨🏽,couple with heart man man light skin tone medium skin tone,pareja con corazón hombre hombre tono de piel claro tono de piel mediana,casal com tom de coração de homem leve tom de pele leve tom de pele média
👨🏾‍❤️‍👨🏾,couple with heart man man medium-dark skin tone,pareja con corazón hombre hombre tono de piel medio-oscuridad,Casal com o tom de pele do Homem do Coração Médio
👨🏾‍❤‍👨🏾,couple with heart man man medium-dark skin tone,pareja con corazón hombre hombre tono de piel medio-oscuridad,Casal com o tom de pele do Homem do Coração Médio
👨🏾‍❤️‍👨🏿,couple with heart man man medium-dark skin tone dark skin tone,pareja con corazón hombre hombre tono de piel medio-oscuridad tono de piel oscura,Casal com o tom de coração do homem do homem de coração escuro tom de pele escura
👨🏾‍❤‍👨🏿,couple with heart man man medium-dark skin tone dark skin tone,pareja con corazón hombre hombre tono de piel medio-oscuridad tono de piel oscura,Casal com o tom de coração do homem do homem de coração escuro tom de pele escura
👨🏾‍❤️‍👨🏻,couple with heart man man medium-dark skin tone light skin tone,pareja con corazón hombre hombre tono de piel de piel mediana dark tono de piel,casal com homem de coração homem-médio-escuro tom de pele leve tom de pele
👨🏾‍❤‍👨🏻,couple with heart man man medium-dark skin tone light skin tone,pareja con corazón hombre hombre tono de piel de piel mediana dark tono de piel,casal com homem de coração homem-médio-escuro tom de pele leve tom de pele
👨🏾‍❤️‍👨🏼,couple with heart man man medium-dark skin tone medium-light skin tone,pareja con corazón hombre hombre tono de piel mediano-dark tono de piel mediana,Casal com o tom de coração de homem de coração médio-escuro tom de pele média
👨🏾‍❤‍👨🏼,couple with heart man man medium-dark skin tone medium-light skin tone,pareja con corazón hombre hombre tono de piel mediano-dark tono de piel mediana,Casal com o tom de coração de homem de coração médio-escuro tom de pele média
👨🏾‍❤️‍👨🏽,couple with heart man man medium-dark skin tone medium skin tone,pareja con corazón hombre hombre tono de piel medio-oscuridad tono de piel mediana,casal com homem de coração homem-médio tom de pele média tom de pele média
👨🏾‍❤‍👨🏽,couple with heart man man medium-dark skin tone medium skin tone,pareja con corazón hombre hombre tono de piel medio-oscuridad tono de piel mediana,casal com homem de coração homem-médio tom de pele média tom de pele média
👨🏼‍❤️‍👨🏼,couple with heart man man medium-light skin tone,pareja con corazón hombre hombre tono de piel de luz media,Casal com o tom de pele média do homem do homem
👨🏼‍❤‍👨🏼,couple with heart man man medium-light skin tone,pareja con corazón hombre hombre tono de piel de luz media,Casal com o tom de pele média do homem do homem
👨🏼‍❤️‍👨🏿,couple with heart man man medium-light skin tone dark skin tone,pareja con corazón hombre hombre tono de piel de luz mediana tono de piel oscura,casal com tom de coração de homem-luz do homem de luz de luz média tom de pele escura
👨🏼‍❤‍👨🏿,couple with heart man man medium-light skin tone dark skin tone,pareja con corazón hombre hombre tono de piel de luz mediana tono de piel oscura,casal com tom de coração de homem-luz do homem de luz de luz média tom de pele escura
👨🏼‍❤️‍👨🏻,couple with heart man man medium-light skin tone light skin tone,pareja con corazón hombre hombre tono de piel de luz mediana tono de piel claro,Casal com o tom de coração de homem-luz do homem da luz média tom de pele leve
👨🏼‍❤‍👨🏻,couple with heart man man medium-light skin tone light skin tone,pareja con corazón hombre hombre tono de piel de luz mediana tono de piel claro,Casal com o tom de coração de homem-luz do homem da luz média tom de pele leve
👨🏼‍❤️‍👨🏾,couple with heart man man medium-light skin tone medium-dark skin tone,Pareja con corazón hombre tono de piel de piel mediana de piel media,casal com tom de coração de homem-luz do homem da luz média do tom médio escuro
👨🏼‍❤‍👨🏾,couple with heart man man medium-light skin tone medium-dark skin tone,Pareja con corazón hombre tono de piel de piel mediana de piel media,casal com tom de coração de homem-luz do homem da luz média do tom médio escuro
👨🏼‍❤️‍👨🏽,couple with heart man man medium-light skin tone medium skin tone,pareja con corazón hombre hombre tono de piel de luz mediana tono de piel mediana,casal com tom de coração de coração de homem leve tom de pele média tom de pele média
👨🏼‍❤‍👨🏽,couple with heart man man medium-light skin tone medium skin tone,pareja con corazón hombre hombre tono de piel de luz mediana tono de piel mediana,casal com tom de coração de coração de homem leve tom de pele média tom de pele média
👨🏽‍❤️‍👨🏽,couple with heart man man medium skin tone,pareja con corazón hombre hombre tono de piel mediana,Casal com tom de pele média do homem do homem
👨🏽‍❤‍👨🏽,couple with heart man man medium skin tone,pareja con corazón hombre hombre tono de piel mediana,Casal com tom de pele média do homem do homem
👨🏽‍❤️‍👨🏿,couple with heart man man medium skin tone dark skin tone,pareja con corazón hombre hombre tono de piel mediana tono de piel oscura,casal com tom de coração de homem de coração de pele média de pele escura
👨🏽‍❤‍👨🏿,couple with heart man man medium skin tone dark skin tone,pareja con corazón hombre hombre tono de piel mediana tono de piel oscura,casal com tom de coração de homem de coração de pele média de pele escura
👨🏽‍❤️‍👨🏻,couple with heart man man medium skin tone light skin tone,Pareja con corazón hombre tono de piel de piel mediana tono de piel claro,casal com tom de coração de homem de coração de pele média de pele leve
👨🏽‍❤‍👨🏻,couple with heart man man medium skin tone light skin tone,Pareja con corazón hombre tono de piel de piel mediana tono de piel claro,casal com tom de coração de homem de coração de pele média de pele leve
👨🏽‍❤️‍👨🏾,couple with heart man man medium skin tone medium-dark skin tone,pareja con corazón hombre tono de piel de piel media de piel mediana,"casal com tom de coração de homem, tom de pele média, tom de pele média-escuro"
👨🏽‍❤‍👨🏾,couple with heart man man medium skin tone medium-dark skin tone,pareja con corazón hombre tono de piel de piel media de piel mediana,"casal com tom de coração de homem, tom de pele média, tom de pele média-escuro"
👨🏽‍❤️‍👨🏼,couple with heart man man medium skin tone medium-light skin tone,pareja con corazón hombre tono de piel de piel media,casal com tom de coração de homem de coração de pele média tom de pele média
👨🏽‍❤‍👨🏼,couple with heart man man medium skin tone medium-light skin tone,pareja con corazón hombre tono de piel de piel media,casal com tom de coração de homem de coração de pele média tom de pele média
💑🏾,couple with heart medium-dark skin tone,Tono de piel de pareja con corazón medio oscuro,casal com tom de pele de coração médio do coração
💑🏼,couple with heart medium-light skin tone,pareja con corazón tono de piel de luz media,Casal com tom de pele com luzes de coração cardíaco
💑🏽,couple with heart medium skin tone,Pareja con corazón de piel mediana de la piel,casal com tom de pele média de coração
🧑🏿‍❤️‍🧑🏻,couple with heart person person dark skin tone light skin tone,pareja con corazón persona persona tono de piel oscura tono de piel claro,"Casal com o coração da pessoa do coração, tom escuro tom de pele leve"
🧑🏿‍❤‍🧑🏻,couple with heart person person dark skin tone light skin tone,pareja con corazón persona persona tono de piel oscura tono de piel claro,"Casal com o coração da pessoa do coração, tom escuro tom de pele leve"
🧑🏿‍❤️‍🧑🏾,couple with heart person person dark skin tone medium-dark skin tone,pareja con corazón persona persona tono de piel oscura tono de piel medio-oscuridad,"Casal com o coração da pessoa do coração, tom de pele escura tom de pele média-escuro"
🧑🏿‍❤‍🧑🏾,couple with heart person person dark skin tone medium-dark skin tone,pareja con corazón persona persona tono de piel oscura tono de piel medio-oscuridad,"Casal com o coração da pessoa do coração, tom de pele escura tom de pele média-escuro"
🧑🏿‍❤️‍🧑🏼,couple with heart person person dark skin tone medium-light skin tone,pareja con corazón persona persona tono de piel oscura tono de piel de luz media,"Casal com o coração da pessoa do coração, tom escuro, tom de pele média"
🧑🏿‍❤‍🧑🏼,couple with heart person person dark skin tone medium-light skin tone,pareja con corazón persona persona tono de piel oscura tono de piel de luz media,"Casal com o coração da pessoa do coração, tom escuro, tom de pele média"
🧑🏿‍❤️‍🧑🏽,couple with heart person person dark skin tone medium skin tone,pareja con corazón persona persona tono de piel oscura tono de piel mediana,Casal com o coração da pessoa do coração Tom de pele escura Tom de pele média
🧑🏿‍❤‍🧑🏽,couple with heart person person dark skin tone medium skin tone,pareja con corazón persona persona tono de piel oscura tono de piel mediana,Casal com o coração da pessoa do coração Tom de pele escura Tom de pele média
🧑🏻‍❤️‍🧑🏿,couple with heart person person light skin tone dark skin tone,pareja con corazón persona persona tono de piel claro tono de piel oscura,"Casal com o coração da pessoa do coração, tom de pele clara tom de pele escura"
🧑🏻‍❤‍🧑🏿,couple with heart person person light skin tone dark skin tone,pareja con corazón persona persona tono de piel claro tono de piel oscura,"Casal com o coração da pessoa do coração, tom de pele clara tom de pele escura"
🧑🏻‍❤️‍🧑🏾,couple with heart person person light skin tone medium-dark skin tone,pareja con corazón persona persona tono de piel claro tono de piel medio-oscuridad,"Casal com o coração da pessoa do coração, tom de pele leve, tom de pele média-escuro"
🧑🏻‍❤‍🧑🏾,couple with heart person person light skin tone medium-dark skin tone,pareja con corazón persona persona tono de piel claro tono de piel medio-oscuridad,"Casal com o coração da pessoa do coração, tom de pele leve, tom de pele média-escuro"
🧑🏻‍❤️‍🧑🏼,couple with heart person person light skin tone medium-light skin tone,pareja con corazón persona persona tono de piel claro tono de piel de luz media,"Casal com o coração da pessoa do coração, tom de pele leve, tom de pele média"
🧑🏻‍❤‍🧑🏼,couple with heart person person light skin tone medium-light skin tone,pareja con corazón persona persona tono de piel claro tono de piel de luz media,"Casal com o coração da pessoa do coração, tom de pele leve, tom de pele média"
🧑🏻‍❤️‍🧑🏽,couple with heart person person light skin tone medium skin tone,pareja con corazón persona persona tono de piel claro tono de piel mediana,casal com um tom de pele leve para pessoa leve tom de pele de pele média
🧑🏻‍❤‍🧑🏽,couple with heart person person light skin tone medium skin tone,pareja con corazón persona persona tono de piel claro tono de piel mediana,casal com um tom de pele leve para pessoa leve tom de pele de pele média
🧑🏾‍❤️‍🧑🏿,couple with heart person person medium-dark skin tone dark skin tone,pareja con el corazón persona persona tono de piel medio-oscuridad tono de piel oscura,"Casal com o coração da pessoa do coração, tom de pele média escura do tom escuro"
🧑🏾‍❤‍🧑🏿,couple with heart person person medium-dark skin tone dark skin tone,pareja con el corazón persona persona tono de piel medio-oscuridad tono de piel oscura,"Casal com o coração da pessoa do coração, tom de pele média escura do tom escuro"
🧑🏾‍❤️‍🧑🏻,couple with heart person person medium-dark skin tone light skin tone,pareja con el corazón persona persona tono de piel de piel medio-oscuridad tono de piel claro,"Casal com o coração da pessoa do coração, tom de pele média-escuro tom de pele leve"
🧑🏾‍❤‍🧑🏻,couple with heart person person medium-dark skin tone light skin tone,pareja con el corazón persona persona tono de piel de piel medio-oscuridad tono de piel claro,"Casal com o coração da pessoa do coração, tom de pele média-escuro tom de pele leve"
🧑🏾‍❤️‍🧑🏼,couple with heart person person medium-dark skin tone medium-light skin tone,pareja con cardíaca,Casal com o coração de pessoa que pessoa tem um tom de pele média-escura de luz média
🧑🏾‍❤‍🧑🏼,couple with heart person person medium-dark skin tone medium-light skin tone,pareja con cardíaca,Casal com o coração de pessoa que pessoa tem um tom de pele média-escura de luz média
🧑🏾‍❤️‍🧑🏽,couple with heart person person medium-dark skin tone medium skin tone,pareja con el corazón persona persona tono de piel medio-oscuridad tono de piel mediana,"Casal com o coração da pessoa do coração, tom de pele média-escuro, tom de pele média"
🧑🏾‍❤‍🧑🏽,couple with heart person person medium-dark skin tone medium skin tone,pareja con el corazón persona persona tono de piel medio-oscuridad tono de piel mediana,"Casal com o coração da pessoa do coração, tom de pele média-escuro, tom de pele média"
🧑🏼‍❤️‍🧑🏿,couple with heart person person medium-light skin tone dark skin tone,pareja con el corazón persona persona tono de piel de luz mediana tono de piel oscura,"Casal com o coração da pessoa do coração, tom de pele média tom de pele escura"
🧑🏼‍❤‍🧑🏿,couple with heart person person medium-light skin tone dark skin tone,pareja con el corazón persona persona tono de piel de luz mediana tono de piel oscura,"Casal com o coração da pessoa do coração, tom de pele média tom de pele escura"
🧑🏼‍❤️‍🧑🏻,couple with heart person person medium-light skin tone light skin tone,pareja con el corazón persona persona tono de piel mediano tono de piel claro tono de piel,"Casal com o coração da pessoa do coração, tom de pele de luz média tom de pele leve"
🧑🏼‍❤‍🧑🏻,couple with heart person person medium-light skin tone light skin tone,pareja con el corazón persona persona tono de piel mediano tono de piel claro tono de piel,"Casal com o coração da pessoa do coração, tom de pele de luz média tom de pele leve"
🧑🏼‍❤️‍🧑🏾,couple with heart person person medium-light skin tone medium-dark skin tone,pareja con cardíaca,"Casal com o coração da pessoa do coração, um tom de pele média-escura de luz média-escura"
🧑🏼‍❤‍🧑🏾,couple with heart person person medium-light skin tone medium-dark skin tone,pareja con cardíaca,"Casal com o coração da pessoa do coração, um tom de pele média-escura de luz média-escura"
🧑🏼‍❤️‍🧑🏽,couple with heart person person medium-light skin tone medium skin tone,pareja con el corazón persona persona tono de piel mediano tono de piel mediana,"Casal com o coração da pessoa do coração, tom de pele média, tom de pele média"
🧑🏼‍❤‍🧑🏽,couple with heart person person medium-light skin tone medium skin tone,pareja con el corazón persona persona tono de piel mediano tono de piel mediana,"Casal com o coração da pessoa do coração, tom de pele média, tom de pele média"
🧑🏽‍❤️‍🧑🏿,couple with heart person person medium skin tone dark skin tone,pareja con corazón persona persona tono de piel mediana tono de piel oscura,Casal com um tom de pele de pele de coração Tom de pele média
🧑🏽‍❤‍🧑🏿,couple with heart person person medium skin tone dark skin tone,pareja con corazón persona persona tono de piel mediana tono de piel oscura,Casal com um tom de pele de pele de coração Tom de pele média
🧑🏽‍❤️‍🧑🏻,couple with heart person person medium skin tone light skin tone,pareja con corazón persona persona tono de piel mediana tono de piel clara,Casal com um tom de pele do tom médio do tom de pele de pele clara
🧑🏽‍❤‍🧑🏻,couple with heart person person medium skin tone light skin tone,pareja con corazón persona persona tono de piel mediana tono de piel clara,Casal com um tom de pele do tom médio do tom de pele de pele clara
🧑🏽‍❤️‍🧑🏾,couple with heart person person medium skin tone medium-dark skin tone,pareja con el corazón persona persona tono de piel mediana tono de piel medio-oscuridad,Casal com um tom de pele do coração do tom médio do tom médio-escuro
🧑🏽‍❤‍🧑🏾,couple with heart person person medium skin tone medium-dark skin tone,pareja con el corazón persona persona tono de piel mediana tono de piel medio-oscuridad,Casal com um tom de pele do coração do tom médio do tom médio-escuro
🧑🏽‍❤️‍🧑🏼,couple with heart person person medium skin tone medium-light skin tone,pareja con corazón persona persona tono de piel mediana tono de piel de luz media,"Casal com o coração da pessoa do coração, tom de pele média, tom de pele média"
🧑🏽‍❤‍🧑🏼,couple with heart person person medium skin tone medium-light skin tone,pareja con corazón persona persona tono de piel mediana tono de piel de luz media,"Casal com o coração da pessoa do coração, tom de pele média, tom de pele média"
👩‍❤️‍👨,couple with heart woman man,pareja con corazón mujer hombre,Casal com o coração Mulher Man
👩‍❤‍👨,couple with heart woman man,pareja con corazón mujer hombre,Casal com o coração Mulher Man
👩🏿‍❤️‍👨🏿,couple with heart woman man dark skin tone,pareja con corazón mujer hombre tono de piel oscura,casal com um tom de pele escura de mulher de mulher
👩🏿‍❤‍👨🏿,couple with heart woman man dark skin tone,pareja con corazón mujer hombre tono de piel oscura,casal com um tom de pele escura de mulher de mulher
👩🏿‍❤️‍👨🏻,couple with heart woman man dark skin tone light skin tone,pareja con corazón mujer hombre tono de piel oscura tono de piel claro,casal com coração de mulher homem escuro tom de pele clara tom de pele
👩🏿‍❤‍👨🏻,couple with heart woman man dark skin tone light skin tone,pareja con corazón mujer hombre tono de piel oscura tono de piel claro,casal com coração de mulher homem escuro tom de pele clara tom de pele
👩🏿‍❤️‍👨🏾,couple with heart woman man dark skin tone medium-dark skin tone,pareja con corazón mujer hombre tono de piel oscura tono de piel medio-oscuridad,"casal com um tom de coração de mulher, tom de pele escura de pele média escura"
👩🏿‍❤‍👨🏾,couple with heart woman man dark skin tone medium-dark skin tone,pareja con corazón mujer hombre tono de piel oscura tono de piel medio-oscuridad,"casal com um tom de coração de mulher, tom de pele escura de pele média escura"
👩🏿‍❤️‍👨🏼,couple with heart woman man dark skin tone medium-light skin tone,pareja con corazón mujer hombre tono de piel oscura tono de piel de luz media,Casal com o coração do coração homem escuro tom de pele de luz média
👩🏿‍❤‍👨🏼,couple with heart woman man dark skin tone medium-light skin tone,pareja con corazón mujer hombre tono de piel oscura tono de piel de luz media,Casal com o coração do coração homem escuro tom de pele de luz média
👩🏿‍❤️‍👨🏽,couple with heart woman man dark skin tone medium skin tone,pareja con corazón mujer hombre tono de piel oscuro tono de piel mediana,"casal com um tom de coração de mulher, tom de pele escura do tom médio de pele"
👩🏿‍❤‍👨🏽,couple with heart woman man dark skin tone medium skin tone,pareja con corazón mujer hombre tono de piel oscuro tono de piel mediana,"casal com um tom de coração de mulher, tom de pele escura do tom médio de pele"
👩🏻‍❤️‍👨🏻,couple with heart woman man light skin tone,pareja con corazón mujer hombre tono de piel claro,casal com tom de coração de mulher de coração
👩🏻‍❤‍👨🏻,couple with heart woman man light skin tone,pareja con corazón mujer hombre tono de piel claro,casal com tom de coração de mulher de coração
👩🏻‍❤️‍👨🏿,couple with heart woman man light skin tone dark skin tone,pareja con corazón mujer hombre tono de piel claro tono de piel oscura,"casal com coração de mulher, homem leve, tom de pele escura tom de pele"
👩🏻‍❤‍👨🏿,couple with heart woman man light skin tone dark skin tone,pareja con corazón mujer hombre tono de piel claro tono de piel oscura,"casal com coração de mulher, homem leve, tom de pele escura tom de pele"
👩🏻‍❤️‍👨🏾,couple with heart woman man light skin tone medium-dark skin tone,pareja con corazón mujer hombre tono de piel claro tono de piel medio-oscuridad,casal com um tom de pele de mulher de coração leve tom de pele de pele média-escura
👩🏻‍❤‍👨🏾,couple with heart woman man light skin tone medium-dark skin tone,pareja con corazón mujer hombre tono de piel claro tono de piel medio-oscuridad,casal com um tom de pele de mulher de coração leve tom de pele de pele média-escura
👩🏻‍❤️‍👨🏼,couple with heart woman man light skin tone medium-light skin tone,pareja con corazón mujer hombre tono de piel claro tono de piel de luz media,casal com coração de mulher homem leve tom de pele leve luz de luz média
👩🏻‍❤‍👨🏼,couple with heart woman man light skin tone medium-light skin tone,pareja con corazón mujer hombre tono de piel claro tono de piel de luz media,casal com coração de mulher homem leve tom de pele leve luz de luz média
👩🏻‍❤️‍👨🏽,couple with heart woman man light skin tone medium skin tone,pareja con corazón mujer hombre tono de piel claro tono de piel mediana,"casal com coração de mulher, tom de pele leve, tom médio de pele"
👩🏻‍❤‍👨🏽,couple with heart woman man light skin tone medium skin tone,pareja con corazón mujer hombre tono de piel claro tono de piel mediana,"casal com coração de mulher, tom de pele leve, tom médio de pele"
👩🏾‍❤️‍👨🏾,couple with heart woman man medium-dark skin tone,pareja con corazón mujer hombre tono de piel medio-oscuridad,casal com um tom de pele de mulher de coração de coração médio
👩🏾‍❤‍👨🏾,couple with heart woman man medium-dark skin tone,pareja con corazón mujer hombre tono de piel medio-oscuridad,casal com um tom de pele de mulher de coração de coração médio
👩🏾‍❤️‍👨🏿,couple with heart woman man medium-dark skin tone dark skin tone,pareja con corazón mujer hombre tono de piel medio-oscuridad tono de piel oscura,"casal com um tom de coração de mulher, tom de pele média-escuro, tom escuro"
👩🏾‍❤‍👨🏿,couple with heart woman man medium-dark skin tone dark skin tone,pareja con corazón mujer hombre tono de piel medio-oscuridad tono de piel oscura,"casal com um tom de coração de mulher, tom de pele média-escuro, tom escuro"
👩🏾‍❤️‍👨🏻,couple with heart woman man medium-dark skin tone light skin tone,pareja con corazón mujer hombre tono de piel mediano-oscuridad tono de piel claro,"Casal com o coração de mulher, homem de pele média-escura, tom de pele leve"
👩🏾‍❤‍👨🏻,couple with heart woman man medium-dark skin tone light skin tone,pareja con corazón mujer hombre tono de piel mediano-oscuridad tono de piel claro,"Casal com o coração de mulher, homem de pele média-escura, tom de pele leve"
👩🏾‍❤️‍👨🏼,couple with heart woman man medium-dark skin tone medium-light skin tone,pareja con corazón mujer hombre tono de piel mediano-oscuridad tono de piel de luz media,"casal com um tom de coração de mulher, tom de pele média-escura, tom de pele média"
👩🏾‍❤‍👨🏼,couple with heart woman man medium-dark skin tone medium-light skin tone,pareja con corazón mujer hombre tono de piel mediano-oscuridad tono de piel de luz media,"casal com um tom de coração de mulher, tom de pele média-escura, tom de pele média"
👩🏾‍❤️‍👨🏽,couple with heart woman man medium-dark skin tone medium skin tone,pareja con corazón mujer hombre tono de piel mediano-oscuridad tono de piel mediana,"casal com um tom de coração de mulher, tom de pele média-escuro, tom de pele média"
👩🏾‍❤‍👨🏽,couple with heart woman man medium-dark skin tone medium skin tone,pareja con corazón mujer hombre tono de piel mediano-oscuridad tono de piel mediana,"casal com um tom de coração de mulher, tom de pele média-escuro, tom de pele média"
👩🏼‍❤️‍👨🏼,couple with heart woman man medium-light skin tone,pareja con corazón mujer hombre tono de piel de luz media,Casal com tom de pele de mulher de coração de coração
👩🏼‍❤‍👨🏼,couple with heart woman man medium-light skin tone,pareja con corazón mujer hombre tono de piel de luz media,Casal com tom de pele de mulher de coração de coração
👩🏼‍❤️‍👨🏿,couple with heart woman man medium-light skin tone dark skin tone,pareja con corazón mujer hombre tono de piel de luz mediana tono de piel oscura,casal com um tom de coração de mulher de coração leve tom de pele de luz média
👩🏼‍❤‍👨🏿,couple with heart woman man medium-light skin tone dark skin tone,pareja con corazón mujer hombre tono de piel de luz mediana tono de piel oscura,casal com um tom de coração de mulher de coração leve tom de pele de luz média
👩🏼‍❤️‍👨🏻,couple with heart woman man medium-light skin tone light skin tone,pareja con corazón mujer hombre tono de piel de luz mediana tono de piel claro,"Casal com o coração do coração, homem de luz média, tom de pele leve, tom de pele"
👩🏼‍❤‍👨🏻,couple with heart woman man medium-light skin tone light skin tone,pareja con corazón mujer hombre tono de piel de luz mediana tono de piel claro,"Casal com o coração do coração, homem de luz média, tom de pele leve, tom de pele"
👩🏼‍❤️‍👨🏾,couple with heart woman man medium-light skin tone medium-dark skin tone,pareja con corazón mujer hombre tono de piel de luz mediana tono de piel medio-oscuridad,casal com um tom de coração de mulher de coração leve tom de pele média
👩🏼‍❤‍👨🏾,couple with heart woman man medium-light skin tone medium-dark skin tone,pareja con corazón mujer hombre tono de piel de luz mediana tono de piel medio-oscuridad,casal com um tom de coração de mulher de coração leve tom de pele média
👩🏼‍❤️‍👨🏽,couple with heart woman man medium-light skin tone medium skin tone,pareja con corazón mujer hombre tono de piel de luz mediana tono de piel mediana,casal com um tom de coração de mulher de coração leve tom de pele média tom de pele média
👩🏼‍❤‍👨🏽,couple with heart woman man medium-light skin tone medium skin tone,pareja con corazón mujer hombre tono de piel de luz mediana tono de piel mediana,casal com um tom de coração de mulher de coração leve tom de pele média tom de pele média
👩🏽‍❤️‍👨🏽,couple with heart woman man medium skin tone,pareja con corazón mujer hombre tono de piel mediana,"Casal com tom de pele de mulher de coração, tom de pele média"
👩🏽‍❤‍👨🏽,couple with heart woman man medium skin tone,pareja con corazón mujer hombre tono de piel mediana,"Casal com tom de pele de mulher de coração, tom de pele média"
👩🏽‍❤️‍👨🏿,couple with heart woman man medium skin tone dark skin tone,pareja con corazón mujer hombre tono de piel mediana tono de piel oscura,"casal com coração de mulher, tom de pele média tom de pele escura"
👩🏽‍❤‍👨🏿,couple with heart woman man medium skin tone dark skin tone,pareja con corazón mujer hombre tono de piel mediana tono de piel oscura,"casal com coração de mulher, tom de pele média tom de pele escura"
👩🏽‍❤️‍👨🏻,couple with heart woman man medium skin tone light skin tone,pareja con corazón mujer hombre tono de piel mediana tono de piel claro,"casal com coração de mulher, homem de pele média, tom de pele leve"
👩🏽‍❤‍👨🏻,couple with heart woman man medium skin tone light skin tone,pareja con corazón mujer hombre tono de piel mediana tono de piel claro,"casal com coração de mulher, homem de pele média, tom de pele leve"
👩🏽‍❤️‍👨🏾,couple with heart woman man medium skin tone medium-dark skin tone,pareja con corazón mujer hombre tono de piel mediana tono de piel medio-oscuridad,"casal com um tom de coração de mulher, tom de pele média, tom de pele média-escuro"
👩🏽‍❤‍👨🏾,couple with heart woman man medium skin tone medium-dark skin tone,pareja con corazón mujer hombre tono de piel mediana tono de piel medio-oscuridad,"casal com um tom de coração de mulher, tom de pele média, tom de pele média-escuro"
👩🏽‍❤️‍👨🏼,couple with heart woman man medium skin tone medium-light skin tone,pareja con corazón mujer hombre tono de piel mediana tono de piel de luz media,"casal com um tom de coração de mulher, tom de pele média, tom de pele média"
👩🏽‍❤‍👨🏼,couple with heart woman man medium skin tone medium-light skin tone,pareja con corazón mujer hombre tono de piel mediana tono de piel de luz media,"casal com um tom de coração de mulher, tom de pele média, tom de pele média"
👩‍❤️‍👩,couple with heart woman woman,pareja con corazón mujer mujer,Casal com mulher mulher
👩‍❤‍👩,couple with heart woman woman,pareja con corazón mujer mujer,Casal com mulher mulher
👩🏿‍❤️‍👩🏿,couple with heart woman woman dark skin tone,pareja con corazón mujer mujer tono de piel oscura,casal com um tom de pele escura de mulher mulher mulher
👩🏿‍❤‍👩🏿,couple with heart woman woman dark skin tone,pareja con corazón mujer mujer tono de piel oscura,casal com um tom de pele escura de mulher mulher mulher
👩🏿‍❤️‍👩🏻,couple with heart woman woman dark skin tone light skin tone,pareja con corazón mujer mujer tono de piel oscura tono de piel claro,"casal com coração mulher mulher, tom escuro tom de pele clara"
👩🏿‍❤‍👩🏻,couple with heart woman woman dark skin tone light skin tone,pareja con corazón mujer mujer tono de piel oscura tono de piel claro,"casal com coração mulher mulher, tom escuro tom de pele clara"
👩🏿‍❤️‍👩🏾,couple with heart woman woman dark skin tone medium-dark skin tone,pareja con corazón mujer mujer tono de piel oscura tono de piel medio-oscuridad,"casal com coração de mulher, mulher escura tom de pele média-escura"
👩🏿‍❤‍👩🏾,couple with heart woman woman dark skin tone medium-dark skin tone,pareja con corazón mujer mujer tono de piel oscura tono de piel medio-oscuridad,"casal com coração de mulher, mulher escura tom de pele média-escura"
👩🏿‍❤️‍👩🏼,couple with heart woman woman dark skin tone medium-light skin tone,pareja con corazón mujer mujer tono de piel oscura tono de piel de luz media,casal com coração mulher mulher tonveiro escuro tom de luz média
👩🏿‍❤‍👩🏼,couple with heart woman woman dark skin tone medium-light skin tone,pareja con corazón mujer mujer tono de piel oscura tono de piel de luz media,casal com coração mulher mulher tonveiro escuro tom de luz média
👩🏿‍❤️‍👩🏽,couple with heart woman woman dark skin tone medium skin tone,pareja con corazón mujer mujer tono de piel oscura tono de piel mediana,casal com coração mulher mulher tonveiro escuro tom de pele média
👩🏿‍❤‍👩🏽,couple with heart woman woman dark skin tone medium skin tone,pareja con corazón mujer mujer tono de piel oscura tono de piel mediana,casal com coração mulher mulher tonveiro escuro tom de pele média
👩🏻‍❤️‍👩🏻,couple with heart woman woman light skin tone,pareja con corazón mujer mujer tono de piel claro,casal com um tom de pele de mulher leve
👩🏻‍❤‍👩🏻,couple with heart woman woman light skin tone,pareja con corazón mujer mujer tono de piel claro,casal com um tom de pele de mulher leve
👩🏻‍❤️‍👩🏿,couple with heart woman woman light skin tone dark skin tone,pareja con corazón mujer mujer tono de piel claro tono de piel oscura,casal com coração mulher mulher tom de pele clara tom de pele escura
👩🏻‍❤‍👩🏿,couple with heart woman woman light skin tone dark skin tone,pareja con corazón mujer mujer tono de piel claro tono de piel oscura,casal com coração mulher mulher tom de pele clara tom de pele escura
👩🏻‍❤️‍👩🏾,couple with heart woman woman light skin tone medium-dark skin tone,pareja con corazón mujer mujer tono de piel claro tono de piel medio-oscuridad,casal com coração mulher mulher tom de pele clara tom de pele média-escuro
👩🏻‍❤‍👩🏾,couple with heart woman woman light skin tone medium-dark skin tone,pareja con corazón mujer mujer tono de piel claro tono de piel medio-oscuridad,casal com coração mulher mulher tom de pele clara tom de pele média-escuro
👩🏻‍❤️‍👩🏼,couple with heart woman woman light skin tone medium-light skin tone,pareja con corazón mujer mujer tono de piel claro tono de piel de luz media,casal com coração mulher mulher tom de pele clara tom de pele média
👩🏻‍❤‍👩🏼,couple with heart woman woman light skin tone medium-light skin tone,pareja con corazón mujer mujer tono de piel claro tono de piel de luz media,casal com coração mulher mulher tom de pele clara tom de pele média
👩🏻‍❤️‍👩🏽,couple with heart woman woman light skin tone medium skin tone,pareja con corazón mujer mujer tono de piel claro tono de piel mediana,casal com coração mulher mulher tom de pele clara tom de pele média
👩🏻‍❤‍👩🏽,couple with heart woman woman light skin tone medium skin tone,pareja con corazón mujer mujer tono de piel claro tono de piel mediana,casal com coração mulher mulher tom de pele clara tom de pele média
👩🏾‍❤️‍👩🏾,couple with heart woman woman medium-dark skin tone,pareja con corazón mujer mujer tono de piel medio-oscuridad,Casal com um tom de pele de mulher de mulher de coração médio
👩🏾‍❤‍👩🏾,couple with heart woman woman medium-dark skin tone,pareja con corazón mujer mujer tono de piel medio-oscuridad,Casal com um tom de pele de mulher de mulher de coração médio
👩🏾‍❤️‍👩🏿,couple with heart woman woman medium-dark skin tone dark skin tone,pareja con corazón mujer mujer tono de piel medio-oscuridad tono de piel oscura,"casal com um coração de mulher, mulher de pele média-escura tom de pele escura"
👩🏾‍❤‍👩🏿,couple with heart woman woman medium-dark skin tone dark skin tone,pareja con corazón mujer mujer tono de piel medio-oscuridad tono de piel oscura,"casal com um coração de mulher, mulher de pele média-escura tom de pele escura"
👩🏾‍❤️‍👩🏻,couple with heart woman woman medium-dark skin tone light skin tone,pareja con corazón mujer mujer tono de piel de piel medio-oscuridad tono de piel claro,"casal com um coração de mulher, mulher de pele de pele média-escura de pele clara"
👩🏾‍❤‍👩🏻,couple with heart woman woman medium-dark skin tone light skin tone,pareja con corazón mujer mujer tono de piel de piel medio-oscuridad tono de piel claro,"casal com um coração de mulher, mulher de pele de pele média-escura de pele clara"
👩🏾‍❤️‍👩🏼,couple with heart woman woman medium-dark skin tone medium-light skin tone,pareja con corazón mujer mujer tono de piel medio-oscuridad tono de piel de luz media,"casal com um coração de mulher, mulher de pele média-escura do tom médio-luz do tom de luz média"
👩🏾‍❤‍👩🏼,couple with heart woman woman medium-dark skin tone medium-light skin tone,pareja con corazón mujer mujer tono de piel medio-oscuridad tono de piel de luz media,"casal com um coração de mulher, mulher de pele média-escura do tom médio-luz do tom de luz média"
👩🏾‍❤️‍👩🏽,couple with heart woman woman medium-dark skin tone medium skin tone,pareja con corazón mujer mujer tono de piel mediano-oscuridad tono de piel mediana,casal com um tom de coração de mulher com um tom médio de pele média
👩🏾‍❤‍👩🏽,couple with heart woman woman medium-dark skin tone medium skin tone,pareja con corazón mujer mujer tono de piel mediano-oscuridad tono de piel mediana,casal com um tom de coração de mulher com um tom médio de pele média
👩🏼‍❤️‍👩🏼,couple with heart woman woman medium-light skin tone,pareja con corazón mujer mujer tono de piel de luz media,casal com um tom de pele de mulher de mulher de coração
👩🏼‍❤‍👩🏼,couple with heart woman woman medium-light skin tone,pareja con corazón mujer mujer tono de piel de luz media,casal com um tom de pele de mulher de mulher de coração
👩🏼‍❤️‍👩🏿,couple with heart woman woman medium-light skin tone dark skin tone,pareja con corazón mujer mujer tono de piel de luz mediana tono de piel oscura,"Casal com um coração de mulher, mulher de luz de luz média tom de pele escura"
👩🏼‍❤‍👩🏿,couple with heart woman woman medium-light skin tone dark skin tone,pareja con corazón mujer mujer tono de piel de luz mediana tono de piel oscura,"Casal com um coração de mulher, mulher de luz de luz média tom de pele escura"
👩🏼‍❤️‍👩🏻,couple with heart woman woman medium-light skin tone light skin tone,pareja con corazón mujer mujer tono de piel mediano tono de piel claro tono de piel,casal com coração mulher mulher-luz de luz de luz média tom de pele leve
👩🏼‍❤‍👩🏻,couple with heart woman woman medium-light skin tone light skin tone,pareja con corazón mujer mujer tono de piel mediano tono de piel claro tono de piel,casal com coração mulher mulher-luz de luz de luz média tom de pele leve
👩🏼‍❤️‍👩🏾,couple with heart woman woman medium-light skin tone medium-dark skin tone,pareja con corazón mujer mujer tono de piel de luz mediana tono de piel medio-oscuridad,Casal com um tom de pele de mulher de mulher leve
👩🏼‍❤‍👩🏾,couple with heart woman woman medium-light skin tone medium-dark skin tone,pareja con corazón mujer mujer tono de piel de luz mediana tono de piel medio-oscuridad,Casal com um tom de pele de mulher de mulher leve
👩🏼‍❤️‍👩🏽,couple with heart woman woman medium-light skin tone medium skin tone,pareja con corazón mujer mujer tono de piel de luz mediana tono de piel mediana,casal com coração mulher mulher-luz de leve tom de pele média tom de pele
👩🏼‍❤‍👩🏽,couple with heart woman woman medium-light skin tone medium skin tone,pareja con corazón mujer mujer tono de piel de luz mediana tono de piel mediana,casal com coração mulher mulher-luz de leve tom de pele média tom de pele
👩🏽‍❤️‍👩🏽,couple with heart woman woman medium skin tone,pareja con corazón mujer mujer tono de piel mediana,Casal com um tom de pele média de mulher mulher
👩🏽‍❤‍👩🏽,couple with heart woman woman medium skin tone,pareja con corazón mujer mujer tono de piel mediana,Casal com um tom de pele média de mulher mulher
👩🏽‍❤️‍👩🏿,couple with heart woman woman medium skin tone dark skin tone,pareja con corazón mujer mujer tono de piel mediana tono de piel oscura,casal com coração mulher mulher tom de pele média tom de pele escura
👩🏽‍❤‍👩🏿,couple with heart woman woman medium skin tone dark skin tone,pareja con corazón mujer mujer tono de piel mediana tono de piel oscura,casal com coração mulher mulher tom de pele média tom de pele escura
👩🏽‍❤️‍👩🏻,couple with heart woman woman medium skin tone light skin tone,pareja con corazón mujer mujer tono de piel mediana tono de piel clara,casal com coração mulher mulher tom de pele média tom de pele clara
👩🏽‍❤‍👩🏻,couple with heart woman woman medium skin tone light skin tone,pareja con corazón mujer mujer tono de piel mediana tono de piel clara,casal com coração mulher mulher tom de pele média tom de pele clara
👩🏽‍❤️‍👩🏾,couple with heart woman woman medium skin tone medium-dark skin tone,pareja con corazón mujer mujer tono de piel mediana tono de piel medio-oscuridad,casal com um coração de mulher de mulher de pele média tom de pele média-escura
👩🏽‍❤‍👩🏾,couple with heart woman woman medium skin tone medium-dark skin tone,pareja con corazón mujer mujer tono de piel mediana tono de piel medio-oscuridad,casal com um coração de mulher de mulher de pele média tom de pele média-escura
👩🏽‍❤️‍👩🏼,couple with heart woman woman medium skin tone medium-light skin tone,pareja con corazón mujer mujer tono de piel mediana tono de piel de luz media,casal com coração mulher mulher tom de pele média tom de luz média
👩🏽‍❤‍👩🏼,couple with heart woman woman medium skin tone medium-light skin tone,pareja con corazón mujer mujer tono de piel mediana tono de piel de luz media,casal com coração mulher mulher tom de pele média tom de luz média
🐄,cow,vaca,vaca
🐮,cow face,cara de vaca,rosto de vaca
🤠,cowboy hat face,Cara de sombrero de vaquero,cara de chapéu de cowboy
🦀,crab,cangrejo,caranguejo
🖍️,crayon,lápiz de color,Crayon
🖍,crayon,lápiz de color,Crayon
💳,credit card,tarjeta de crédito,Cartão de crédito
🌙,crescent moon,luna creciente,Lua Crescente
🦗,cricket,cricket,grilo
🏏,cricket game,juego de cricket,jogo de críquete
🐊,crocodile,cocodrilo,crocodilo
🥐,croissant,cuerno,croissant
❌,cross mark,marca cruzada,Marca cruzada
❎,cross mark button,botón de marca cruzada,Botão de marca cruzada
🤞,crossed fingers,dedos cruzados,dedos cruzados
🤞🏿,crossed fingers dark skin tone,Tono de piel oscura de los dedos cruzados,Tom de pele escura de dedos cruzados
🤞🏻,crossed fingers light skin tone,Tono de piel claro de los dedos cruzados,Tom de pele leve cruzada dos dedos
🤞🏾,crossed fingers medium-dark skin tone,Tono de piel de color medio oscuro cruzado,Tom de pele cruzado de dedos cruzados
🤞🏼,crossed fingers medium-light skin tone,Tono de piel de luz media cruzada,Tom de pele de luz média cruzada
🤞🏽,crossed fingers medium skin tone,Tono de piel mediana de dedos cruzados,Tom de pele média cruzado
🎌,crossed flags,banderas cruzadas,bandeiras cruzadas
⚔️,crossed swords,espadas cruzadas,espadas cruzadas
⚔,crossed swords,espadas cruzadas,espadas cruzadas
👑,crown,corona,coroa
🩼,crutch,muleta,muleta
😿,crying cat,gato llorando,gato chorando
😢,crying face,cara llorada,rosto chorando
🔮,crystal ball,bola de cristal,Bola de cristal
🥒,cucumber,pepino,pepino
🥤,cup with straw,taza con paja,copo com palha
🧁,cupcake,magdalena,cupcake
🥌,curling stone,piedra rizada,Pedra de curling
🦱,curly hair,cabello rizado,Cabelo encaracolado
➰,curly loop,bucle rizado,loop encaracolado
💱,currency exchange,cambio de divisas,troca de moeda
🍛,curry rice,arroz con curry,arroz de curry
🍮,custard,natilla,Quindim
🛃,customs,aduanas,alfândega
🥩,cut of meat,corte de carne,corte de carne
🌀,cyclone,ciclón,ciclone
🗡️,dagger,daga,punhal
🗡,dagger,daga,punhal
🍡,dango,dango,Dango
🏿,dark skin tone,tono de piel oscura,tom de pele escura
💨,dashing away,saliendo corriendo,correndo
🧏‍♂️,deaf man,hombre sordo,Homem surdo
🧏‍♂,deaf man,hombre sordo,Homem surdo
🧏🏿‍♂️,deaf man dark skin tone,tono de piel oscura del hombre sordo,tom de pele escura de homem surdo
🧏🏿‍♂,deaf man dark skin tone,tono de piel oscura del hombre sordo,tom de pele escura de homem surdo
🧏🏻‍♂️,deaf man light skin tone,tono de piel clara de hombre sordo,Tom de pele leve de homem surdo
🧏🏻‍♂,deaf man light skin tone,tono de piel clara de hombre sordo,Tom de pele leve de homem surdo
🧏🏾‍♂️,deaf man medium-dark skin tone,tono de piel de color sordo de hombre medio oscuro,Tom de pele de Surdo Man-Dark
🧏🏾‍♂,deaf man medium-dark skin tone,tono de piel de color sordo de hombre medio oscuro,Tom de pele de Surdo Man-Dark
🧏🏼‍♂️,deaf man medium-light skin tone,tono de piel de luz mediana de hombre sordo,Tom de pele de luz de luz surda
🧏🏼‍♂,deaf man medium-light skin tone,tono de piel de luz mediana de hombre sordo,Tom de pele de luz de luz surda
🧏🏽‍♂️,deaf man medium skin tone,tono de piel mediana de hombre sordo,Tom de pele média de homem surdo
🧏🏽‍♂,deaf man medium skin tone,tono de piel mediana de hombre sordo,Tom de pele média de homem surdo
🧏,deaf person,persona sorda,Surdo
🧏🏿,deaf person dark skin tone,Tono de piel oscura de la persona sorda,Tom de pele escura de pessoa surda
🧏🏻,deaf person light skin tone,Tono de piel clara de persona sorda,Tom de pele leve de pessoa de surda
🧏🏾,deaf person medium-dark skin tone,Tono de piel de Sorde Person Medium Dark,Tom de pele de Surdo-Pessoa Dark-Dark
🧏🏼,deaf person medium-light skin tone,Persona sorda tono de piel de luz media,Tom de pele de leve luz de surda
🧏🏽,deaf person medium skin tone,Tono de piel mediana de persona sorda,Tom de pele de Surdy Pessoa
🧏‍♀️,deaf woman,mujer sorda,Mulher surda
🧏‍♀,deaf woman,mujer sorda,Mulher surda
🧏🏿‍♀️,deaf woman dark skin tone,Mujer sorda tono de piel oscura,tom de pele escura de mulher surda
🧏🏿‍♀,deaf woman dark skin tone,Mujer sorda tono de piel oscura,tom de pele escura de mulher surda
🧏🏻‍♀️,deaf woman light skin tone,Tono de piel clara de mujer sorda,Tom de pele leve de mulher surda
🧏🏻‍♀,deaf woman light skin tone,Tono de piel clara de mujer sorda,Tom de pele leve de mulher surda
🧏🏾‍♀️,deaf woman medium-dark skin tone,Mujer sorda tono de piel medio-oscuridad,Tom de pele de Mulher Surda Média Dark
🧏🏾‍♀,deaf woman medium-dark skin tone,Mujer sorda tono de piel medio-oscuridad,Tom de pele de Mulher Surda Média Dark
🧏🏼‍♀️,deaf woman medium-light skin tone,Mujer sorda tono de piel de luz media,tom de pele de mulher surda
🧏🏼‍♀,deaf woman medium-light skin tone,Mujer sorda tono de piel de luz media,tom de pele de mulher surda
🧏🏽‍♀️,deaf woman medium skin tone,Tono de piel mediana de mujer sorda,tom de pele de mulher surda média
🧏🏽‍♀,deaf woman medium skin tone,Tono de piel mediana de mujer sorda,tom de pele de mulher surda média
🌳,deciduous tree,árbol caducifolio,árvore decídua
🦌,deer,ciervo,cervo
🚚,delivery truck,camión de reparto,caminhão de entrega
🏬,department store,grandes almacenes,Loja de departamento
🏚️,derelict house,casa abandonada,Casa abandonada
🏚,derelict house,casa abandonada,Casa abandonada
🏜️,desert,desierto,deserto
🏜,desert,desierto,deserto
🏝️,desert island,isla desértica,Ilha Desert
🏝,desert island,isla desértica,Ilha Desert
🖥️,desktop computer,computadora de escritorio,computador de mesa
🖥,desktop computer,computadora de escritorio,computador de mesa
🕵️,detective,detective,detetive
🕵,detective,detective,detetive
🕵🏿,detective dark skin tone,tono de piel oscura detective,Tom do detetive da pele escura
🕵🏻,detective light skin tone,tono de piel clara detective,Tom de pele leve detetive
🕵🏾,detective medium-dark skin tone,Tono de piel de detección de mediana y oscura,Tom de pele do detetive médio escuro
🕵🏼,detective medium-light skin tone,tono de piel de luz media detective,Tom de pele com luz média detetive
🕵🏽,detective medium skin tone,tono de piel mediana detective,Tom de pele média detetive
♦️,diamond suit,traje de diamante,Terno de diamante
♦,diamond suit,traje de diamante,Terno de diamante
💠,diamond with a dot,diamante con un punto,diamante com um ponto
🔅,dim button,Botón Dim,botão escuro
😞,disappointed face,cara decepcionada,rosto decepcionado
🥸,disguised face,cara disfrazada,rosto disfarçado
➗,divide,dividir,dividir
🤿,diving mask,máscara de buceo,máscara de mergulho
🪔,diya lamp,lámpara de diya,Lâmpada Diya
💫,dizzy,mareado,tonto
🧬,dna,ADN,DNA
🦤,dodo,vejestorio,DODO
🐕,dog,perro,cachorro
🐶,dog face,cara de perro,rosto de cachorro
💵,dollar banknote,billete de dólar,NOTA DE DOLAR
🐬,dolphin,delfín,golfinho
🫏,donkey,burro,burro
🚪,door,puerta,porta
🫥,dotted line face,cara de línea punteada,face de linha pontilhada
🔯,dotted six-pointed star,estrella de seis puntas,Estrela pontilhada de seis pontas
➿,double curly loop,bucle doble rizado,loop duplo encaracolado
‼️,double exclamation mark,marca de exclamación doble,Marco de exclamação dupla
‼,double exclamation mark,marca de exclamación doble,Marco de exclamação dupla
🍩,doughnut,rosquilla,rosquinha
🕊️,dove,paloma,pomba
🕊,dove,paloma,pomba
↙️,down-left arrow,flecha hacia abajo,Arrow para baixo
↙,down-left arrow,flecha hacia abajo,Arrow para baixo
↘️,down-right arrow,flecha hacia abajo,Arrow de baixo direto
↘,down-right arrow,flecha hacia abajo,Arrow de baixo direto
⬇️,down arrow,flecha hacia abajo,flecha para baixo
⬇,down arrow,flecha hacia abajo,flecha para baixo
😓,downcast face with sweat,cara abatida con sudor,rosto abatido com suor
🔽,downwards button,botón hacia abajo,botão para baixo
🐉,dragon,dragón,dragão
🐲,dragon face,cara de dragón,rosto de dragão
👗,dress,vestido,vestir
🤤,drooling face,cara babeante,rosto babando
🩸,drop of blood,gota de sangre,gota de sangue
💧,droplet,gotita,gota
🥁,drum,tambor,tambor
🦆,duck,pato,pato
🥟,dumpling,bola de masa hervida,bolinho
📀,dvd,DVD,DVD
📧,e-mail,correo electrónico,e-mail
🦅,eagle,águila,águia
👂,ear,oreja,orelha
👂🏿,ear dark skin tone,tono de piel oscura del oído,Tom de pele escura da orelha
👂🏻,ear light skin tone,tono de piel de luz del oído,tom de pele leve da orelha
👂🏾,ear medium-dark skin tone,tono de piel de orificio medio-oscuridad,Tom de pele de escuro médio esclarecido
👂🏼,ear medium-light skin tone,tono de piel de luz media oreja,tom de pele de luz média ouvido
👂🏽,ear medium skin tone,tono de piel mediana del oído,Tom de pele média da orelha
🌽,ear of corn,oreja de maíz,ouvido de milho
🦻,ear with hearing aid,oído con audífono,ouvido com aparelho auditivo
🦻🏿,ear with hearing aid dark skin tone,Ear con audífono tono de piel oscura,orelha com aparelho auditivo Tom escuro de pele
🦻🏻,ear with hearing aid light skin tone,Ear con audífono tono de piel clara,orelha com tom de aparelho auditivo Tom de pele clara
🦻🏾,ear with hearing aid medium-dark skin tone,Ear con audífono tono de piel medio-oscuridad,orelha com tom de aparelho auditivo tom de pele média escuro
🦻🏼,ear with hearing aid medium-light skin tone,Ear con audífono tono de piel de luz media,orelha com tom de aparelho auditivo Tom de pele média
🦻🏽,ear with hearing aid medium skin tone,Ear con audífono tono de piel mediana,ouvido com tom de aparelho auditivo Tom médio de pele
🥚,egg,huevo,ovo
🍆,eggplant,berenjena,beringela
✴️,eight-pointed star,estrella de ocho puntas,estrela de oito pontas
✴,eight-pointed star,estrella de ocho puntas,estrela de oito pontas
✳️,eight-spoked asterisk,asterisco de ocho puntos,asterisco de oito manchas
✳,eight-spoked asterisk,asterisco de ocho puntos,asterisco de oito manchas
🕣,eight-thirty,ocho y media,oito e meia
🕗,eight o’clock,Ocho en punto,Oito horas
⏏️,eject button,botón expulsado,botão de ejetar
⏏,eject button,botón expulsado,botão de ejetar
🔌,electric plug,enchufe eléctrico,plugue elétrico
🐘,elephant,elefante,elefante
🛗,elevator,ascensor,elevador
🕦,eleven-thirty,once y treinta,onze e meia
🕚,eleven o’clock,once en punto,Onze horas
🧝,elf,duende,duende
🧝🏿,elf dark skin tone,tono de piel oscura elfo,Tom da pele escura elfa
🧝🏻,elf light skin tone,tono de piel claro elfo,tom de pele clara elfa
🧝🏾,elf medium-dark skin tone,tono de piel de dark de elfo medio,Tom de pele de elfo médio-escuro
🧝🏼,elf medium-light skin tone,tono de piel de luz media elfa,Tom de pele com luz média elfa
🧝🏽,elf medium skin tone,tono de piel medio elfo,Tom de pele média elfa
🪹,empty nest,nido vacío,ninho vazio
😡,enraged face,cara enfurecida,rosto enfurecido
✉️,envelope,sobre,envelope
✉,envelope,sobre,envelope
📩,envelope with arrow,sobre con flecha,envelope com seta
💶,euro banknote,billete de euro,Nota do euro
🌲,evergreen tree,árbol de hoja perenne,árvore sempre -verde
🐑,ewe,Ewe,ovelha
⁉️,exclamation question mark,marca de interrogación de exclamación,ponto de interrogação de exclamação
⁉,exclamation question mark,marca de interrogación de exclamación,ponto de interrogação de exclamação
🤯,exploding head,Cabeza explosiva,cabeça explodindo
😑,expressionless face,cara inexpresiva,rosto sem expressão
👁️,eye,ojo,olho
👁,eye,ojo,olho
👁️‍🗨️,eye in speech bubble,ojo en la burbuja del habla,olho na bolha de fala
👁‍🗨️,eye in speech bubble,ojo en la burbuja del habla,olho na bolha de fala
👁️‍🗨,eye in speech bubble,ojo en la burbuja del habla,olho na bolha de fala
👁‍🗨,eye in speech bubble,ojo en la burbuja del habla,olho na bolha de fala
👀,eyes,ojos,olhos
😘,face blowing a kiss,cara soplando un beso,rosto soprando um beijo
😮‍💨,face exhaling,cara exhalando,rosto expirando
🥹,face holding back tears,cara conteniendo lágrimas,rosto segurando lágrimas
😶‍🌫️,face in clouds,cara en las nubes,rosto em nuvens
😶‍🌫,face in clouds,cara en las nubes,rosto em nuvens
😋,face savoring food,Cara saborea la comida,Comida saboreando o rosto
😱,face screaming in fear,cara gritando de miedo,rosto gritando de medo
🤮,face vomiting,vómitos de cara,face vomitando
🫩,face with bags under eyes,cara con bolsas debajo de los ojos,rosto com sacos sob os olhos
😵,face with crossed-out eyes,cara con ojos cruzados,rosto com olhos cruzados
🫤,face with diagonal mouth,cara con boca diagonal,rosto com boca diagonal
🤭,face with hand over mouth,cara con la mano sobre la boca,rosto com a mão sobre a boca
🤕,face with head-bandage,cara con bandaje de cabeza,rosto com banda de cabeça
😷,face with medical mask,cara con máscara médica,rosto com máscara médica
🧐,face with monocle,cara con monocle,rosto com monóculo
🫢,face with open eyes and hand over mouth,cara con ojos abiertos y mano sobre la boca,rosto com olhos abertos e de mão na boca
😮,face with open mouth,cara con boca abierta,rosto com boca aberta
🫣,face with peeking eye,cara con el ojo mirando,rosto com olho espreitoso
🤨,face with raised eyebrow,cara con ceja levantada,rosto com sobrancelha levantada
🙄,face with rolling eyes,cara con ojos rodantes,rosto com olhos enrolados
😵‍💫,face with spiral eyes,cara con ojos espirales,rosto com olhos em espiral
😤,face with steam from nose,cara con vapor de la nariz,rosto com vapor do nariz
🤬,face with symbols on mouth,cara con símbolos en la boca,rosto com símbolos na boca
😂,face with tears of joy,cara con lágrimas de alegría,rosto com lágrimas de alegria
🤒,face with thermometer,cara con termómetro,rosto com termômetro
😛,face with tongue,rostro con lengua,rosto com língua
😶,face without mouth,cara sin boca,rosto sem boca
🏭,factory,fábrica,fábrica
🧑‍🏭,factory worker,trabajador de fábrica,Trabalhador da fábrica
🧑🏿‍🏭,factory worker dark skin tone,Tono de piel oscura del trabajador de fábrica,Tom de pele escura do trabalhador da fábrica
🧑🏻‍🏭,factory worker light skin tone,Tono de piel clara de trabajador de fábrica,Tom de pele leve para trabalhadores de fábrica
🧑🏾‍🏭,factory worker medium-dark skin tone,Tono de piel de Factory Worker Medium Dark Dark,Tom de pele de trabalhador médio-escuro de fábrica
🧑🏼‍🏭,factory worker medium-light skin tone,Tono de piel de luz media trabajadora de fábrica,Tom de pele com luz média trabalhadora de fábrica
🧑🏽‍🏭,factory worker medium skin tone,Tono de piel mediana del trabajador de fábrica,Tom de pele média do trabalhador da fábrica
🧚,fairy,hada,fada
🧚🏿,fairy dark skin tone,Tono de piel oscura de hadas,Tom de pele escura de fada
🧚🏻,fairy light skin tone,Tono de piel clara de hadas,Tom de pele leve de fada
🧚🏾,fairy medium-dark skin tone,tono de piel de hada medio-oscuridad,tom de pele de médio escuro de fada
🧚🏼,fairy medium-light skin tone,Tono de piel de luz media de hada,Tom de pele de luz média de fada
🧚🏽,fairy medium skin tone,Tono de piel mediana de hadas,Tom de pele média de fada
🧆,falafel,falafel,falafel
🍂,fallen leaf,hoja caída,folha caída
👪,family,familia,família
🧑‍🧑‍🧒,family adult adult child,Familia Niño adulto adulto,criança adulta da família
🧑‍🧑‍🧒‍🧒,family adult adult child child,Familia Adulto Adulto Niño,Criança adulta para adulto da família
🧑‍🧒,family adult child,Familia Adulto,Criança adulta da família
🧑‍🧒‍🧒,family adult child child,Familia Adulto Niño,FILIDADE DE CRIANÇA DE FAMÍLIA
👨‍👦,family man boy,Family Man Boy,Family Man Boy
👨‍👦‍👦,family man boy boy,Family Man Boy Boy,menino de família
👨‍👧,family man girl,niña de hombre de familia,Family Man Girl
👨‍👧‍👦,family man girl boy,Family Man Girl Boy,Menina de Família Menina
👨‍👧‍👧,family man girl girl,Familia Man Girl Girl,Family Man Girl
👨‍👨‍👦,family man man boy,Family Man Man Boy,Family Man Boy
👨‍👨‍👦‍👦,family man man boy boy,Familia hombre hombre chico chico,Family Man Boy Boy
👨‍👨‍👧,family man man girl,Family Man Man Girl,Man Girl
👨‍👨‍👧‍👦,family man man girl boy,Familia hombre hombre niña,Family Man menino menino
👨‍👨‍👧‍👧,family man man girl girl,Familia hombre hombre niña,Family Man Girl Girl
👨‍👩‍👦,family man woman boy,Familia hombre mujer chico,Family Man Boy
👨‍👩‍👦‍👦,family man woman boy boy,hombre de familia mujer chico chico,Mulher de família menino menino
👨‍👩‍👧,family man woman girl,Familia Mujer Mujer,Family Man Girl Girl
👨‍👩‍👧‍👦,family man woman girl boy,Familia hombre mujer niña,Family Man Giran menino
👨‍👩‍👧‍👧,family man woman girl girl,Hombre de la familia Mujer niña,Family Man Woman Girl Girl
👩‍👦,family woman boy,Familia mujer,Mulher de família
👩‍👦‍👦,family woman boy boy,Familia mujer niño,menino de mulher de família menino
👩‍👧,family woman girl,Mujer de familia,Mulher de família
👩‍👧‍👦,family woman girl boy,Familia mujer niña,Mulher de família menino
👩‍👧‍👧,family woman girl girl,Mujer de familia niña,Mulher de família menina
👩‍👩‍👦,family woman woman boy,Familia mujer mujer,Mulher de família menino
👩‍👩‍👦‍👦,family woman woman boy boy,Familia mujer mujer chico,Mulher de família menino menino
👩‍👩‍👧,family woman woman girl,Mujer de familia Mujer niña,Mulher de família Mulher
👩‍👩‍👧‍👦,family woman woman girl boy,Familia mujer mujer niña,Família Mulher Menina menino
👩‍👩‍👧‍👧,family woman woman girl girl,Familia mujer niña niña,Família Mulher Mulher menina
🧑‍🌾,farmer,agricultor,agricultor
🧑🏿‍🌾,farmer dark skin tone,Tono de piel oscura del granjero,Tom de pele escura do fazendeiro
🧑🏻‍🌾,farmer light skin tone,tono de piel clara de granjero,Tom de pele leve do fazendeiro
🧑🏾‍🌾,farmer medium-dark skin tone,tono de piel de findo medio-marmito de agricultores,Tom de pele do agricultor médio escuro
🧑🏼‍🌾,farmer medium-light skin tone,tono de piel de luz media agricultor,Tom de pele de luz média do fazendeiro
🧑🏽‍🌾,farmer medium skin tone,tono de piel mediana del agricultor,Tom de pele média do fazendeiro
⏩,fast-forward button,botón rápido,botão avançado
⏬,fast down button,botón rápido,Botão para baixo rápido
⏪,fast reverse button,botón de reverso rápido,Botão reverso rápido
⏫,fast up button,botón rápido,Botão Rápida para cima
📠,fax machine,máquina de fax,máquina de fax
😨,fearful face,cara temerosa,rosto temeroso
🪶,feather,pluma,pena
♀️,female sign,signo femenino,sinal feminino
♀,female sign,signo femenino,sinal feminino
🎡,ferris wheel,rueda de la fortuna,roda gigante
⛴️,ferry,transportar,balsa
⛴,ferry,transportar,balsa
🏑,field hockey,hockey sobre campo,hóquei em campo
🗄️,file cabinet,archivador,Gabinete de arquivo
🗄,file cabinet,archivador,Gabinete de arquivo
📁,file folder,carpeta de archivos,pasta de arquivo
🎞️,film frames,marcos de películas,quadros de filme
🎞,film frames,marcos de películas,quadros de filme
📽️,film projector,proyector de cine,projetor de cinema
📽,film projector,proyector de cine,projetor de cinema
🫆,fingerprint,huella dactilar,impressão digital
🔥,fire,fuego,fogo
🚒,fire engine,camión de bomberos,Corpo de bombeiros
🧯,fire extinguisher,extintor de incendios,extintor de incêndio
🧨,firecracker,petardo,Firecracker
🧑‍🚒,firefighter,bombero,bombeiro
🧑🏿‍🚒,firefighter dark skin tone,tono de piel oscura de bombero,tom de pele escura do bombeiro
🧑🏻‍🚒,firefighter light skin tone,tono de piel clara de bombero,Tom de pele leve de bombeiro
🧑🏾‍🚒,firefighter medium-dark skin tone,tono de piel de dark de bombero mediano,tom de pele de bombeiro bombeiro
🧑🏼‍🚒,firefighter medium-light skin tone,tono de piel de luz media de bombero,tom de pele de luz de bombeiro bombeiro
🧑🏽‍🚒,firefighter medium skin tone,tono de piel mediana de bombero,tom de pele média bombeiro
🎆,fireworks,fuegos artificiales,fogos de artifício
🌓,first quarter moon,Primer cuarto de luna,Lua do primeiro trimestre
🌛,first quarter moon face,Cara del primer cuarto de luna,Face da lua do primeiro trimestre
🐟,fish,pez,peixe
🍥,fish cake with swirl,pastel de pescado con remolino,bolo de peixe com redemoinho
🎣,fishing pole,polo de pesca,Polo de pesca
🕠,five-thirty,cinco treinta,cinco e meia
🕔,five o’clock,cinco en punto,cinco horas
⛳,flag in hole,bandera en el agujero,bandeira no buraco
🦩,flamingo,flamenco,flamingo
🔦,flashlight,flash,lanterna
🥿,flat shoe,zapato plano,sapato plano
🫓,flatbread,pan plano,pão sírio
⚜️,fleur-de-lis,flor de lis,Fleur-de-Lis
⚜,fleur-de-lis,flor de lis,Fleur-de-Lis
💪,flexed biceps,bíceps flexionado,bíceps flexionado
💪🏿,flexed biceps dark skin tone,Tono de piel oscura de bíceps flexionados,Bíceps flexível Tom de pele escura
💪🏻,flexed biceps light skin tone,Tono de piel ligera de bíceps flexionado,Tom de pele leve do bíceps flexível
💪🏾,flexed biceps medium-dark skin tone,Tono de piel de bíceps medianos de bíceps flexionados,Tom de pele de bíceps flexível de bíceps flexível
💪🏼,flexed biceps medium-light skin tone,Tono de piel de luz media de bíceps flexionados,Tom de pele de luz média do bíceps flexível
💪🏽,flexed biceps medium skin tone,Tono de piel mediana de bíceps flexionado,Tom de pele média do bíceps flexível
💾,floppy disk,disco flexible,disco disquete
🎴,flower playing cards,Cartas de juego de flores,Cartões de jogo de flores
😳,flushed face,cara sonrojada,rosto corado
🪈,flute,flauta,flauta
🪰,fly,volar,voar
🥏,flying disc,disco volador,disco voador
🛸,flying saucer,platillo volador,pires voadores
🌫️,fog,niebla,névoa
🌫,fog,niebla,névoa
🌁,foggy,neblinoso,enevoado
🙏,folded hands,manos dobladas,mãos dobradas
🙏🏿,folded hands dark skin tone,Tono de piel oscura de las manos dobladas,Tom de pele escura de mãos dobradas
🙏🏻,folded hands light skin tone,Tono de piel ligera de manos dobladas,Tom de pele de mãos dobradas
🙏🏾,folded hands medium-dark skin tone,Tono de piel mediana y media de manos dobladas,Mãos dobradas Tom de pele média-escura
🙏🏼,folded hands medium-light skin tone,Manos dobladas Tono de piel de luz media,Mãos dobradas Tom de pele de luz média
🙏🏽,folded hands medium skin tone,Tono de piel mediana de manos dobladas,Tom de pele média de mãos dobradas
🪭,folding hand fan,Ventilador de mano plegable,Fã dobrável da mão
🫕,fondue,fondue,fondue
🦶,foot,pie,pé
🦶🏿,foot dark skin tone,Tono de piel oscura del pie,tom de pele escura do pé
🦶🏻,foot light skin tone,tono de piel claro del pie,tom de pele leve para pé
🦶🏾,foot medium-dark skin tone,Tono de piel de color medio-oscuridad de pie,Tom de pele média-escuro do pé
🦶🏼,foot medium-light skin tone,Tono de piel de luz mediana de pie,tom de pele de luz média do pé
🦶🏽,foot medium skin tone,Tono de piel mediana del pie,Tom de pele média do pé
👣,footprints,huellas,pegadas
🍴,fork and knife,tenedor y cuchillo,garfo e faca
🍽️,fork and knife with plate,tenedor y cuchillo con plato,garfo e faca com prato
🍽,fork and knife with plate,tenedor y cuchillo con plato,garfo e faca com prato
🥠,fortune cookie,galleta de la fortuna,Cookie da fortuna
⛲,fountain,fuente,fonte
🖋️,fountain pen,pluma estilográfica,caneta -fonte
🖋,fountain pen,pluma estilográfica,caneta -fonte
🕟,four-thirty,cuatro y media,quatro e meia
🍀,four leaf clover,Clover de cuatro hojas,trevo de quatro folhas
🕓,four o’clock,cuatro en punto,quatro horas
🦊,fox,zorro,raposa
🖼️,framed picture,imagen enmarcada,imagem emoldurada
🖼,framed picture,imagen enmarcada,imagem emoldurada
🍟,french fries,papas fritas,batatas fritas
🍤,fried shrimp,camarón frito,camarão frito
🐸,frog,rana,sapo
🐥,front-facing baby chick,Chica de bebé orientada al frente,Chick de bebê voltado para frente
☹️,frowning face,cara fruncida,rosto franzido
☹,frowning face,cara fruncida,rosto franzido
😦,frowning face with open mouth,cara fruncida con la boca abierta,rosto franzindo com boca aberta
⛽,fuel pump,bomba de combustible,bomba de combustível
🌕,full moon,luna llena,Lua cheia
🌝,full moon face,cara de luna llena,rosto de lua cheia
⚱️,funeral urn,urna fúnebre,urna funerária
⚱,funeral urn,urna fúnebre,urna funerária
🎲,game die,morir del juego,Die o jogo
🧄,garlic,ajo,alho
⚙️,gear,engranaje,engrenagem
⚙,gear,engranaje,engrenagem
💎,gem stone,piedra de gema,Pedra de gem
🧞,genie,genio,gênio
👻,ghost,fantasma,fantasma
🫚,ginger root,raíz de jengibre,raiz de gengibre
🦒,giraffe,jirafa,girafa
👧,girl,chica,garota
👧🏿,girl dark skin tone,Tono de piel oscura de niña,Tom de pele escura de menina
👧🏻,girl light skin tone,Tono de piel ligera de niña,Tom de pele leve de menina
👧🏾,girl medium-dark skin tone,Girl Tono de piel mediano y oscuro,Tom de pele média-escura de menina
👧🏼,girl medium-light skin tone,Tono de piel de luz media,Tom de pele de luz média de menina
👧🏽,girl medium skin tone,Tono de piel mediana chica,Tom de pele média de menina
🥛,glass of milk,vaso de leche,copo de leite
👓,glasses,anteojos,copos
🌎,globe showing Americas,Globo que muestra América,globo mostrando as Américas
🌏,globe showing Asia-Australia,Globe que muestra Asia-Australia,globo mostrando Ásia-Austrália
🌍,globe showing Europe-Africa,Globo que muestra Europa-África,Globo mostrando Europa-África
🌐,globe with meridians,Globo con meridianos,globo com meridianos
🧤,gloves,guantes,luvas
🌟,glowing star,estrella brillante,Estrela brilhante
🥅,goal net,red de portería,rede de objetivos
🐐,goat,cabra,cabra
👺,goblin,duende,Goblin
🥽,goggles,gafas de protección,óculos
🪿,goose,ganso,ganso
🦍,gorilla,gorila,gorila
🎓,graduation cap,tapa de graduación,Cap de graduação
🍇,grapes,uvas,uvas
🍏,green apple,manzana verde,maçã verde
📗,green book,libro verde,Livro verde
🟢,green circle,círculo verde,Círculo verde
💚,green heart,corazón verde,coração verde
🥗,green salad,ensalada verde,salada verde
🟩,green square,cuadrado verde,quadrado verde
🩶,grey heart,corazón gris,Coração cinzento
😬,grimacing face,rostro,rosto caro
😺,grinning cat,gato sonriente,gato sorridente
😸,grinning cat with smiling eyes,gato sonriente con ojos sonrientes,gato sorridente com olhos sorridentes
😀,grinning face,rostro sonriente,rosto sorridente
😃,grinning face with big eyes,cara sonriente con ojos grandes,rosto sorridente com olhos grandes
😄,grinning face with smiling eyes,cara sonriente con ojos sonrientes,rosto sorridente com olhos sorridentes
😅,grinning face with sweat,cara sonriente con sudor,rosto sorridente com suor
😆,grinning squinting face,rostro de entrecerrar sonriendo,rosto de aperto sorridente
💗,growing heart,corazón en crecimiento,Coração em crescimento
💂,guard,guardia,guarda
💂🏿,guard dark skin tone,Guard tono de piel oscura,Tom da pele escura de guarda
💂🏻,guard light skin tone,tono de piel de luz de guardia,Tom de pele de guarda de guarda
💂🏾,guard medium-dark skin tone,Guente de tono de piel de oscuridad mediana,Tom de pele de guarda-de-mar de guarda
💂🏼,guard medium-light skin tone,Guente de tono de piel de luz media,Tom de pele de luz de luz de guarda
💂🏽,guard medium skin tone,Guente de tono de piel mediana,Tom de pele de guarda de guarda
🦮,guide dog,perro guía,cão guia
🎸,guitar,guitarra,guitarra
🪮,hair pick,selección de cabello,picareta de cabelo
🍔,hamburger,hamburguesa,hamburger
🔨,hammer,martillo,martelo
⚒️,hammer and pick,martillo y selección,martelar e escolher
⚒,hammer and pick,martillo y selección,martelar e escolher
🛠️,hammer and wrench,martillo,martelo e chave
🛠,hammer and wrench,martillo,martelo e chave
🪬,hamsa,hamsa,Hamsa
🐹,hamster,hámster,hamster
🖐️,hand with fingers splayed,mano con los dedos extendidos,mão com dedos espalhados
🖐,hand with fingers splayed,mano con los dedos extendidos,mão com dedos espalhados
🖐🏿,hand with fingers splayed dark skin tone,mano con los dedos tono de piel oscura extendida,mão com dedos espalhados para o tom escuro
🖐🏻,hand with fingers splayed light skin tone,Mano con los dedos tono de piel claro extendido,mão com dedos com tom de pele clara espalhada
🖐🏾,hand with fingers splayed medium-dark skin tone,Mano con los dedos tono de piel de color medio oscuro extendido,mão com dedos espalhados com tom de pele média-escuro
🖐🏼,hand with fingers splayed medium-light skin tone,Mano con los dedos tono de piel de luz media extendida,mão com dedos espalhados com tom de pele média
🖐🏽,hand with fingers splayed medium skin tone,Mano con los dedos tono de piel mediana extendida,mão com dedos com tom de pele média espalhada
🫰,hand with index finger and thumb crossed,mano con dedo índice y pulgar cruzado,mão com dedo indicador e polegar cruzados
🫰🏿,hand with index finger and thumb crossed dark skin tone,Mano con tono de piel oscura con el dedo y el pulgar oscuro cruzado,mão com dedo indicador e polegar cruzado de pele escura
🫰🏻,hand with index finger and thumb crossed light skin tone,mano con tono de piel claro con dedo y pulgar con dedo y pulgar,mão com dedo indicador e polegar de pele cruzada
🫰🏾,hand with index finger and thumb crossed medium-dark skin tone,Mano con tono de piel de color medio-oscuridad de dedo y pulgar de dedo y pulgar,mão com dedo indicador e polegar cruzado de pele de média escura
🫰🏼,hand with index finger and thumb crossed medium-light skin tone,Mano con tono de piel de luz media cruzada y dedo índice y pulgar,Mão com dedo indicador e polegar cruzado com luz de luz média
🫰🏽,hand with index finger and thumb crossed medium skin tone,Mano con tono de piel mediana cruzada y dedo índice y pulgar,Mão com dedo indicador e polegar de pele cruzada cruzada
👜,handbag,bolso,bolsa
🤝,handshake,apretón de manos,aperto de mão
🤝🏿,handshake dark skin tone,Tono de piel oscura del apretón de manos,Tom de pele escura de aperto de mão
🫱🏿‍🫲🏻,handshake dark skin tone light skin tone,Tono de piel de piel oscura de apretón de manos tono de piel claro,Tom de pele de pele escura do aperto de mão Tom de pele clara
🫱🏿‍🫲🏾,handshake dark skin tone medium-dark skin tone,Tono de piel oscuro de la piel del apretón de manos tono de piel medio-oscuridad,Tom de pele escura do aperto de mão Tom de pele média escuro
🫱🏿‍🫲🏼,handshake dark skin tone medium-light skin tone,Tono de piel oscura de la piel del apretón de manos tono de piel de luz media,Tom de pele escura do tom de mão
🫱🏿‍🫲🏽,handshake dark skin tone medium skin tone,Tono de piel de piel oscura de apretón de manos tono de piel mediana,Tom de pele escura do aperto de mão Tom de pele média
🤝🏻,handshake light skin tone,tono de piel clara de apretón de manos,tom de pele clara do aperto de mão
🫱🏻‍🫲🏿,handshake light skin tone dark skin tone,Tono de piel de luz de luz de manos tono de piel oscura,tom de pele de handshake leve tom de pele escura
🫱🏻‍🫲🏾,handshake light skin tone medium-dark skin tone,Tono de piel de luz de luz de manos tono de piel medio-oscuridad,tom de pele de handshake leve tom de pele média escuro
🫱🏻‍🫲🏼,handshake light skin tone medium-light skin tone,tono de piel de piel clara de luz de mano tono de piel de luz media,tom de pele de handshake leve tom de pele média
🫱🏻‍🫲🏽,handshake light skin tone medium skin tone,Tono de piel de piel de luz de manos tono de piel mediana,tom de pele de handshake leve tom de pele média
🤝🏾,handshake medium-dark skin tone,tono de piel de color mediocre de manos de manos,Tom de pele média-escuro com aperto de mão
🫱🏾‍🫲🏿,handshake medium-dark skin tone dark skin tone,Tono de piel de piel de mano de manyshake tono de piel oscura,tom de handshake tonz de pele média escuro Tom escuro
🫱🏾‍🫲🏻,handshake medium-dark skin tone light skin tone,tono de piel de piel de color medio-apretón de manos tono de piel claro,Handshake de tomamento de pele média-escuro tom de pele leve
🫱🏾‍🫲🏼,handshake medium-dark skin tone medium-light skin tone,Tono de piel de la piel medio-acompañante del apretón de manos tono de piel de luz media,tom de handshake de toninho de pele média escuro Tom de luz média
🫱🏾‍🫲🏽,handshake medium-dark skin tone medium skin tone,Tono de piel de piel mediana y apretón de manos tono de piel mediana,tom de handshake de tomamento de pele média escuro
🤝🏼,handshake medium-light skin tone,tono de piel de luz media de apretón de manos,tom de pele de handshake
🫱🏼‍🫲🏿,handshake medium-light skin tone dark skin tone,Tono de piel de luz de luz de mano de apretón de manos tono de piel oscura,tom de handshake de luz de luz média tom de pele escura
🫱🏼‍🫲🏻,handshake medium-light skin tone light skin tone,apretón de manos tono de piel de piel mediana luz de piel clara,tom de handshake de luz de luz de luz média tom de pele leve
🫱🏼‍🫲🏾,handshake medium-light skin tone medium-dark skin tone,Tono de piel de piel de luz de mano de manos tono de piel medio-oscuridad,tom de handshake de luz de luz de luz média
🫱🏼‍🫲🏽,handshake medium-light skin tone medium skin tone,apretón de manos tono de piel de luz media,tom de handshake de luz de luz média tom de pele média
🤝🏽,handshake medium skin tone,tono de piel mediana de apretón de manos,tom de pele de handshake
🫱🏽‍🫲🏿,handshake medium skin tone dark skin tone,Tono de piel de piel mediana del apretón de manos tono de piel oscura,tom de pele de handshake de pele média de pele escura
🫱🏽‍🫲🏻,handshake medium skin tone light skin tone,tono de piel de piel mediana del apretón de manos tono de piel,tom de handshake de pele de pele média tom de pele leve
🫱🏽‍🫲🏾,handshake medium skin tone medium-dark skin tone,Tono de piel de piel mediana de manual,tom de handshake de pele média de pele média escura
🫱🏽‍🫲🏼,handshake medium skin tone medium-light skin tone,Tono de piel de piel mediana del apretón de manos tono de piel mediana,tom de handshake ton de pele média tom de luz média
🪉,harp,arpa,harpa
🐣,hatching chick,pollito,Chick de choque
🙂‍↔️,head shaking horizontally,Cabeza temblando horizontalmente,Cabeça tremendo horizontalmente
🙂‍↔,head shaking horizontally,Cabeza temblando horizontalmente,Cabeça tremendo horizontalmente
🙂‍↕️,head shaking vertically,Cabeza temblando verticalmente,Cabeça tremendo verticalmente
🙂‍↕,head shaking vertically,Cabeza temblando verticalmente,Cabeça tremendo verticalmente
🎧,headphone,auricular,fone de ouvido
🪦,headstone,lápida mortuoria,lápide
🧑‍⚕️,health worker,trabajador de la salud,Trabalhador de Saúde
🧑‍⚕,health worker,trabajador de la salud,Trabalhador de Saúde
🧑🏿‍⚕️,health worker dark skin tone,Tono de piel oscura del trabajador de la salud,Tom do Skin Skin Work Worker Dark
🧑🏿‍⚕,health worker dark skin tone,Tono de piel oscura del trabajador de la salud,Tom do Skin Skin Work Worker Dark
🧑🏻‍⚕️,health worker light skin tone,Tono de piel clara de los trabajadores de la salud,Tom de pele de saúde de saúde
🧑🏻‍⚕,health worker light skin tone,Tono de piel clara de los trabajadores de la salud,Tom de pele de saúde de saúde
🧑🏾‍⚕️,health worker medium-dark skin tone,trabajador de salud tono de piel medio-oscuridad,Tom de pele de médio escuro para trabalhadores de saúde
🧑🏾‍⚕,health worker medium-dark skin tone,trabajador de salud tono de piel medio-oscuridad,Tom de pele de médio escuro para trabalhadores de saúde
🧑🏼‍⚕️,health worker medium-light skin tone,trabajador de salud tono de piel de luz media,Tom de pele de saúde de saúde
🧑🏼‍⚕,health worker medium-light skin tone,trabajador de salud tono de piel de luz media,Tom de pele de saúde de saúde
🧑🏽‍⚕️,health worker medium skin tone,trabajador de salud tono de piel mediana,Tom de pele de saúde de saúde
🧑🏽‍⚕,health worker medium skin tone,trabajador de salud tono de piel mediana,Tom de pele de saúde de saúde
🙉,hear-no-evil monkey,oye-no-maldito mono,ouvido-não-Evil Monkey
💟,heart decoration,decoración del corazón,decoração cardíaca
❣️,heart exclamation,exclamación del corazón,Exclamação do coração
❣,heart exclamation,exclamación del corazón,Exclamação do coração
🫶,heart hands,manos del corazón,Mãos do coração
🫶🏿,heart hands dark skin tone,Manos del corazón tono de piel oscura,Tom de pele escura de mãos do coração
🫶🏻,heart hands light skin tone,manos del corazón tono de piel claro,Tom de pele leve de mãos de coração
🫶🏾,heart hands medium-dark skin tone,Manos de corazón tono de piel medio-oscuridad,Mãos do coração Tom de pele média-escuro
🫶🏼,heart hands medium-light skin tone,manos del corazón tono de piel de luz media,Tom de pele de luz de luzes do coração
🫶🏽,heart hands medium skin tone,manos del corazón tono de piel mediana,Tom de pele média de mãos do coração
❤️‍🔥,heart on fire,corazón en llamas,coração em chamas
❤‍🔥,heart on fire,corazón en llamas,coração em chamas
♥️,heart suit,traje de corazón,traje de coração
♥,heart suit,traje de corazón,traje de coração
💘,heart with arrow,Corazón con flecha,coração com flecha
💝,heart with ribbon,corazón con cinta,coração com fita
💲,heavy dollar sign,signo de dólar pesado,Sinal de dólar pesado
🟰,heavy equals sign,Heavy Equals Sign,Pesado é igual a sinal
🦔,hedgehog,erizo,ouriço
🚁,helicopter,helicóptero,helicóptero
🌿,herb,hierba,erva
🌺,hibiscus,hibisco,Hibisco
👠,high-heeled shoe,zapato de tacón alto,sapato de salto alto
🚄,high-speed train,tren de alta velocidad,trem de alta velocidade
⚡,high voltage,alto voltaje,alta tensão
🥾,hiking boot,arranque de senderismo,Boot de caminhada
🛕,hindu temple,templo hindú,Templo Hindu
🦛,hippopotamus,hipopótamo,Hipopótamo
🕳️,hole,agujero,buraco
🕳,hole,agujero,buraco
⭕,hollow red circle,círculo rojo hueco,Círculo vermelho oco
🍯,honey pot,bote de miel,Pote de mel
🐝,honeybee,honeybee,HoneyBee
🪝,hook,gancho,gancho
🚥,horizontal traffic light,semáforo horizontal,semáforo horizontal
🐎,horse,caballo,cavalo
🐴,horse face,cara de caballo,rosto de cavalo
🏇,horse racing,carreras de caballos,Corrida de cavalos
🏇🏿,horse racing dark skin tone,Tono de piel oscura de carreras de caballos,Tom de pele escura de corrida de cavalos
🏇🏻,horse racing light skin tone,tono de piel clara de carreras de caballos,Tom de pele leve para corridas de cavalos
🏇🏾,horse racing medium-dark skin tone,Tono de piel de color medio-oscuridad de carreras de caballos,Tom de pele de corrida de corrida de cavalos
🏇🏼,horse racing medium-light skin tone,Tono de piel de luz media de carreras de caballos,tom de pele de corrida de cavalos
🏇🏽,horse racing medium skin tone,tono de piel mediana de carreras de caballos,tom de pele de corrida de cavalos
🏥,hospital,hospital,hospital
☕,hot beverage,bebida caliente,bebida quente
🌭,hot dog,Hot dog,cachorro-quente
🥵,hot face,cara caliente,rosto quente
🌶️,hot pepper,pimiento picante,pimenta picante
🌶,hot pepper,pimiento picante,pimenta picante
♨️,hot springs,aguas termales,Hot Springs
♨,hot springs,aguas termales,Hot Springs
🏨,hotel,hotel,hotel
⌛,hourglass done,Hourglass hecho,ampulheta feita
⏳,hourglass not done,Hourglass no hecho,ampulheta não terminou
🏠,house,casa,casa
🏡,house with garden,casa con jardín,casa com jardim
🏘️,houses,casas,casas
🏘,houses,casas,casas
💯,hundred points,cien puntos,centenas de pontos
😯,hushed face,cara de silencio,rosto silenciado
🛖,hut,cabaña,cabana
🪻,hyacinth,jacinto,jacinto
🧊,ice,hielo,gelo
🍨,ice cream,helado,sorvete
🏒,ice hockey,hockey sobre hielo,Hóquei no gelo
⛸️,ice skate,patinaje sobre hielo,patins de gelo
⛸,ice skate,patinaje sobre hielo,patins de gelo
🪪,identification card,tarjeta de identificación,cartão de identificação
📥,inbox tray,bandeja de entrada,Bandeja da caixa de entrada
📨,incoming envelope,sobre entrante,envelope de entrada
🫵,index pointing at the viewer,índice apuntando al espectador,índice apontando para o espectador
🫵🏿,index pointing at the viewer dark skin tone,índice apuntando al espectador tono de piel oscura,Índice apontando para o espectador Tom de pele escura
🫵🏻,index pointing at the viewer light skin tone,índice apuntando al tono de piel claro del espectador,Índice apontando para o tom de pele clara do espectador
🫵🏾,index pointing at the viewer medium-dark skin tone,índice apuntando al tono de piel medio-oscuridad del espectador,Índice apontando para o visualizador de tom de pele média-escuro
🫵🏼,index pointing at the viewer medium-light skin tone,índice apuntando al espectador tono de piel de luz media,Índice apontando para o visualizador Tom de pele de luz média
🫵🏽,index pointing at the viewer medium skin tone,índice apuntando al tono de piel mediana del espectador,Índice apontando para o visualizador de tom de pele média
☝️,index pointing up,índice apuntando hacia arriba,índice apontando para cima
☝,index pointing up,índice apuntando hacia arriba,índice apontando para cima
☝🏿,index pointing up dark skin tone,índice apuntando al tono de piel oscura,índice apontando para cima do tom escuro
☝🏻,index pointing up light skin tone,índice apuntando al tono de piel clara,Índice apontando para cima do tom da pele clara
☝🏾,index pointing up medium-dark skin tone,índice apuntando al tono de piel medio-oscuridad,Índice apontando para cima do tom de pele média-escuro
☝🏼,index pointing up medium-light skin tone,índice apuntando al tono de piel de luz media,índice apontando para cima do tom de pele de luz média
☝🏽,index pointing up medium skin tone,índice apuntando al tono de piel mediana,Índice apontando para cima do tom de pele média
♾️,infinity,infinidad,infinidade
♾,infinity,infinidad,infinidade
ℹ️,information,información,Informação
ℹ,information,información,Informação
🔤,input latin letters,Entrada de letras latinas,Entrar letras latinas
🔡,input latin lowercase,Entrada en minúsculas latinas,Entrada em minúsculas latinas
🔠,input latin uppercase,entrada latina en mayúsculas,Entrada em latim em maiúsculas
🔢,input numbers,números de entrada,números de entrada
🔣,input symbols,símbolos de entrada,símbolos de entrada
🎃,jack-o-lantern,jack-o-lantern,Jack-O-Lantern
🫙,jar,frasco,jarra
👖,jeans,vaqueros,jeans
🪼,jellyfish,medusa,medusa
🃏,joker,bromista,palhaço
🕹️,joystick,palanca de mando,joystick
🕹,joystick,palanca de mando,joystick
🧑‍⚖️,judge,juez,juiz
🧑‍⚖,judge,juez,juiz
🧑🏿‍⚖️,judge dark skin tone,juzga el tono de piel oscura,Juiz Tom da pele escura
🧑🏿‍⚖,judge dark skin tone,juzga el tono de piel oscura,Juiz Tom da pele escura
🧑🏻‍⚖️,judge light skin tone,juzga el tono de piel clara,Juiz Tom de pele leve
🧑🏻‍⚖,judge light skin tone,juzga el tono de piel clara,Juiz Tom de pele leve
🧑🏾‍⚖️,judge medium-dark skin tone,juzga el tono de piel de la oscuridad mediana,Juiz Tom de pele de médio escuro
🧑🏾‍⚖,judge medium-dark skin tone,juzga el tono de piel de la oscuridad mediana,Juiz Tom de pele de médio escuro
🧑🏼‍⚖️,judge medium-light skin tone,juzgar tono de piel de luz media,julgar o tom de pele de luz média
🧑🏼‍⚖,judge medium-light skin tone,juzgar tono de piel de luz media,julgar o tom de pele de luz média
🧑🏽‍⚖️,judge medium skin tone,juzga el tono de piel mediana,Juiz Tom de pele média
🧑🏽‍⚖,judge medium skin tone,juzga el tono de piel mediana,Juiz Tom de pele média
🕋,kaaba,kaaba,Kaaba
🦘,kangaroo,canguro,canguru
🔑,key,llave,chave
⌨️,keyboard,teclado,teclado
⌨,keyboard,teclado,teclado
#️⃣,keycap #,KeyCap #,KeyCap #
#⃣,keycap #,KeyCap #,KeyCap #
*️⃣,keycap *,keycap *,keycap *
*⃣,keycap *,keycap *,keycap *
0️⃣,keycap 0,keycap 0,KeyCap 0
0⃣,keycap 0,keycap 0,KeyCap 0
1️⃣,keycap 1,keycap 1,KeyCap 1
1⃣,keycap 1,keycap 1,KeyCap 1
🔟,keycap 10,keycap 10,KeyCap 10
2️⃣,keycap 2,KeyCap 2,KeyCap 2
2⃣,keycap 2,KeyCap 2,KeyCap 2
3️⃣,keycap 3,keycap 3,KeyCap 3
3⃣,keycap 3,keycap 3,KeyCap 3
4️⃣,keycap 4,keycap 4,KeyCap 4
4⃣,keycap 4,keycap 4,KeyCap 4
5️⃣,keycap 5,KeyCap 5,KeyCap 5
5⃣,keycap 5,KeyCap 5,KeyCap 5
6️⃣,keycap 6,keycap 6,KeyCap 6
6⃣,keycap 6,keycap 6,KeyCap 6
7️⃣,keycap 7,keycap 7,KeyCap 7
7⃣,keycap 7,keycap 7,KeyCap 7
8️⃣,keycap 8,keycap 8,KeyCap 8
8⃣,keycap 8,keycap 8,KeyCap 8
9️⃣,keycap 9,keycap 9,KeyCap 9
9⃣,keycap 9,keycap 9,KeyCap 9
🪯,khanda,khanda,Khanda
🛴,kick scooter,scooter,Scooter de chute
👘,kimono,kimono,quimono
💏,kiss,beso,beijo
💏🏿,kiss dark skin tone,beso tono de piel oscura,beijo de tom escuro de pele
💏🏻,kiss light skin tone,besar tono de piel ligera,beijo de tom leve de pele
👨‍❤️‍💋‍👨,kiss man man,besar hombre hombre,beijo homem homem
👨‍❤‍💋‍👨,kiss man man,besar hombre hombre,beijo homem homem
👨🏿‍❤️‍💋‍👨🏿,kiss man man dark skin tone,Kiss Man Man Tono de piel oscura,Beijo Man Man Tom de pele escura
👨🏿‍❤‍💋‍👨🏿,kiss man man dark skin tone,Kiss Man Man Tono de piel oscura,Beijo Man Man Tom de pele escura
👨🏿‍❤️‍💋‍👨🏻,kiss man man dark skin tone light skin tone,Kiss Man Man Dark Skin Tono de piel clara Tono,beijo homem homem tom de pele escura de pele clara
👨🏿‍❤‍💋‍👨🏻,kiss man man dark skin tone light skin tone,Kiss Man Man Dark Skin Tono de piel clara Tono,beijo homem homem tom de pele escura de pele clara
👨🏿‍❤️‍💋‍👨🏾,kiss man man dark skin tone medium-dark skin tone,Kiss Man Man Dark Skin Tono de piel medio-oscuridad,beijo homem homem tom de pele escura do tom médio escuro
👨🏿‍❤‍💋‍👨🏾,kiss man man dark skin tone medium-dark skin tone,Kiss Man Man Dark Skin Tono de piel medio-oscuridad,beijo homem homem tom de pele escura do tom médio escuro
👨🏿‍❤️‍💋‍👨🏼,kiss man man dark skin tone medium-light skin tone,Kiss Man Man Dark Skin Tono de piel de luz media,beijo homem homem tom de pele escura de pele de luz média
👨🏿‍❤‍💋‍👨🏼,kiss man man dark skin tone medium-light skin tone,Kiss Man Man Dark Skin Tono de piel de luz media,beijo homem homem tom de pele escura de pele de luz média
👨🏿‍❤️‍💋‍👨🏽,kiss man man dark skin tone medium skin tone,Kiss Man Man Dark Skin Tono de piel mediana Tono,beijo homem homem tom de pele escura tom de pele média
👨🏿‍❤‍💋‍👨🏽,kiss man man dark skin tone medium skin tone,Kiss Man Man Dark Skin Tono de piel mediana Tono,beijo homem homem tom de pele escura tom de pele média
👨🏻‍❤️‍💋‍👨🏻,kiss man man light skin tone,Kiss Man Man Tono de piel claro,beijo homem homem tom de pele leve
👨🏻‍❤‍💋‍👨🏻,kiss man man light skin tone,Kiss Man Man Tono de piel claro,beijo homem homem tom de pele leve
👨🏻‍❤️‍💋‍👨🏿,kiss man man light skin tone dark skin tone,Kiss Man Man Light Skin Tono de piel oscura Tono,beijo homem homem tom de pele clara tom de pele escura
👨🏻‍❤‍💋‍👨🏿,kiss man man light skin tone dark skin tone,Kiss Man Man Light Skin Tono de piel oscura Tono,beijo homem homem tom de pele clara tom de pele escura
👨🏻‍❤️‍💋‍👨🏾,kiss man man light skin tone medium-dark skin tone,Kiss Man Man Light Skin Tono de piel medio-oscuridad Tono,beijo homem homem tom de pele clara tom de pele média escura
👨🏻‍❤‍💋‍👨🏾,kiss man man light skin tone medium-dark skin tone,Kiss Man Man Light Skin Tono de piel medio-oscuridad Tono,beijo homem homem tom de pele clara tom de pele média escura
👨🏻‍❤️‍💋‍👨🏼,kiss man man light skin tone medium-light skin tone,Kiss Man Man Light Skin Tono de piel de luz media,beijo homem homem tom de pele leve leve luz de luz média
👨🏻‍❤‍💋‍👨🏼,kiss man man light skin tone medium-light skin tone,Kiss Man Man Light Skin Tono de piel de luz media,beijo homem homem tom de pele leve leve luz de luz média
👨🏻‍❤️‍💋‍👨🏽,kiss man man light skin tone medium skin tone,Kiss Man Man Light Skin Tono de piel mediana Tono,beijo homem homem tom de pele leve tom de pele média
👨🏻‍❤‍💋‍👨🏽,kiss man man light skin tone medium skin tone,Kiss Man Man Light Skin Tono de piel mediana Tono,beijo homem homem tom de pele leve tom de pele média
👨🏾‍❤️‍💋‍👨🏾,kiss man man medium-dark skin tone,Kiss Man Man Tono de piel medio-oscuridad,beijo homem homem tom de pele média escura
👨🏾‍❤‍💋‍👨🏾,kiss man man medium-dark skin tone,Kiss Man Man Tono de piel medio-oscuridad,beijo homem homem tom de pele média escura
👨🏾‍❤️‍💋‍👨🏿,kiss man man medium-dark skin tone dark skin tone,Kiss Man Man Medium Dark Skin Tono de piel oscura Tono,beijo homem homem tom de pele média escura de pele escura
👨🏾‍❤‍💋‍👨🏿,kiss man man medium-dark skin tone dark skin tone,Kiss Man Man Medium Dark Skin Tono de piel oscura Tono,beijo homem homem tom de pele média escura de pele escura
👨🏾‍❤️‍💋‍👨🏻,kiss man man medium-dark skin tone light skin tone,Kiss Man Man Medium Dark Skin Tono de la luz de la luz,beijo homem homem tom de pele de pele média-escura
👨🏾‍❤‍💋‍👨🏻,kiss man man medium-dark skin tone light skin tone,Kiss Man Man Medium Dark Skin Tono de la luz de la luz,beijo homem homem tom de pele de pele média-escura
👨🏾‍❤️‍💋‍👨🏼,kiss man man medium-dark skin tone medium-light skin tone,Kiss Man Man Medium Dark Skin Tono de piel de luz media,beijo homem homem tom de pele média-escuro tom de pele média
👨🏾‍❤‍💋‍👨🏼,kiss man man medium-dark skin tone medium-light skin tone,Kiss Man Man Medium Dark Skin Tono de piel de luz media,beijo homem homem tom de pele média-escuro tom de pele média
👨🏾‍❤️‍💋‍👨🏽,kiss man man medium-dark skin tone medium skin tone,Kiss Man Man Medium-Dark Skin Tono de piel mediana,beijo homem homem tom de pele média escuro
👨🏾‍❤‍💋‍👨🏽,kiss man man medium-dark skin tone medium skin tone,Kiss Man Man Medium-Dark Skin Tono de piel mediana,beijo homem homem tom de pele média escuro
👨🏼‍❤️‍💋‍👨🏼,kiss man man medium-light skin tone,Kiss Man Man Tono de piel de luz media,beijo homem homem tom de pele de luz média
👨🏼‍❤‍💋‍👨🏼,kiss man man medium-light skin tone,Kiss Man Man Tono de piel de luz media,beijo homem homem tom de pele de luz média
👨🏼‍❤️‍💋‍👨🏿,kiss man man medium-light skin tone dark skin tone,Kiss Man Man Tono de piel de luz mediana de la piel oscura Tono,beijo homem homem tonveiro de pele média-luz do tom escuro
👨🏼‍❤‍💋‍👨🏿,kiss man man medium-light skin tone dark skin tone,Kiss Man Man Tono de piel de luz mediana de la piel oscura Tono,beijo homem homem tonveiro de pele média-luz do tom escuro
👨🏼‍❤️‍💋‍👨🏻,kiss man man medium-light skin tone light skin tone,Kiss Man Man Tono de piel de piel mediana de la luz tono de piel,beijo homem homem homem luz de luz média tom de pele leve
👨🏼‍❤‍💋‍👨🏻,kiss man man medium-light skin tone light skin tone,Kiss Man Man Tono de piel de piel mediana de la luz tono de piel,beijo homem homem homem luz de luz média tom de pele leve
👨🏼‍❤️‍💋‍👨🏾,kiss man man medium-light skin tone medium-dark skin tone,Kiss Man Man Tono de piel de luz medio-luz-luz-oscuridad Tono,beijo homem homem tom de pele de luz média-luz do tom médio-escuro
👨🏼‍❤‍💋‍👨🏾,kiss man man medium-light skin tone medium-dark skin tone,Kiss Man Man Tono de piel de luz medio-luz-luz-oscuridad Tono,beijo homem homem tom de pele de luz média-luz do tom médio-escuro
👨🏼‍❤️‍💋‍👨🏽,kiss man man medium-light skin tone medium skin tone,Kiss Man Man Tono de piel de luz mediana tono de piel mediana,beijo homem homem tom de pele de luz média tom de pele média
👨🏼‍❤‍💋‍👨🏽,kiss man man medium-light skin tone medium skin tone,Kiss Man Man Tono de piel de luz mediana tono de piel mediana,beijo homem homem tom de pele de luz média tom de pele média
👨🏽‍❤️‍💋‍👨🏽,kiss man man medium skin tone,Kiss Man Man Tono de piel mediana,beijo homem homem tom de pele média
👨🏽‍❤‍💋‍👨🏽,kiss man man medium skin tone,Kiss Man Man Tono de piel mediana,beijo homem homem tom de pele média
👨🏽‍❤️‍💋‍👨🏿,kiss man man medium skin tone dark skin tone,Kiss Man Man Tono de piel mediana de piel oscura Tono,beijo homem homem tom de pele média tom de pele escura
👨🏽‍❤‍💋‍👨🏿,kiss man man medium skin tone dark skin tone,Kiss Man Man Tono de piel mediana de piel oscura Tono,beijo homem homem tom de pele média tom de pele escura
👨🏽‍❤️‍💋‍👨🏻,kiss man man medium skin tone light skin tone,Kiss Man Man Tono de piel de piel mediana Tono de piel claro,beijo homem homem tom de pele média tom de pele leve
👨🏽‍❤‍💋‍👨🏻,kiss man man medium skin tone light skin tone,Kiss Man Man Tono de piel de piel mediana Tono de piel claro,beijo homem homem tom de pele média tom de pele leve
👨🏽‍❤️‍💋‍👨🏾,kiss man man medium skin tone medium-dark skin tone,Kiss Man Man Tono de piel mediana de piel mediana tono de piel oscuro,beijo homem homem tom de pele média tom de pele média escura
👨🏽‍❤‍💋‍👨🏾,kiss man man medium skin tone medium-dark skin tone,Kiss Man Man Tono de piel mediana de piel mediana tono de piel oscuro,beijo homem homem tom de pele média tom de pele média escura
👨🏽‍❤️‍💋‍👨🏼,kiss man man medium skin tone medium-light skin tone,Kiss Man Man Tono de piel mediana de la piel mediana tono de piel,beijo homem homem tom de pele média tom de pele média
👨🏽‍❤‍💋‍👨🏼,kiss man man medium skin tone medium-light skin tone,Kiss Man Man Tono de piel mediana de la piel mediana tono de piel,beijo homem homem tom de pele média tom de pele média
💋,kiss mark,besar a Mark,beijo Mark
💏🏾,kiss medium-dark skin tone,Kiss Tono de piel mediano y oscuridad,Tom de pele de beijo médio-escuro
💏🏼,kiss medium-light skin tone,beso tono de piel de luz media,Tom de pele de beijo de luz média
💏🏽,kiss medium skin tone,besar tono de piel mediana,beijo de tom de pele média
🧑🏿‍❤️‍💋‍🧑🏻,kiss person person dark skin tone light skin tone,beso persona persona tono de piel oscura tono de piel claro,beijo pessoa pessoa de pele escura tom de pele clara
🧑🏿‍❤‍💋‍🧑🏻,kiss person person dark skin tone light skin tone,beso persona persona tono de piel oscura tono de piel claro,beijo pessoa pessoa de pele escura tom de pele clara
🧑🏿‍❤️‍💋‍🧑🏾,kiss person person dark skin tone medium-dark skin tone,beso persona persona tono de piel oscura tono de piel medio oscuro,beijo pessoa pessoa de pele escura tom de pele média escura
🧑🏿‍❤‍💋‍🧑🏾,kiss person person dark skin tone medium-dark skin tone,beso persona persona tono de piel oscura tono de piel medio oscuro,beijo pessoa pessoa de pele escura tom de pele média escura
🧑🏿‍❤️‍💋‍🧑🏼,kiss person person dark skin tone medium-light skin tone,beso persona persona tono de piel oscura tono de piel de luz media,beijo pessoa pessoa de pele escura tom de pele média
🧑🏿‍❤‍💋‍🧑🏼,kiss person person dark skin tone medium-light skin tone,beso persona persona tono de piel oscura tono de piel de luz media,beijo pessoa pessoa de pele escura tom de pele média
🧑🏿‍❤️‍💋‍🧑🏽,kiss person person dark skin tone medium skin tone,beso persona persona tono de piel oscura tono de piel mediana,beijo pessoa pessoa de pele escura tom de pele média
🧑🏿‍❤‍💋‍🧑🏽,kiss person person dark skin tone medium skin tone,beso persona persona tono de piel oscura tono de piel mediana,beijo pessoa pessoa de pele escura tom de pele média
🧑🏻‍❤️‍💋‍🧑🏿,kiss person person light skin tone dark skin tone,beso persona persona tono de piel claro tono de piel oscura,beijo pessoa pessoa de pele leve tom de pele escura
🧑🏻‍❤‍💋‍🧑🏿,kiss person person light skin tone dark skin tone,beso persona persona tono de piel claro tono de piel oscura,beijo pessoa pessoa de pele leve tom de pele escura
🧑🏻‍❤️‍💋‍🧑🏾,kiss person person light skin tone medium-dark skin tone,beso persona persona tono de piel claro tono de piel medio oscuro,beijo pessoa pessoa leve tom de pele leve tom de pele média escuro
🧑🏻‍❤‍💋‍🧑🏾,kiss person person light skin tone medium-dark skin tone,beso persona persona tono de piel claro tono de piel medio oscuro,beijo pessoa pessoa leve tom de pele leve tom de pele média escuro
🧑🏻‍❤️‍💋‍🧑🏼,kiss person person light skin tone medium-light skin tone,beso persona persona tono de piel claro tono de piel mediana,beijo pessoa pessoa leve tom de pele leve luz de luz média
🧑🏻‍❤‍💋‍🧑🏼,kiss person person light skin tone medium-light skin tone,beso persona persona tono de piel claro tono de piel mediana,beijo pessoa pessoa leve tom de pele leve luz de luz média
🧑🏻‍❤️‍💋‍🧑🏽,kiss person person light skin tone medium skin tone,beso persona persona tono de piel claro tono de piel mediana,beijo pessoa pessoa tom de pele leve tom de pele média
🧑🏻‍❤‍💋‍🧑🏽,kiss person person light skin tone medium skin tone,beso persona persona tono de piel claro tono de piel mediana,beijo pessoa pessoa tom de pele leve tom de pele média
🧑🏾‍❤️‍💋‍🧑🏿,kiss person person medium-dark skin tone dark skin tone,beso persona persona de piel mediana tono de piel oscura tono de piel oscura,beijo pessoa pessoa de pele média-escura tom de pele escura
🧑🏾‍❤‍💋‍🧑🏿,kiss person person medium-dark skin tone dark skin tone,beso persona persona de piel mediana tono de piel oscura tono de piel oscura,beijo pessoa pessoa de pele média-escura tom de pele escura
🧑🏾‍❤️‍💋‍🧑🏻,kiss person person medium-dark skin tone light skin tone,beso persona persona dark dark tono de piel de piel tono de piel,beijar pessoa pessoa de pele de pele médio-escuro tom de pele leve
🧑🏾‍❤‍💋‍🧑🏻,kiss person person medium-dark skin tone light skin tone,beso persona persona dark dark tono de piel de piel tono de piel,beijar pessoa pessoa de pele de pele médio-escuro tom de pele leve
🧑🏾‍❤️‍💋‍🧑🏼,kiss person person medium-dark skin tone medium-light skin tone,beso persona persona tono de piel medio-oscuridad tono de piel de luz media,beijar pessoa pessoa de pele média-escuro tom de pele média
🧑🏾‍❤‍💋‍🧑🏼,kiss person person medium-dark skin tone medium-light skin tone,beso persona persona tono de piel medio-oscuridad tono de piel de luz media,beijar pessoa pessoa de pele média-escuro tom de pele média
🧑🏾‍❤️‍💋‍🧑🏽,kiss person person medium-dark skin tone medium skin tone,beso persona persona tono de piel medio-oscuridad tono de piel mediana,beijo pessoa pessoa de pele média de pele média
🧑🏾‍❤‍💋‍🧑🏽,kiss person person medium-dark skin tone medium skin tone,beso persona persona tono de piel medio-oscuridad tono de piel mediana,beijo pessoa pessoa de pele média de pele média
🧑🏼‍❤️‍💋‍🧑🏿,kiss person person medium-light skin tone dark skin tone,beso persona persona tono de piel de luz media tono de piel oscura,beijo pessoa pessoa com luz de luz média tom de pele escura
🧑🏼‍❤‍💋‍🧑🏿,kiss person person medium-light skin tone dark skin tone,beso persona persona tono de piel de luz media tono de piel oscura,beijo pessoa pessoa com luz de luz média tom de pele escura
🧑🏼‍❤️‍💋‍🧑🏻,kiss person person medium-light skin tone light skin tone,beso persona persona tono de piel de luz mediana tono de piel claro,beijar pessoa pessoa com luz de luz média tom de pele leve
🧑🏼‍❤‍💋‍🧑🏻,kiss person person medium-light skin tone light skin tone,beso persona persona tono de piel de luz mediana tono de piel claro,beijar pessoa pessoa com luz de luz média tom de pele leve
🧑🏼‍❤️‍💋‍🧑🏾,kiss person person medium-light skin tone medium-dark skin tone,beso persona persona tono de piel de luz mediana tono de piel medio-oscuridad,beijo pessoa pessoa com luz média tom de pele média
🧑🏼‍❤‍💋‍🧑🏾,kiss person person medium-light skin tone medium-dark skin tone,beso persona persona tono de piel de luz mediana tono de piel medio-oscuridad,beijo pessoa pessoa com luz média tom de pele média
🧑🏼‍❤️‍💋‍🧑🏽,kiss person person medium-light skin tone medium skin tone,beso persona persona tono de piel de luz mediana tono de piel mediana,beijo pessoa pessoa de luz média tom de pele média tom de pele
🧑🏼‍❤‍💋‍🧑🏽,kiss person person medium-light skin tone medium skin tone,beso persona persona tono de piel de luz mediana tono de piel mediana,beijo pessoa pessoa de luz média tom de pele média tom de pele
🧑🏽‍❤️‍💋‍🧑🏿,kiss person person medium skin tone dark skin tone,beso persona persona tono de piel mediana tono de piel oscura,beijo pessoa pessoa de pele média tom de pele escura
🧑🏽‍❤‍💋‍🧑🏿,kiss person person medium skin tone dark skin tone,beso persona persona tono de piel mediana tono de piel oscura,beijo pessoa pessoa de pele média tom de pele escura
🧑🏽‍❤️‍💋‍🧑🏻,kiss person person medium skin tone light skin tone,beso persona persona tono de piel mediana tono de piel claro,beijo pessoa pessoa de pele média tom de pele leve
🧑🏽‍❤‍💋‍🧑🏻,kiss person person medium skin tone light skin tone,beso persona persona tono de piel mediana tono de piel claro,beijo pessoa pessoa de pele média tom de pele leve
🧑🏽‍❤️‍💋‍🧑🏾,kiss person person medium skin tone medium-dark skin tone,beso persona persona tono de piel mediana de piel medio-oscuridad tono,beijo pessoa pessoa de pele média tom de pele média-escura
🧑🏽‍❤‍💋‍🧑🏾,kiss person person medium skin tone medium-dark skin tone,beso persona persona tono de piel mediana de piel medio-oscuridad tono,beijo pessoa pessoa de pele média tom de pele média-escura
🧑🏽‍❤️‍💋‍🧑🏼,kiss person person medium skin tone medium-light skin tone,beso persona persona tono de piel mediana tono de piel de luz media,beijo pessoa pessoa de pele média tom de pele média tom de pele média
🧑🏽‍❤‍💋‍🧑🏼,kiss person person medium skin tone medium-light skin tone,beso persona persona tono de piel mediana tono de piel de luz media,beijo pessoa pessoa de pele média tom de pele média tom de pele média
👩‍❤️‍💋‍👨,kiss woman man,beso mujer hombre,beijar mulher homem
👩‍❤‍💋‍👨,kiss woman man,beso mujer hombre,beijar mulher homem
👩🏿‍❤️‍💋‍👨🏿,kiss woman man dark skin tone,beso mujer hombre tono de piel oscura,beijo mulher homem homem escuro tom de pele
👩🏿‍❤‍💋‍👨🏿,kiss woman man dark skin tone,beso mujer hombre tono de piel oscura,beijo mulher homem homem escuro tom de pele
👩🏿‍❤️‍💋‍👨🏻,kiss woman man dark skin tone light skin tone,beso mujer hombre tono de piel oscura tono de piel claro,beijo mulher homem homem escuro tom de pele leve
👩🏿‍❤‍💋‍👨🏻,kiss woman man dark skin tone light skin tone,beso mujer hombre tono de piel oscura tono de piel claro,beijo mulher homem homem escuro tom de pele leve
👩🏿‍❤️‍💋‍👨🏾,kiss woman man dark skin tone medium-dark skin tone,Kiss Woman Man Tono de piel oscuro de piel oscura,beijo mulher homem homem escuro tom de pele média
👩🏿‍❤‍💋‍👨🏾,kiss woman man dark skin tone medium-dark skin tone,Kiss Woman Man Tono de piel oscuro de piel oscura,beijo mulher homem homem escuro tom de pele média
👩🏿‍❤️‍💋‍👨🏼,kiss woman man dark skin tone medium-light skin tone,beso mujer hombre tono de piel oscuro tono de piel de luz media,beijo mulher homem homem escuro tom de pele média tom de pele
👩🏿‍❤‍💋‍👨🏼,kiss woman man dark skin tone medium-light skin tone,beso mujer hombre tono de piel oscuro tono de piel de luz media,beijo mulher homem homem escuro tom de pele média tom de pele
👩🏿‍❤️‍💋‍👨🏽,kiss woman man dark skin tone medium skin tone,beso mujer hombre tono de piel oscuro tono de piel mediana,beijo mulher homem homem escuro tom de pele média
👩🏿‍❤‍💋‍👨🏽,kiss woman man dark skin tone medium skin tone,beso mujer hombre tono de piel oscuro tono de piel mediana,beijo mulher homem homem escuro tom de pele média
👩🏻‍❤️‍💋‍👨🏻,kiss woman man light skin tone,beso mujer hombre tono de piel claro,beijo mulher homem homem leve tom de pele
👩🏻‍❤‍💋‍👨🏻,kiss woman man light skin tone,beso mujer hombre tono de piel claro,beijo mulher homem homem leve tom de pele
👩🏻‍❤️‍💋‍👨🏿,kiss woman man light skin tone dark skin tone,beso mujer hombre tono de piel claro tono de piel oscura,beijo mulher homem homem luz tom de pele escura
👩🏻‍❤‍💋‍👨🏿,kiss woman man light skin tone dark skin tone,beso mujer hombre tono de piel claro tono de piel oscura,beijo mulher homem homem luz tom de pele escura
👩🏻‍❤️‍💋‍👨🏾,kiss woman man light skin tone medium-dark skin tone,beso mujer hombre tono de piel claro tono de piel medio-oscuridad,beijo mulher homem homem leve tom de pele de pele média escura
👩🏻‍❤‍💋‍👨🏾,kiss woman man light skin tone medium-dark skin tone,beso mujer hombre tono de piel claro tono de piel medio-oscuridad,beijo mulher homem homem leve tom de pele de pele média escura
👩🏻‍❤️‍💋‍👨🏼,kiss woman man light skin tone medium-light skin tone,beso mujer hombre tono de piel claro tono de piel mediana,beijo mulher homem homem leve tom de pele leve luz de luz média
👩🏻‍❤‍💋‍👨🏼,kiss woman man light skin tone medium-light skin tone,beso mujer hombre tono de piel claro tono de piel mediana,beijo mulher homem homem leve tom de pele leve luz de luz média
👩🏻‍❤️‍💋‍👨🏽,kiss woman man light skin tone medium skin tone,beso mujer hombre tono de piel claro tono de piel mediana,beijo mulher homem homem leve tom de pele de pele média
👩🏻‍❤‍💋‍👨🏽,kiss woman man light skin tone medium skin tone,beso mujer hombre tono de piel claro tono de piel mediana,beijo mulher homem homem leve tom de pele de pele média
👩🏾‍❤️‍💋‍👨🏾,kiss woman man medium-dark skin tone,Kiss Woman Man Medium-Dark Skin Tono,beijo mulher homem homem de pele média escura
👩🏾‍❤‍💋‍👨🏾,kiss woman man medium-dark skin tone,Kiss Woman Man Medium-Dark Skin Tono,beijo mulher homem homem de pele média escura
👩🏾‍❤️‍💋‍👨🏿,kiss woman man medium-dark skin tone dark skin tone,Kiss Woman Man Medium Dark Skin Tono de piel oscura Tono,beijo mulher homem homem de pele média escura tom de pele escura
👩🏾‍❤‍💋‍👨🏿,kiss woman man medium-dark skin tone dark skin tone,Kiss Woman Man Medium Dark Skin Tono de piel oscura Tono,beijo mulher homem homem de pele média escura tom de pele escura
👩🏾‍❤️‍💋‍👨🏻,kiss woman man medium-dark skin tone light skin tone,Kiss Woman Man Medium-Dark Skin Tono de la piel Ligera Tono,beijo mulher homem homem médio escark tonve
👩🏾‍❤‍💋‍👨🏻,kiss woman man medium-dark skin tone light skin tone,Kiss Woman Man Medium-Dark Skin Tono de la piel Ligera Tono,beijo mulher homem homem médio escark tonve
👩🏾‍❤️‍💋‍👨🏼,kiss woman man medium-dark skin tone medium-light skin tone,Kiss Woman Man Medium Dark Skin Tono de piel de luz media,beijo mulher homem homem de pele médio-escuro tom de pele média
👩🏾‍❤‍💋‍👨🏼,kiss woman man medium-dark skin tone medium-light skin tone,Kiss Woman Man Medium Dark Skin Tono de piel de luz media,beijo mulher homem homem de pele médio-escuro tom de pele média
👩🏾‍❤️‍💋‍👨🏽,kiss woman man medium-dark skin tone medium skin tone,Kiss Woman Man Medium-Dark Skin Tono de piel mediana,beijo mulher homem homem tonveiro de pele média escuro
👩🏾‍❤‍💋‍👨🏽,kiss woman man medium-dark skin tone medium skin tone,Kiss Woman Man Medium-Dark Skin Tono de piel mediana,beijo mulher homem homem tonveiro de pele média escuro
👩🏼‍❤️‍💋‍👨🏼,kiss woman man medium-light skin tone,beso mujer hombre tono de piel de luz media,beijo de mulher homem homem-luz de luz média
👩🏼‍❤‍💋‍👨🏼,kiss woman man medium-light skin tone,beso mujer hombre tono de piel de luz media,beijo de mulher homem homem-luz de luz média
👩🏼‍❤️‍💋‍👨🏿,kiss woman man medium-light skin tone dark skin tone,beso mujer hombre tono de piel de luz media tono de piel oscura,beijo mulher homem homem luz de luz média tom de pele escura
👩🏼‍❤‍💋‍👨🏿,kiss woman man medium-light skin tone dark skin tone,beso mujer hombre tono de piel de luz media tono de piel oscura,beijo mulher homem homem luz de luz média tom de pele escura
👩🏼‍❤️‍💋‍👨🏻,kiss woman man medium-light skin tone light skin tone,beso mujer hombre tono de piel de luz mediana tono de piel claro,beijo mulher homem homem luz de luz média tom de pele leve
👩🏼‍❤‍💋‍👨🏻,kiss woman man medium-light skin tone light skin tone,beso mujer hombre tono de piel de luz mediana tono de piel claro,beijo mulher homem homem luz de luz média tom de pele leve
👩🏼‍❤️‍💋‍👨🏾,kiss woman man medium-light skin tone medium-dark skin tone,beso mujer hombre tono de piel de luz mediana tono de piel medio-oscuridad,beijo mulher homem homem luz de luz média tom de pele média escura
👩🏼‍❤‍💋‍👨🏾,kiss woman man medium-light skin tone medium-dark skin tone,beso mujer hombre tono de piel de luz mediana tono de piel medio-oscuridad,beijo mulher homem homem luz de luz média tom de pele média escura
👩🏼‍❤️‍💋‍👨🏽,kiss woman man medium-light skin tone medium skin tone,beso mujer hombre tono de piel de luz mediana tono de piel mediana,beijo mulher homem homem luz de luz média tom de pele média
👩🏼‍❤‍💋‍👨🏽,kiss woman man medium-light skin tone medium skin tone,beso mujer hombre tono de piel de luz mediana tono de piel mediana,beijo mulher homem homem luz de luz média tom de pele média
👩🏽‍❤️‍💋‍👨🏽,kiss woman man medium skin tone,beso mujer hombre tono de piel mediana,beijo de mulher homem tom de pele média
👩🏽‍❤‍💋‍👨🏽,kiss woman man medium skin tone,beso mujer hombre tono de piel mediana,beijo de mulher homem tom de pele média
👩🏽‍❤️‍💋‍👨🏿,kiss woman man medium skin tone dark skin tone,beso mujer hombre tono de piel mediana tono de piel oscura,beijo mulher homem homem tom de pele média tom de pele escura
👩🏽‍❤‍💋‍👨🏿,kiss woman man medium skin tone dark skin tone,beso mujer hombre tono de piel mediana tono de piel oscura,beijo mulher homem homem tom de pele média tom de pele escura
👩🏽‍❤️‍💋‍👨🏻,kiss woman man medium skin tone light skin tone,beso mujer hombre tono de piel mediana tono de piel claro,beijo mulher homem homem de pele média tom de pele clara
👩🏽‍❤‍💋‍👨🏻,kiss woman man medium skin tone light skin tone,beso mujer hombre tono de piel mediana tono de piel claro,beijo mulher homem homem de pele média tom de pele clara
👩🏽‍❤️‍💋‍👨🏾,kiss woman man medium skin tone medium-dark skin tone,Kiss Woman Hombre Tono de piel mediana mediana Tono de piel medio-oscuridad,beijo mulher homem homem tom de pele média tom de pele média escura
👩🏽‍❤‍💋‍👨🏾,kiss woman man medium skin tone medium-dark skin tone,Kiss Woman Hombre Tono de piel mediana mediana Tono de piel medio-oscuridad,beijo mulher homem homem tom de pele média tom de pele média escura
👩🏽‍❤️‍💋‍👨🏼,kiss woman man medium skin tone medium-light skin tone,beso mujer hombre tono de piel mediana tono de piel de luz media,beijo mulher homem homem tom de pele média tom de luz média
👩🏽‍❤‍💋‍👨🏼,kiss woman man medium skin tone medium-light skin tone,beso mujer hombre tono de piel mediana tono de piel de luz media,beijo mulher homem homem tom de pele média tom de luz média
👩‍❤️‍💋‍👩,kiss woman woman,beso mujer mujer,beijar mulher mulher
👩‍❤‍💋‍👩,kiss woman woman,beso mujer mujer,beijar mulher mulher
👩🏿‍❤️‍💋‍👩🏿,kiss woman woman dark skin tone,beso mujer mujer tono de piel oscura,beijo mulher mulher tom de pele escura
👩🏿‍❤‍💋‍👩🏿,kiss woman woman dark skin tone,beso mujer mujer tono de piel oscura,beijo mulher mulher tom de pele escura
👩🏿‍❤️‍💋‍👩🏻,kiss woman woman dark skin tone light skin tone,beso mujer mujer tono de piel oscura tono de piel claro,beijo mulher mulher mulher escura tom de pele leve
👩🏿‍❤‍💋‍👩🏻,kiss woman woman dark skin tone light skin tone,beso mujer mujer tono de piel oscura tono de piel claro,beijo mulher mulher mulher escura tom de pele leve
👩🏿‍❤️‍💋‍👩🏾,kiss woman woman dark skin tone medium-dark skin tone,beso mujer mujer tono de piel oscura tono de piel medio-oscuridad,beijo mulher mulher tom de pele escura tom de pele média escura
👩🏿‍❤‍💋‍👩🏾,kiss woman woman dark skin tone medium-dark skin tone,beso mujer mujer tono de piel oscura tono de piel medio-oscuridad,beijo mulher mulher tom de pele escura tom de pele média escura
👩🏿‍❤️‍💋‍👩🏼,kiss woman woman dark skin tone medium-light skin tone,beso mujer mujer tono de piel oscura tono de piel de luz media,beijo mulher mulher tom de pele escura tom de pele média
👩🏿‍❤‍💋‍👩🏼,kiss woman woman dark skin tone medium-light skin tone,beso mujer mujer tono de piel oscura tono de piel de luz media,beijo mulher mulher tom de pele escura tom de pele média
👩🏿‍❤️‍💋‍👩🏽,kiss woman woman dark skin tone medium skin tone,beso mujer mujer tono de piel oscuro tono de piel mediana,beijo mulher mulher mulher escura tom de pele média
👩🏿‍❤‍💋‍👩🏽,kiss woman woman dark skin tone medium skin tone,beso mujer mujer tono de piel oscuro tono de piel mediana,beijo mulher mulher mulher escura tom de pele média
👩🏻‍❤️‍💋‍👩🏻,kiss woman woman light skin tone,beso mujer mujer tono de piel claro,beijo mulher mulher tom de pele leve
👩🏻‍❤‍💋‍👩🏻,kiss woman woman light skin tone,beso mujer mujer tono de piel claro,beijo mulher mulher tom de pele leve
👩🏻‍❤️‍💋‍👩🏿,kiss woman woman light skin tone dark skin tone,beso mujer mujer tono de piel claro tono de piel oscura,beijo mulher mulher mulher tom de pele clara tom de pele escura
👩🏻‍❤‍💋‍👩🏿,kiss woman woman light skin tone dark skin tone,beso mujer mujer tono de piel claro tono de piel oscura,beijo mulher mulher mulher tom de pele clara tom de pele escura
👩🏻‍❤️‍💋‍👩🏾,kiss woman woman light skin tone medium-dark skin tone,beso mujer mujer tono de piel claro tono de piel medio-oscuridad,beijo mulher mulher tom de pele leve tom de pele média escura
👩🏻‍❤‍💋‍👩🏾,kiss woman woman light skin tone medium-dark skin tone,beso mujer mujer tono de piel claro tono de piel medio-oscuridad,beijo mulher mulher tom de pele leve tom de pele média escura
👩🏻‍❤️‍💋‍👩🏼,kiss woman woman light skin tone medium-light skin tone,beso mujer mujer tono de piel claro tono de piel de luz media,"beijo mulher mulher tom de pele leve, tom de pele média"
👩🏻‍❤‍💋‍👩🏼,kiss woman woman light skin tone medium-light skin tone,beso mujer mujer tono de piel claro tono de piel de luz media,"beijo mulher mulher tom de pele leve, tom de pele média"
👩🏻‍❤️‍💋‍👩🏽,kiss woman woman light skin tone medium skin tone,beso mujer mujer tono de piel claro tono de piel mediana,beijo mulher mulher tom de pele leve tom de pele média
👩🏻‍❤‍💋‍👩🏽,kiss woman woman light skin tone medium skin tone,beso mujer mujer tono de piel claro tono de piel mediana,beijo mulher mulher tom de pele leve tom de pele média
👩🏾‍❤️‍💋‍👩🏾,kiss woman woman medium-dark skin tone,beso mujer mujer tono de piel medio-oscuridad,Beijo mulher mulher tom de pele média escura
👩🏾‍❤‍💋‍👩🏾,kiss woman woman medium-dark skin tone,beso mujer mujer tono de piel medio-oscuridad,Beijo mulher mulher tom de pele média escura
👩🏾‍❤️‍💋‍👩🏿,kiss woman woman medium-dark skin tone dark skin tone,Kiss Woman Woman Medium-Dark Skin Tono de piel oscura,beijo mulher mulher mulher tonveiro de pele média escuro
👩🏾‍❤‍💋‍👩🏿,kiss woman woman medium-dark skin tone dark skin tone,Kiss Woman Woman Medium-Dark Skin Tono de piel oscura,beijo mulher mulher mulher tonveiro de pele média escuro
👩🏾‍❤️‍💋‍👩🏻,kiss woman woman medium-dark skin tone light skin tone,Kiss Woman Woman Medium-Dark Skin Tono de la piel Ligera Tono,beijo mulher mulher mulher tom de pele média-escuro tom de pele leve
👩🏾‍❤‍💋‍👩🏻,kiss woman woman medium-dark skin tone light skin tone,Kiss Woman Woman Medium-Dark Skin Tono de la piel Ligera Tono,beijo mulher mulher mulher tom de pele média-escuro tom de pele leve
👩🏾‍❤️‍💋‍👩🏼,kiss woman woman medium-dark skin tone medium-light skin tone,Kiss Woman Woman Medium-Dark Skin Tono de piel de luz media,beijo mulher mulher tom de pele média-escuro tom de pele média
👩🏾‍❤‍💋‍👩🏼,kiss woman woman medium-dark skin tone medium-light skin tone,Kiss Woman Woman Medium-Dark Skin Tono de piel de luz media,beijo mulher mulher tom de pele média-escuro tom de pele média
👩🏾‍❤️‍💋‍👩🏽,kiss woman woman medium-dark skin tone medium skin tone,Kiss Woman Woman Medium-Dark Skin Tono de piel mediana,beijo mulher mulher mulher tonveiro médio escuro tom de pele média
👩🏾‍❤‍💋‍👩🏽,kiss woman woman medium-dark skin tone medium skin tone,Kiss Woman Woman Medium-Dark Skin Tono de piel mediana,beijo mulher mulher mulher tonveiro médio escuro tom de pele média
👩🏼‍❤️‍💋‍👩🏼,kiss woman woman medium-light skin tone,beso mujer mujer tono de piel de luz media,beijo mulher mulher mulher luz de luz média
👩🏼‍❤‍💋‍👩🏼,kiss woman woman medium-light skin tone,beso mujer mujer tono de piel de luz media,beijo mulher mulher mulher luz de luz média
👩🏼‍❤️‍💋‍👩🏿,kiss woman woman medium-light skin tone dark skin tone,beso mujer mujer tono de piel de luz media tono de piel oscura,beijo mulher mulher mulher luz de luz média tom de pele escura
👩🏼‍❤‍💋‍👩🏿,kiss woman woman medium-light skin tone dark skin tone,beso mujer mujer tono de piel de luz media tono de piel oscura,beijo mulher mulher mulher luz de luz média tom de pele escura
👩🏼‍❤️‍💋‍👩🏻,kiss woman woman medium-light skin tone light skin tone,beso mujer mujer tono de piel de luz mediana tono de piel claro,beijo mulher mulher mulher luz de luz média tom de pele leve
👩🏼‍❤‍💋‍👩🏻,kiss woman woman medium-light skin tone light skin tone,beso mujer mujer tono de piel de luz mediana tono de piel claro,beijo mulher mulher mulher luz de luz média tom de pele leve
👩🏼‍❤️‍💋‍👩🏾,kiss woman woman medium-light skin tone medium-dark skin tone,beso mujer mujer tono de piel de luz mediana tono de piel medio oscuro,beijo mulher mulher tom de pele média de luz média
👩🏼‍❤‍💋‍👩🏾,kiss woman woman medium-light skin tone medium-dark skin tone,beso mujer mujer tono de piel de luz mediana tono de piel medio oscuro,beijo mulher mulher tom de pele média de luz média
👩🏼‍❤️‍💋‍👩🏽,kiss woman woman medium-light skin tone medium skin tone,beso mujer mujer tono de piel de luz mediana tono de piel mediana,beijo mulher mulher mulher luz de luz média tom de pele média
👩🏼‍❤‍💋‍👩🏽,kiss woman woman medium-light skin tone medium skin tone,beso mujer mujer tono de piel de luz mediana tono de piel mediana,beijo mulher mulher mulher luz de luz média tom de pele média
👩🏽‍❤️‍💋‍👩🏽,kiss woman woman medium skin tone,beso mujer mujer tono de piel mediana,beijo mulher mulher tom de pele média
👩🏽‍❤‍💋‍👩🏽,kiss woman woman medium skin tone,beso mujer mujer tono de piel mediana,beijo mulher mulher tom de pele média
👩🏽‍❤️‍💋‍👩🏿,kiss woman woman medium skin tone dark skin tone,beso mujer mujer tono de piel mediana tono de piel oscura,beijo mulher mulher mulher tom de pele média tom escuro
👩🏽‍❤‍💋‍👩🏿,kiss woman woman medium skin tone dark skin tone,beso mujer mujer tono de piel mediana tono de piel oscura,beijo mulher mulher mulher tom de pele média tom escuro
👩🏽‍❤️‍💋‍👩🏻,kiss woman woman medium skin tone light skin tone,beso mujer mujer tono de piel mediana tono de piel claro,beijo mulher mulher mulher tom de pele média tom de pele clara
👩🏽‍❤‍💋‍👩🏻,kiss woman woman medium skin tone light skin tone,beso mujer mujer tono de piel mediana tono de piel claro,beijo mulher mulher mulher tom de pele média tom de pele clara
👩🏽‍❤️‍💋‍👩🏾,kiss woman woman medium skin tone medium-dark skin tone,beso mujer mujer tono de piel mediana tono de piel medio-oscuridad,beijo mulher mulher tom de pele média tom de pele média escura
👩🏽‍❤‍💋‍👩🏾,kiss woman woman medium skin tone medium-dark skin tone,beso mujer mujer tono de piel mediana tono de piel medio-oscuridad,beijo mulher mulher tom de pele média tom de pele média escura
👩🏽‍❤️‍💋‍👩🏼,kiss woman woman medium skin tone medium-light skin tone,beso mujer mujer tono de piel mediana tono de piel de luz media,beijo mulher mulher tom de pele média tom de pele média
👩🏽‍❤‍💋‍👩🏼,kiss woman woman medium skin tone medium-light skin tone,beso mujer mujer tono de piel mediana tono de piel de luz media,beijo mulher mulher tom de pele média tom de pele média
😽,kissing cat,gato besando,beijando gato
😗,kissing face,cara de besos,Beijando o rosto
😚,kissing face with closed eyes,Cara besándose con ojos cerrados,Beijando o rosto com olhos fechados
😙,kissing face with smiling eyes,Besando la cara con ojos sonrientes,Beijando o rosto com olhos sorridentes
🔪,kitchen knife,cuchillo de cocina,Faca de cozinha
🪁,kite,cometa,pipa
🥝,kiwi fruit,fruta kiwi,Fruta Kiwi
🪢,knot,nudo,nó
🐨,koala,coala,Koala
🥼,lab coat,bata de laboratorio,casaco de laboratório
🏷️,label,etiqueta,rótulo
🏷,label,etiqueta,rótulo
🥍,lacrosse,lacrosse,lacrosse
🪜,ladder,escalera,escada
🐞,lady beetle,escarabajo,Lady Beetle
💻,laptop,computadora portátil,laptop
🔷,large blue diamond,Diamante azul grande,Diamante azul grande
🔶,large orange diamond,Diamante naranja grande,Grande diamante laranja
🌗,last quarter moon,Luna del último cuarto,Lua do último trimestre
🌜,last quarter moon face,Cara del último cuarto de luna,Face da lua do último trimestre
⏮️,last track button,Último botón de pista,Último botão de faixa
⏮,last track button,Último botón de pista,Último botão de faixa
✝️,latin cross,Cruz Latina,Cruz em latim
✝,latin cross,Cruz Latina,Cruz em latim
🍃,leaf fluttering in wind,Flutering en el viento,folhas vibrando no vento
🪾,leafless tree,árbol sin hojas,Árvore sem folhas
🥬,leafy green,verde frondoso,verde folhoso
📒,ledger,libro mayor,Ledger
🤛,left-facing fist,puño de izquierda,punho voltado para a esquerda
🤛🏿,left-facing fist dark skin tone,Tono de piel oscura del puño de izquierda,Tom de pele escura do punho voltados para a esquerda
🤛🏻,left-facing fist light skin tone,Tono de piel de luz de puño a la izquierda,tom de pele leve voltada para a esquerda
🤛🏾,left-facing fist medium-dark skin tone,Tono de piel medio-oscuridad de puño de izquierda,Tom de pele de punho médio-escuro voltado para a esquerda
🤛🏼,left-facing fist medium-light skin tone,Tono de piel de luz media de puño de izquierda,tom de pele de punho voltado para a esquerda
🤛🏽,left-facing fist medium skin tone,Tono de piel mediana de puño izquierdo,Tom de pele média voltado para a esquerda
↔️,left-right arrow,flecha izquierda-derecha,Arrow esquerda-direita
↔,left-right arrow,flecha izquierda-derecha,Arrow esquerda-direita
⬅️,left arrow,flecha izquierda,seta esquerda
⬅,left arrow,flecha izquierda,seta esquerda
↪️,left arrow curving right,Curvas de flecha izquierda a la derecha,Arrow esquerda curvando a direita
↪,left arrow curving right,Curvas de flecha izquierda a la derecha,Arrow esquerda curvando a direita
🛅,left luggage,Equipaje izquierdo,bagagem esquerda
🗨️,left speech bubble,Burbuja del habla izquierda,Bolha de fala esquerda
🗨,left speech bubble,Burbuja del habla izquierda,Bolha de fala esquerda
🫲,leftwards hand,mano hacia la izquierda,mão esquerda
🫲🏿,leftwards hand dark skin tone,Tono de piel oscura a mano izquierda,Tom da pele escura da mão esquerda
🫲🏻,leftwards hand light skin tone,Tono de piel de luz de mano izquierda hacia la izquierda,Tom de pele leve à esquerda à esquerda
🫲🏾,leftwards hand medium-dark skin tone,Tono de piel medio-oscuridad de mano izquierda,Tom de pele média-escuro à esquerda para a esquerda
🫲🏼,leftwards hand medium-light skin tone,Tono de piel de luz media izquierda,Tom de pele de luz média à esquerda para a esquerda
🫲🏽,leftwards hand medium skin tone,Tono de piel mediana mano a mano izquierda,Tom de pele média para a mão esquerda
🫷,leftwards pushing hand,hacia la izquierda empujando la mano,"De esquerda, empurrando a mão"
🫷🏿,leftwards pushing hand dark skin tone,Tono de piel oscura de la mano izquierda empujando la mano,Tom de pele escura para a esquerda empurrando a mão
🫷🏻,leftwards pushing hand light skin tone,Tono de piel de luz de mano izquierda empujando la mano,Tom da pele leve à esquerda empurrando a mão
🫷🏾,leftwards pushing hand medium-dark skin tone,Tono de piel medio-oscuridad de empuje hacia la izquierda,Em direção à esquerda empurrando o tom de pele média-escuro da mão
🫷🏼,leftwards pushing hand medium-light skin tone,Tono de piel de luz media de empuje hacia la izquierda,"Tom de pele de luz média da mão, empurrando para a esquerda"
🫷🏽,leftwards pushing hand medium skin tone,Tono de piel mediana de la mano izquierda empujando la mano,"Em direção à esquerda, empurrando o tom de pele média da mão"
🦵,leg,pierna,perna
🦵🏿,leg dark skin tone,Tono de piel oscura de la pierna,Tom de pele escura da perna
🦵🏻,leg light skin tone,Tono de piel de luz de la pierna,Tom da pele leve da perna
🦵🏾,leg medium-dark skin tone,Tono de piel de la pierna mediana y oscura,Tom de pele média-escuro da perna
🦵🏼,leg medium-light skin tone,Tono de piel de luz media de la pierna,Tom de pele de luz média da perna
🦵🏽,leg medium skin tone,Tono de piel mediano de la pierna,Tom de pele média da perna
🍋,lemon,limón,limão
🐆,leopard,leopardo,leopardo
🎚️,level slider,control deslizante de nivel,Slider nivelado
🎚,level slider,control deslizante de nivel,Slider nivelado
🩵,light blue heart,corazón azul claro,Coração azul claro
💡,light bulb,bombilla,lâmpada elétrica
🚈,light rail,Tren Ligero,Veiculo Leve Sobre Trilhos
🏻,light skin tone,tono de piel claro,tom de pele clara
🍋‍🟩,lime,cal,Lima
🔗,link,enlace,link
🖇️,linked paperclips,clips vinculados,clipes de papel vinculados
🖇,linked paperclips,clips vinculados,clipes de papel vinculados
🦁,lion,león,leão
💄,lipstick,lápiz labial,batom
🚮,litter in bin sign,Litter en el signo de contenedor,lixo no letreiro
🦎,lizard,lagarto,lagarto
🦙,llama,llama,lhama
🦞,lobster,langosta,lagosta
🔒,locked,encerrado,trancado
🔐,locked with key,Bloqueado con llave,bloqueado com chave
🔏,locked with pen,Bloqueado con bolígrafo,trancado com caneta
🚂,locomotive,locomotora,locomotiva
🍭,lollipop,chupete,pirulito
🪘,long drum,tambor,tambor longo
🧴,lotion bottle,botella de loción,garrafa de loção
🪷,lotus,loto,lótus
😭,loudly crying face,cara llorada,rosto chorando alto
📢,loudspeaker,altoparlante,alto -falante
🤟,love-you gesture,Gesto de amor,amor-você gesto
🤟🏿,love-you gesture dark skin tone,Tono de piel oscura de gesto de amor,Tom da pele escura do amor-gesto de amor-você
🤟🏻,love-you gesture light skin tone,tono de piel clara de gesto de amor,Tom de pele leve para gesto de amor-você
🤟🏾,love-you gesture medium-dark skin tone,Tono de piel de amor medio-oscuridad de amor,Tom de pele de gesto médio-escuro para gesto de amor-você
🤟🏼,love-you gesture medium-light skin tone,Tono de piel de luz media de amor,Tom de pele de luz de gesto de amor-você
🤟🏽,love-you gesture medium skin tone,tono de piel mediana de gesto de amor,Tom de pele média de amor-gesto
🏩,love hotel,hotel de amor,Love Hotel
💌,love letter,carta de amor,Carta de amor
🪫,low battery,batería baja,Bateria baixa
🧳,luggage,equipaje,bagagem
🫁,lungs,pulmones,pulmões
🤥,lying face,cara acostada,rosto deitado
🧙,mage,mago,mago
🧙🏿,mage dark skin tone,Mage tono de piel oscura,tom de pele escura de mago
🧙🏻,mage light skin tone,tono de piel claro del mago,tom de pele leve de mago
🧙🏾,mage medium-dark skin tone,Tono de piel de Dark Mage Medium-Dark,Tom de pele média-escuro de mago
🧙🏼,mage medium-light skin tone,Mage tono de piel de luz media,tom de pele de luz média mago
🧙🏽,mage medium skin tone,tono de piel mediana mago,tom de pele média mago
🪄,magic wand,varita mágica,varinha mágica
🧲,magnet,imán,ímã
🔍,magnifying glass tilted left,lupa inclinada a la izquierda,lupa de vidro inclinado à esquerda
🔎,magnifying glass tilted right,lupa inclinada a la derecha,lupa de vidro inclinado à direita
🀄,mahjong red dragon,Mahjong Red Dragón,Dragão Vermelho Mahjong
♂️,male sign,signo masculino,sinal masculino
♂,male sign,signo masculino,sinal masculino
🦣,mammoth,mamut,mamute
👨,man,hombre,homem
👨‍🎨,man artist,artista,homem artista
👨🏿‍🎨,man artist dark skin tone,artista de hombre tono de piel oscura,Tom do homem do artista escuro
👨🏻‍🎨,man artist light skin tone,tono de piel clara de artista hombre,tom de pele de artista homem
👨🏾‍🎨,man artist medium-dark skin tone,tono de piel de hombre artista de manual,Man Artist Medi-Dark Skin Tom
👨🏼‍🎨,man artist medium-light skin tone,artista de hombre tono de piel de luz media,Tom de pele com luz média artista de homem
👨🏽‍🎨,man artist medium skin tone,tono de piel mediana artista manual,Man Artist Medium Skin Tom
👨‍🚀,man astronaut,astronauta,astronauta do homem
👨🏿‍🚀,man astronaut dark skin tone,tono de piel oscura astronautas,Tom de pele escura de astronauta do homem
👨🏻‍🚀,man astronaut light skin tone,tono de piel clara de astronauta,homem de astronauta leve tom de pele
👨🏾‍🚀,man astronaut medium-dark skin tone,tono de piel de hombre astronauta de la oscuridad mediana,tom de astronauta de tom de pele média-escura
👨🏼‍🚀,man astronaut medium-light skin tone,tono de piel de la luz media del astronauta,Tom de pele de luz de luz do astronauta do homem
👨🏽‍🚀,man astronaut medium skin tone,tono de piel media astronautas,Tom de pele média de astronauta do homem
👨‍🦲,man bald,hombre calvo,Homem careca
🧔‍♂️,man beard,barba de hombre,Homem barba
🧔‍♂,man beard,barba de hombre,Homem barba
🚴‍♂️,man biking,en bicicleta al hombre,Homem de bicicleta
🚴‍♂,man biking,en bicicleta al hombre,Homem de bicicleta
🚴🏿‍♂️,man biking dark skin tone,tono de piel oscura en bicicleta del hombre,homem de bicicleta de bicicleta de pele escura
🚴🏿‍♂,man biking dark skin tone,tono de piel oscura en bicicleta del hombre,homem de bicicleta de bicicleta de pele escura
🚴🏻‍♂️,man biking light skin tone,tono de piel ligera en bicicleta del hombre,Tom de pele de bicicleta de bicicleta de homem
🚴🏻‍♂,man biking light skin tone,tono de piel ligera en bicicleta del hombre,Tom de pele de bicicleta de bicicleta de homem
🚴🏾‍♂️,man biking medium-dark skin tone,tono de piel de la oscuridad mediana del hombre en bicicleta,Tom de pele de bicicleta de bicicleta de homem
🚴🏾‍♂,man biking medium-dark skin tone,tono de piel de la oscuridad mediana del hombre en bicicleta,Tom de pele de bicicleta de bicicleta de homem
🚴🏼‍♂️,man biking medium-light skin tone,tono de piel de luz media en bicicleta de hombre,tom de bicicleta de bicicleta de bicicleta de luz de luz média
🚴🏼‍♂,man biking medium-light skin tone,tono de piel de luz media en bicicleta de hombre,tom de bicicleta de bicicleta de bicicleta de luz de luz média
🚴🏽‍♂️,man biking medium skin tone,tono de piel mediana en bicicleta del hombre,Tom de pele de bicicleta de bicicleta de homem
🚴🏽‍♂,man biking medium skin tone,tono de piel mediana en bicicleta del hombre,Tom de pele de bicicleta de bicicleta de homem
👱‍♂️,man blond hair,Cabello rubio hombre,Cabelo loiro
👱‍♂,man blond hair,Cabello rubio hombre,Cabelo loiro
⛹️‍♂️,man bouncing ball,Hombre rebotando en la pelota,Homem bola saltitante
⛹‍♂️,man bouncing ball,Hombre rebotando en la pelota,Homem bola saltitante
⛹️‍♂,man bouncing ball,Hombre rebotando en la pelota,Homem bola saltitante
⛹‍♂,man bouncing ball,Hombre rebotando en la pelota,Homem bola saltitante
⛹🏿‍♂️,man bouncing ball dark skin tone,hombre que rebota en la pelota tono de piel oscura,Homem bola saltitante Tom escuro de pele
⛹🏿‍♂,man bouncing ball dark skin tone,hombre que rebota en la pelota tono de piel oscura,Homem bola saltitante Tom escuro de pele
⛹🏻‍♂️,man bouncing ball light skin tone,Hombre que rebota en la piel de la pelota tono de piel,Homem que salta o tom da pele leve da bola
⛹🏻‍♂,man bouncing ball light skin tone,Hombre que rebota en la piel de la pelota tono de piel,Homem que salta o tom da pele leve da bola
⛹🏾‍♂️,man bouncing ball medium-dark skin tone,Hombre que rebota en la pelota tono de piel medio-oscuridad,Homem bola bola de bola média de pele escura
⛹🏾‍♂,man bouncing ball medium-dark skin tone,Hombre que rebota en la pelota tono de piel medio-oscuridad,Homem bola bola de bola média de pele escura
⛹🏼‍♂️,man bouncing ball medium-light skin tone,Hombre que rebota en la pelota tono de piel de luz media,homem bola bola de bola de forma de luz média
⛹🏼‍♂,man bouncing ball medium-light skin tone,Hombre que rebota en la pelota tono de piel de luz media,homem bola bola de bola de forma de luz média
⛹🏽‍♂️,man bouncing ball medium skin tone,hombre que rebota en la pelota tono de piel mediana,Hom
⛹🏽‍♂,man bouncing ball medium skin tone,hombre que rebota en la pelota tono de piel mediana,Hom
🙇‍♂️,man bowing,hombre inclinado,homem curvando -se
🙇‍♂,man bowing,hombre inclinado,homem curvando -se
🙇🏿‍♂️,man bowing dark skin tone,hombre inclinando tono de piel oscura,Homem curvando o tom escuro da pele
🙇🏿‍♂,man bowing dark skin tone,hombre inclinando tono de piel oscura,Homem curvando o tom escuro da pele
🙇🏻‍♂️,man bowing light skin tone,Hombre Bowing Light Skin Tone,Homem curvando o tom de pele leve
🙇🏻‍♂,man bowing light skin tone,Hombre Bowing Light Skin Tone,Homem curvando o tom de pele leve
🙇🏾‍♂️,man bowing medium-dark skin tone,tono de piel de hombre drogado de hombre de hombre.,Homem curvando o tom de pele média-escuro
🙇🏾‍♂,man bowing medium-dark skin tone,tono de piel de hombre drogado de hombre de hombre.,Homem curvando o tom de pele média-escuro
🙇🏼‍♂️,man bowing medium-light skin tone,Hombre inclinando tono de piel de luz media,Homem curvando o tom de pele de luz média
🙇🏼‍♂,man bowing medium-light skin tone,Hombre inclinando tono de piel de luz media,Homem curvando o tom de pele de luz média
🙇🏽‍♂️,man bowing medium skin tone,tono de piel mediana del hombre que se inclina,homem curvando tom de pele média
🙇🏽‍♂,man bowing medium skin tone,tono de piel mediana del hombre que se inclina,homem curvando tom de pele média
🤸‍♂️,man cartwheeling,Man Cartwheeling,Man Cartwheeling
🤸‍♂,man cartwheeling,Man Cartwheeling,Man Cartwheeling
🤸🏿‍♂️,man cartwheeling dark skin tone,Man Cartwheeling Tono de piel oscura,Hom
🤸🏿‍♂,man cartwheeling dark skin tone,Man Cartwheeling Tono de piel oscura,Hom
🤸🏻‍♂️,man cartwheeling light skin tone,tono de piel ligera del hombre carro,homem de pele de carrinho de carrinho de roda
🤸🏻‍♂,man cartwheeling light skin tone,tono de piel ligera del hombre carro,homem de pele de carrinho de carrinho de roda
🤸🏾‍♂️,man cartwheeling medium-dark skin tone,tono de piel mediana y media,Man Cartwheeling Médio-escuro tom de pele
🤸🏾‍♂,man cartwheeling medium-dark skin tone,tono de piel mediana y media,Man Cartwheeling Médio-escuro tom de pele
🤸🏼‍♂️,man cartwheeling medium-light skin tone,tono de piel de luz media de carro de hombre,tom de carrinho de carrinho de carrinho de luz de luz média
🤸🏼‍♂,man cartwheeling medium-light skin tone,tono de piel de luz media de carro de hombre,tom de carrinho de carrinho de carrinho de luz de luz média
🤸🏽‍♂️,man cartwheeling medium skin tone,tono de piel mediana del hombre carro,tom de carrinho de carrinho de roda de carrinho
🤸🏽‍♂,man cartwheeling medium skin tone,tono de piel mediana del hombre carro,tom de carrinho de carrinho de roda de carrinho
🧗‍♂️,man climbing,Hombre escalando,Homem escalando
🧗‍♂,man climbing,Hombre escalando,Homem escalando
🧗🏿‍♂️,man climbing dark skin tone,Hombre tono de piel oscura,Homem escalando o tom escuro da pele
🧗🏿‍♂,man climbing dark skin tone,Hombre tono de piel oscura,Homem escalando o tom escuro da pele
🧗🏻‍♂️,man climbing light skin tone,tono de piel claro del hombre treando el hombre,Homem escalando o tom da pele clara
🧗🏻‍♂,man climbing light skin tone,tono de piel claro del hombre treando el hombre,Homem escalando o tom da pele clara
🧗🏾‍♂️,man climbing medium-dark skin tone,tono de piel de medio-oscuro de escalada de hombre,Homem escalando o tom de pele média-escuro
🧗🏾‍♂,man climbing medium-dark skin tone,tono de piel de medio-oscuro de escalada de hombre,Homem escalando o tom de pele média-escuro
🧗🏼‍♂️,man climbing medium-light skin tone,tono de piel de luz mediana de hombre,Homem escalando o tom de pele de luz média
🧗🏼‍♂,man climbing medium-light skin tone,tono de piel de luz mediana de hombre,Homem escalando o tom de pele de luz média
🧗🏽‍♂️,man climbing medium skin tone,tono de piel mediana de escalada para el hombre,Homem escalando tom de pele média
🧗🏽‍♂,man climbing medium skin tone,tono de piel mediana de escalada para el hombre,Homem escalando tom de pele média
👷‍♂️,man construction worker,trabajador de la construcción del hombre,trabalhador da construção do homem
👷‍♂,man construction worker,trabajador de la construcción del hombre,trabalhador da construção do homem
👷🏿‍♂️,man construction worker dark skin tone,Tono de piel oscura del trabajador de la construcción del hombre,Tono da pele escura do trabalhador do homem
👷🏿‍♂,man construction worker dark skin tone,Tono de piel oscura del trabajador de la construcción del hombre,Tono da pele escura do trabalhador do homem
👷🏻‍♂️,man construction worker light skin tone,tono de piel clara del trabajador de la construcción del hombre,Tono da pele leve do trabalhador da construção civil
👷🏻‍♂,man construction worker light skin tone,tono de piel clara del trabajador de la construcción del hombre,Tono da pele leve do trabalhador da construção civil
👷🏾‍♂️,man construction worker medium-dark skin tone,Hombre Construction Worker Medium Dark Skin Tono,Tono da pele do trabalhador da construção do homem
👷🏾‍♂,man construction worker medium-dark skin tone,Hombre Construction Worker Medium Dark Skin Tono,Tono da pele do trabalhador da construção do homem
👷🏼‍♂️,man construction worker medium-light skin tone,Hombre Trabajador de construcción Tono de piel de luz media,Tono de pele de trabalhador da construção civil do homem
👷🏼‍♂,man construction worker medium-light skin tone,Hombre Trabajador de construcción Tono de piel de luz media,Tono de pele de trabalhador da construção civil do homem
👷🏽‍♂️,man construction worker medium skin tone,Hombre Construction Worker Tono de piel mediana,Tom de pele de trabalhador da construção do homem
👷🏽‍♂,man construction worker medium skin tone,Hombre Construction Worker Tono de piel mediana,Tom de pele de trabalhador da construção do homem
👨‍🍳,man cook,Hombre cocinero,Homem cozinhe
👨🏿‍🍳,man cook dark skin tone,Hombre cocinar tono de piel oscura,Homem cozinhe o tom escuro da pele
👨🏻‍🍳,man cook light skin tone,tono de piel claro para cocinar,Homem cozinhe o tom de pele clara
👨🏾‍🍳,man cook medium-dark skin tone,Hombre Cook Medium-Dark Skin Tono,Homem cozinhe o tom de pele média-escuro
👨🏼‍🍳,man cook medium-light skin tone,Tono de piel de luz media cocinada,Homem cozinhe o tom de pele de luz média
👨🏽‍🍳,man cook medium skin tone,tono de piel mediana cocinar,Homem cozinhe o tom médio de pele
👨‍🦱,man curly hair,Hombre Cabello rizado,Cabelo encaracolado
🕺,man dancing,hombre bailando,Homem dançando
🕺🏿,man dancing dark skin tone,Hombre bailando tono de piel oscura,Homem dançando tom de pele escura
🕺🏻,man dancing light skin tone,tono de piel de luz de hombre bailando,homem dançando tom de pele clara
🕺🏾,man dancing medium-dark skin tone,tono de piel de hombre bailando medio-oscuridad,Homem dançando tom de pele de médio escuro
🕺🏼,man dancing medium-light skin tone,Tono de piel de luz media de hombre,homem de dança do homem tom de pele de luz média
🕺🏽,man dancing medium skin tone,tono de piel mediana de hombre bailando,homem de dança do homem tom de pele média
👨🏿,man dark skin tone,tono de piel oscura del hombre,tom de pele escura do homem
👨🏿‍🦲,man dark skin tone bald,tono de piel oscuro del hombre calvo,homem de pele escura escura careca
🧔🏿‍♂️,man dark skin tone beard,Barba de tono de piel oscura del hombre,Homem barba de tom de pele escura
🧔🏿‍♂,man dark skin tone beard,Barba de tono de piel oscura del hombre,Homem barba de tom de pele escura
👱🏿‍♂️,man dark skin tone blond hair,hombre de piel oscura tono rubio cabello,homem de pele escura de pele escura
👱🏿‍♂,man dark skin tone blond hair,hombre de piel oscura tono rubio cabello,homem de pele escura de pele escura
👨🏿‍🦱,man dark skin tone curly hair,hombre de piel oscura tono rizado cabello rizado,Hom
👨🏿‍🦰,man dark skin tone red hair,hombre de piel oscura tono rojo,homem de pele escura de pele escura
👨🏿‍🦳,man dark skin tone white hair,hombre de piel oscura tono de cabello blanco,Homem de pele escura de pele branca
🕵️‍♂️,man detective,detective de hombre,detetive de homem
🕵‍♂️,man detective,detective de hombre,detetive de homem
🕵️‍♂,man detective,detective de hombre,detetive de homem
🕵‍♂,man detective,detective de hombre,detetive de homem
🕵🏿‍♂️,man detective dark skin tone,tono de piel oscura detective de hombre,Tom do Detective Dark Skin Detective
🕵🏿‍♂,man detective dark skin tone,tono de piel oscura detective de hombre,Tom do Detective Dark Skin Detective
🕵🏻‍♂️,man detective light skin tone,tono de piel clara de detective de hombre,Tom de pele leve do detetive de homem
🕵🏻‍♂,man detective light skin tone,tono de piel clara de detective de hombre,Tom de pele leve do detetive de homem
🕵🏾‍♂️,man detective medium-dark skin tone,tono de piel de la oscuridad del hombre detective,Tom de pele de detetive médio-escuro do homem
🕵🏾‍♂,man detective medium-dark skin tone,tono de piel de la oscuridad del hombre detective,Tom de pele de detetive médio-escuro do homem
🕵🏼‍♂️,man detective medium-light skin tone,Tono de piel de luz media detective de la luz del hombre,Tom de pele de detetive de detetive de homem
🕵🏼‍♂,man detective medium-light skin tone,Tono de piel de luz media detective de la luz del hombre,Tom de pele de detetive de detetive de homem
🕵🏽‍♂️,man detective medium skin tone,tono de piel mediana detective de hombre,Tom de pele de detetive de homem
🕵🏽‍♂,man detective medium skin tone,tono de piel mediana detective de hombre,Tom de pele de detetive de homem
🧝‍♂️,man elf,hombre elfo,homem elfo
🧝‍♂,man elf,hombre elfo,homem elfo
🧝🏿‍♂️,man elf dark skin tone,tono de piel oscura de los elfos del hombre,Tom de pele escura elfo homem
🧝🏿‍♂,man elf dark skin tone,tono de piel oscura de los elfos del hombre,Tom de pele escura elfo homem
🧝🏻‍♂️,man elf light skin tone,tono de piel de luz de elfo de hombre,tom de pele de elfo elfo
🧝🏻‍♂,man elf light skin tone,tono de piel de luz de elfo de hombre,tom de pele de elfo elfo
🧝🏾‍♂️,man elf medium-dark skin tone,tono de piel de hombre elfo de la oscuridad,Tom de pele de elfo-elfo do homem
🧝🏾‍♂,man elf medium-dark skin tone,tono de piel de hombre elfo de la oscuridad,Tom de pele de elfo-elfo do homem
🧝🏼‍♂️,man elf medium-light skin tone,tono de piel de la luz media del hombre elfo,tom de pele de elfo elfo homem
🧝🏼‍♂,man elf medium-light skin tone,tono de piel de la luz media del hombre elfo,tom de pele de elfo elfo homem
🧝🏽‍♂️,man elf medium skin tone,tono de piel mediana elfo de hombre,Tom de pele média elf homem
🧝🏽‍♂,man elf medium skin tone,tono de piel mediana elfo de hombre,Tom de pele média elf homem
🤦‍♂️,man facepalming,Hombre FacEpalming,Man Facepalming
🤦‍♂,man facepalming,Hombre FacEpalming,Man Facepalming
🤦🏿‍♂️,man facepalming dark skin tone,tono de piel oscura de los hombres,homem facepalming skin tom
🤦🏿‍♂,man facepalming dark skin tone,tono de piel oscura de los hombres,homem facepalming skin tom
🤦🏻‍♂️,man facepalming light skin tone,tono de piel ligera para el hombre,homem facepalming skin ton
🤦🏻‍♂,man facepalming light skin tone,tono de piel ligera para el hombre,homem facepalming skin ton
🤦🏾‍♂️,man facepalming medium-dark skin tone,tono de piel mediana y media,homem facepalming tom de pele média-escuro
🤦🏾‍♂,man facepalming medium-dark skin tone,tono de piel mediana y media,homem facepalming tom de pele média-escuro
🤦🏼‍♂️,man facepalming medium-light skin tone,tono de piel de luz media de cara de hombre,tom de facepalming de facepalming tom de luz média
🤦🏼‍♂,man facepalming medium-light skin tone,tono de piel de luz media de cara de hombre,tom de facepalming de facepalming tom de luz média
🤦🏽‍♂️,man facepalming medium skin tone,tono de piel mediana de cara de hombre,tom de facepalming tom de pele média
🤦🏽‍♂,man facepalming medium skin tone,tono de piel mediana de cara de hombre,tom de facepalming tom de pele média
👨‍🏭,man factory worker,trabajador de fábrica de hombres,Man Factory Worker
👨🏿‍🏭,man factory worker dark skin tone,Tono de piel oscura del trabajador de fábrica de hombres,Man Factory Worker Dark Skin Tom
👨🏻‍🏭,man factory worker light skin tone,tono de piel clara de trabajador de fábrica de hombres,Tom de pele leve para trabalhador de fábrica
👨🏾‍🏭,man factory worker medium-dark skin tone,Man Factory Worker Medium-Dark Skin Tono,Man Factory Worker Médio Dark Skin Tom
👨🏼‍🏭,man factory worker medium-light skin tone,Man Factory Worker Tono de piel de luz media,Tom de pele de fábrica de fábrica de homem
👨🏽‍🏭,man factory worker medium skin tone,tono de piel mediana trabajador de fábrica de fábrica,Man Factory Worker Medium Skin Tom
🧚‍♂️,man fairy,hada de hombre,Fada do homem
🧚‍♂,man fairy,hada de hombre,Fada do homem
🧚🏿‍♂️,man fairy dark skin tone,tono de piel oscura de hadas hombre,Tom de pele escura de fada do homem
🧚🏿‍♂,man fairy dark skin tone,tono de piel oscura de hadas hombre,Tom de pele escura de fada do homem
🧚🏻‍♂️,man fairy light skin tone,tono de piel clara de hadas hombre,Tom de pele de fada de fada do homem
🧚🏻‍♂,man fairy light skin tone,tono de piel clara de hadas hombre,Tom de pele de fada de fada do homem
🧚🏾‍♂️,man fairy medium-dark skin tone,tono de piel de hombre de hada de hadas de hada,tom de fada de fada média de pele
🧚🏾‍♂,man fairy medium-dark skin tone,tono de piel de hombre de hada de hadas de hada,tom de fada de fada média de pele
🧚🏼‍♂️,man fairy medium-light skin tone,tono de piel de luz media de hada hombre,Tom de pele de fada de fada de fada
🧚🏼‍♂,man fairy medium-light skin tone,tono de piel de luz media de hada hombre,Tom de pele de fada de fada de fada
🧚🏽‍♂️,man fairy medium skin tone,tono de piel mediana de hadas hombre,Tom de pele média de fada do homem
🧚🏽‍♂,man fairy medium skin tone,tono de piel mediana de hadas hombre,Tom de pele média de fada do homem
👨‍🌾,man farmer,agricultor,Agricultor do homem
👨🏿‍🌾,man farmer dark skin tone,tono de piel oscura del hombre granjero,Tom de pele escura do fazendeiro homem
👨🏻‍🌾,man farmer light skin tone,tono de piel clara de granjero,Tom de pele leve do fazendeiro
👨🏾‍🌾,man farmer medium-dark skin tone,tono de piel de color medio-dark de hombre,Tom de pele do agricultor de agricultor de homem
👨🏼‍🌾,man farmer medium-light skin tone,Tono de piel de luz media de granjero de hombre,Tom de pele de luz média do fazendeiro
👨🏽‍🌾,man farmer medium skin tone,tono de piel mediana de granjero de hombre,Tom de pele média do fazendeiro
👨‍🍼,man feeding baby,Hombre alimentando al bebé,homem alimentando o bebê
👨🏿‍🍼,man feeding baby dark skin tone,Hombre alimentando el bebé tono de piel oscura,Homem alimentando o tom de pele escura do bebê
👨🏻‍🍼,man feeding baby light skin tone,Man alimentando el tono de piel de la luz del bebé,homem alimentando o tom de pele leve de bebê
👨🏾‍🍼,man feeding baby medium-dark skin tone,Man alimentando bebé tono de piel medio-oscuridad,Homem alimentando o tom de pele de médio escuro bebê
👨🏼‍🍼,man feeding baby medium-light skin tone,Tono de piel de luz media al hombre alimentando bebé,Homem alimentando o tom de pele de luz média bebê
👨🏽‍🍼,man feeding baby medium skin tone,Hombre alimentando el bebé tono de piel mediana,homem alimentando o tom de pele média bebê
👨‍🚒,man firefighter,bombero,bombeiro do homem
👨🏿‍🚒,man firefighter dark skin tone,tono de piel oscura de hombre bombero de hombre,tom de bombeiro do bombeiro do homem
👨🏻‍🚒,man firefighter light skin tone,tono de piel clara de bombero de hombre,Tom de pele leve do bombeiro do homem
👨🏾‍🚒,man firefighter medium-dark skin tone,tono de piel de hombre de bombero de hombre-cariñoso,tom de bombeiro de bombeiro do homem
👨🏼‍🚒,man firefighter medium-light skin tone,tono de piel de luz mediana de bomberos de hombre,tom de bombeiro do bombeiro do homem tom de pele média
👨🏽‍🚒,man firefighter medium skin tone,tono de piel mediana de bombero de hombre,Tom de pele média do bombeiro do homem
🙍‍♂️,man frowning,Hombre frunciendo el ceño,Homem franzindo a testa
🙍‍♂,man frowning,Hombre frunciendo el ceño,Homem franzindo a testa
🙍🏿‍♂️,man frowning dark skin tone,Hombre frunciendo el tono de piel oscura,Homem franzindo a testa do tom escuro
🙍🏿‍♂,man frowning dark skin tone,Hombre frunciendo el tono de piel oscura,Homem franzindo a testa do tom escuro
🙍🏻‍♂️,man frowning light skin tone,Hombre frunciendo el tono de piel clara,Homem franzindo a testa do tom de pele clara
🙍🏻‍♂,man frowning light skin tone,Hombre frunciendo el tono de piel clara,Homem franzindo a testa do tom de pele clara
🙍🏾‍♂️,man frowning medium-dark skin tone,tono de piel mediana y media,Homem franzindo a testa do tom de pele média-escuro
🙍🏾‍♂,man frowning medium-dark skin tone,tono de piel mediana y media,Homem franzindo a testa do tom de pele média-escuro
🙍🏼‍♂️,man frowning medium-light skin tone,Hombre frunciendo el tono de piel de luz media,Homem franzindo a testa do tom de pele de luz média
🙍🏼‍♂,man frowning medium-light skin tone,Hombre frunciendo el tono de piel de luz media,Homem franzindo a testa do tom de pele de luz média
🙍🏽‍♂️,man frowning medium skin tone,tono de piel mediana del hombre fruncido frunciendo el ceño,Homem franzindo a testa do tom de pele média
🙍🏽‍♂,man frowning medium skin tone,tono de piel mediana del hombre fruncido frunciendo el ceño,Homem franzindo a testa do tom de pele média
🧞‍♂️,man genie,Genio del hombre,homem gênio
🧞‍♂,man genie,Genio del hombre,homem gênio
🙅‍♂️,man gesturing NO,Hombre gestizando no,Homem gesticulando não
🙅‍♂,man gesturing NO,Hombre gestizando no,Homem gesticulando não
🙅🏿‍♂️,man gesturing NO dark skin tone,Hombre gestizando sin tono de piel oscura,homem gesticulando sem tom de pele escura
🙅🏿‍♂,man gesturing NO dark skin tone,Hombre gestizando sin tono de piel oscura,homem gesticulando sem tom de pele escura
🙅🏻‍♂️,man gesturing NO light skin tone,Hombre gestionando sin tono de piel clara,homem gesticulando sem tom de pele leve
🙅🏻‍♂,man gesturing NO light skin tone,Hombre gestionando sin tono de piel clara,homem gesticulando sem tom de pele leve
🙅🏾‍♂️,man gesturing NO medium-dark skin tone,Hombre gestionando sin tono de piel medio-oscuridad,Homem gesticulando sem tom de pele média-escuro
🙅🏾‍♂,man gesturing NO medium-dark skin tone,Hombre gestionando sin tono de piel medio-oscuridad,Homem gesticulando sem tom de pele média-escuro
🙅🏼‍♂️,man gesturing NO medium-light skin tone,Hombre gestionando sin tono de piel de luz media,Homem gesticulando sem tom de pele de luz média
🙅🏼‍♂,man gesturing NO medium-light skin tone,Hombre gestionando sin tono de piel de luz media,Homem gesticulando sem tom de pele de luz média
🙅🏽‍♂️,man gesturing NO medium skin tone,Hombre gestionando sin tono de piel mediana,homem gesticulando sem tom de pele média
🙅🏽‍♂,man gesturing NO medium skin tone,Hombre gestionando sin tono de piel mediana,homem gesticulando sem tom de pele média
🙆‍♂️,man gesturing OK,Hombre gestizando ok,Homem gesticulando ok
🙆‍♂,man gesturing OK,Hombre gestizando ok,Homem gesticulando ok
🙆🏿‍♂️,man gesturing OK dark skin tone,Hombre gestizando bien el tono de piel oscura,Hom
🙆🏿‍♂,man gesturing OK dark skin tone,Hombre gestizando bien el tono de piel oscura,Hom
🙆🏻‍♂️,man gesturing OK light skin tone,Hombre gestizando bien el tono de piel clara,Hom
🙆🏻‍♂,man gesturing OK light skin tone,Hombre gestizando bien el tono de piel clara,Hom
🙆🏾‍♂️,man gesturing OK medium-dark skin tone,Hombre gesticulando ok tono de piel medio-oscuridad,homem gesticulando ok tom de pele média escuro
🙆🏾‍♂,man gesturing OK medium-dark skin tone,Hombre gesticulando ok tono de piel medio-oscuridad,homem gesticulando ok tom de pele média escuro
🙆🏼‍♂️,man gesturing OK medium-light skin tone,Hombre gesticulando ok tono de piel de luz media,Homem gesticulando ok tom de pele de luz média
🙆🏼‍♂,man gesturing OK medium-light skin tone,Hombre gesticulando ok tono de piel de luz media,Homem gesticulando ok tom de pele de luz média
🙆🏽‍♂️,man gesturing OK medium skin tone,Hombre gestizando bien el tono de piel media,homem gesticulando ok tom de pele média
🙆🏽‍♂,man gesturing OK medium skin tone,Hombre gestizando bien el tono de piel media,homem gesticulando ok tom de pele média
💇‍♂️,man getting haircut,hombre de corte de pelo,homem fazendo corte de cabelo
💇‍♂,man getting haircut,hombre de corte de pelo,homem fazendo corte de cabelo
💇🏿‍♂️,man getting haircut dark skin tone,Hombre que se corta el corte de pelo tono de piel oscura,Hom
💇🏿‍♂,man getting haircut dark skin tone,Hombre que se corta el corte de pelo tono de piel oscura,Hom
💇🏻‍♂️,man getting haircut light skin tone,Hombre recibiendo el corte de pelo tono de piel claro,Hom
💇🏻‍♂,man getting haircut light skin tone,Hombre recibiendo el corte de pelo tono de piel claro,Hom
💇🏾‍♂️,man getting haircut medium-dark skin tone,Hombre recibiendo corte de pelo tono de piel medio-oscuridad,Hom
💇🏾‍♂,man getting haircut medium-dark skin tone,Hombre recibiendo corte de pelo tono de piel medio-oscuridad,Hom
💇🏼‍♂️,man getting haircut medium-light skin tone,Hombre que se corta el corte de pelo tono de piel de luz media,Hom
💇🏼‍♂,man getting haircut medium-light skin tone,Hombre que se corta el corte de pelo tono de piel de luz media,Hom
💇🏽‍♂️,man getting haircut medium skin tone,Hombre que se corta el corte de pelo tono de piel mediana,Hom
💇🏽‍♂,man getting haircut medium skin tone,Hombre que se corta el corte de pelo tono de piel mediana,Hom
💆‍♂️,man getting massage,Hombre recibiendo masaje,homem recebendo massagem
💆‍♂,man getting massage,Hombre recibiendo masaje,homem recebendo massagem
💆🏿‍♂️,man getting massage dark skin tone,hombre recibiendo masaje tono de piel oscura,homem recebendo massagem tom de pele escura
💆🏿‍♂,man getting massage dark skin tone,hombre recibiendo masaje tono de piel oscura,homem recebendo massagem tom de pele escura
💆🏻‍♂️,man getting massage light skin tone,El hombre recibe masaje de la piel clara,Hom
💆🏻‍♂,man getting massage light skin tone,El hombre recibe masaje de la piel clara,Hom
💆🏾‍♂️,man getting massage medium-dark skin tone,El hombre recibe masaje de la piel de la oscuridad mediana,Hom
💆🏾‍♂,man getting massage medium-dark skin tone,El hombre recibe masaje de la piel de la oscuridad mediana,Hom
💆🏼‍♂️,man getting massage medium-light skin tone,hombre recibiendo masaje de tono de piel de luz media,Hom
💆🏼‍♂,man getting massage medium-light skin tone,hombre recibiendo masaje de tono de piel de luz media,Hom
💆🏽‍♂️,man getting massage medium skin tone,hombre recibiendo masaje de tono de piel mediana,homem recebendo massagem tom de pele média
💆🏽‍♂,man getting massage medium skin tone,hombre recibiendo masaje de tono de piel mediana,homem recebendo massagem tom de pele média
🏌️‍♂️,man golfing,hombre de golf,Man Golfing
🏌‍♂️,man golfing,hombre de golf,Man Golfing
🏌️‍♂,man golfing,hombre de golf,Man Golfing
🏌‍♂,man golfing,hombre de golf,Man Golfing
🏌🏿‍♂️,man golfing dark skin tone,Hombre Golfing Tono de piel oscura,Homem jogando tom de pele escura
🏌🏿‍♂,man golfing dark skin tone,Hombre Golfing Tono de piel oscura,Homem jogando tom de pele escura
🏌🏻‍♂️,man golfing light skin tone,tono de piel clara de golf de golf,homem de golfe para o tom de pele clara
🏌🏻‍♂,man golfing light skin tone,tono de piel clara de golf de golf,homem de golfe para o tom de pele clara
🏌🏾‍♂️,man golfing medium-dark skin tone,tono de piel de color medio marino de golf,homem de golfe tom de pele de médio escuro
🏌🏾‍♂,man golfing medium-dark skin tone,tono de piel de color medio marino de golf,homem de golfe tom de pele de médio escuro
🏌🏼‍♂️,man golfing medium-light skin tone,tono de piel de luz media de golf,homem de golfe para tonalidade de pele de luz média
🏌🏼‍♂,man golfing medium-light skin tone,tono de piel de luz media de golf,homem de golfe para tonalidade de pele de luz média
🏌🏽‍♂️,man golfing medium skin tone,tono de piel mediana de golf de golf,homem de golfe para tom de pele média
🏌🏽‍♂,man golfing medium skin tone,tono de piel mediana de golf de golf,homem de golfe para tom de pele média
💂‍♂️,man guard,guardia,guarda de homem
💂‍♂,man guard,guardia,guarda de homem
💂🏿‍♂️,man guard dark skin tone,tono de piel oscura guardia de guardia,Tom de pele escura de guarda de homem
💂🏿‍♂,man guard dark skin tone,tono de piel oscura guardia de guardia,Tom de pele escura de guarda de homem
💂🏻‍♂️,man guard light skin tone,tono de piel de luz de guardia de hombre,Tom de pele leve para guarda homem
💂🏻‍♂,man guard light skin tone,tono de piel de luz de guardia de hombre,Tom de pele leve para guarda homem
💂🏾‍♂️,man guard medium-dark skin tone,tono de piel de hombre de guardia de la oscuridad del hombre,Tom de pele de guarda-escura médio de guarda de homem
💂🏾‍♂,man guard medium-dark skin tone,tono de piel de hombre de guardia de la oscuridad del hombre,Tom de pele de guarda-escura médio de guarda de homem
💂🏼‍♂️,man guard medium-light skin tone,tono de piel de la luz media de guardia,Tom de pele de luz de luz de guarda de homem
💂🏼‍♂,man guard medium-light skin tone,tono de piel de la luz media de guardia,Tom de pele de luz de luz de guarda de homem
💂🏽‍♂️,man guard medium skin tone,tono de piel mediana de protección de hombre,Tom de pele média de guarda de homem
💂🏽‍♂,man guard medium skin tone,tono de piel mediana de protección de hombre,Tom de pele média de guarda de homem
👨‍⚕️,man health worker,trabajador de la salud del hombre,Man Health Worker
👨‍⚕,man health worker,trabajador de la salud del hombre,Man Health Worker
👨🏿‍⚕️,man health worker dark skin tone,Man Health Worker Dark Skin Tono,Tono da pele escura do trabalhador de saúde do homem
👨🏿‍⚕,man health worker dark skin tone,Man Health Worker Dark Skin Tono,Tono da pele escura do trabalhador de saúde do homem
👨🏻‍⚕️,man health worker light skin tone,Tono de piel clara de trabajador de salud,Tom de pele de saúde de saúde do homem
👨🏻‍⚕,man health worker light skin tone,Tono de piel clara de trabajador de salud,Tom de pele de saúde de saúde do homem
👨🏾‍⚕️,man health worker medium-dark skin tone,Man Health Worker Medium-Dark Skin Tono,Man Health Worker Medi-Dark Skin Tom
👨🏾‍⚕,man health worker medium-dark skin tone,Man Health Worker Medium-Dark Skin Tono,Man Health Worker Medi-Dark Skin Tom
👨🏼‍⚕️,man health worker medium-light skin tone,Tono de piel de la luz de la luz del trabajador de la salud del hombre,Tom de pele de saúde de saúde do homem
👨🏼‍⚕,man health worker medium-light skin tone,Tono de piel de la luz de la luz del trabajador de la salud del hombre,Tom de pele de saúde de saúde do homem
👨🏽‍⚕️,man health worker medium skin tone,Man Health Worker Tono de piel mediana,Man Health Worker Medium Skin Tom
👨🏽‍⚕,man health worker medium skin tone,Man Health Worker Tono de piel mediana,Man Health Worker Medium Skin Tom
🧘‍♂️,man in lotus position,hombre en posición de loto,Homem na posição de lótus
🧘‍♂,man in lotus position,hombre en posición de loto,Homem na posição de lótus
🧘🏿‍♂️,man in lotus position dark skin tone,hombre en loto posición tono de piel oscura,Hom
🧘🏿‍♂,man in lotus position dark skin tone,hombre en loto posición tono de piel oscura,Hom
🧘🏻‍♂️,man in lotus position light skin tone,Hombre en el loto Posición de la piel clara Tono,Homem no tom de pele de lótus
🧘🏻‍♂,man in lotus position light skin tone,Hombre en el loto Posición de la piel clara Tono,Homem no tom de pele de lótus
🧘🏾‍♂️,man in lotus position medium-dark skin tone,Hombre en loto Posición Tono de piel medio-oscuridad,Hom
🧘🏾‍♂,man in lotus position medium-dark skin tone,Hombre en loto Posición Tono de piel medio-oscuridad,Hom
🧘🏼‍♂️,man in lotus position medium-light skin tone,hombre en posición de loto tono de piel de luz media,Homem no tom de pele de lótus
🧘🏼‍♂,man in lotus position medium-light skin tone,hombre en posición de loto tono de piel de luz media,Homem no tom de pele de lótus
🧘🏽‍♂️,man in lotus position medium skin tone,Hombre en loto Posición de tono de piel mediana,Homem no tom de pele de lótus
🧘🏽‍♂,man in lotus position medium skin tone,Hombre en loto Posición de tono de piel mediana,Homem no tom de pele de lótus
👨‍🦽,man in manual wheelchair,hombre en silla de ruedas manual,homem em cadeira de rodas manual
👨🏿‍🦽,man in manual wheelchair dark skin tone,hombre en silla de ruedas manual tono de piel oscura,homem em cadeira de rodas manual tom de pele escura
👨‍🦽‍➡️,man in manual wheelchair facing right,hombre en silla de ruedas manual mirando a la derecha,homem em cadeira de rodas manual voltada para a direita
👨‍🦽‍➡,man in manual wheelchair facing right,hombre en silla de ruedas manual mirando a la derecha,homem em cadeira de rodas manual voltada para a direita
👨🏿‍🦽‍➡️,man in manual wheelchair facing right dark skin tone,hombre en silla de ruedas manual mirando a la derecha tono de piel oscura,homem em cadeira de rodas manual voltada para o tom da pele escura direita
👨🏿‍🦽‍➡,man in manual wheelchair facing right dark skin tone,hombre en silla de ruedas manual mirando a la derecha tono de piel oscura,homem em cadeira de rodas manual voltada para o tom da pele escura direita
👨🏻‍🦽‍➡️,man in manual wheelchair facing right light skin tone,Hombre en silla de ruedas manual que mira el tono de piel clara derecha,homem em cadeira de rodas manual voltada para o tom da pele clara
👨🏻‍🦽‍➡,man in manual wheelchair facing right light skin tone,Hombre en silla de ruedas manual que mira el tono de piel clara derecha,homem em cadeira de rodas manual voltada para o tom da pele clara
👨🏾‍🦽‍➡️,man in manual wheelchair facing right medium-dark skin tone,Hombre en silla de ruedas manual que mira a la derecha tono de piel de color medio-oscuridad,Homem em cadeira de rodas manual voltada para o tom de pele média-escuro
👨🏾‍🦽‍➡,man in manual wheelchair facing right medium-dark skin tone,Hombre en silla de ruedas manual que mira a la derecha tono de piel de color medio-oscuridad,Homem em cadeira de rodas manual voltada para o tom de pele média-escuro
👨🏼‍🦽‍➡️,man in manual wheelchair facing right medium-light skin tone,Hombre en silla de ruedas manual que mira el tono de piel de luz media derecha,Hom
👨🏼‍🦽‍➡,man in manual wheelchair facing right medium-light skin tone,Hombre en silla de ruedas manual que mira el tono de piel de luz media derecha,Hom
👨🏽‍🦽‍➡️,man in manual wheelchair facing right medium skin tone,Hombre en silla de ruedas manual que mira el tono de piel medio derecho,Homem em cadeira de rodas manual voltada para o tom médio da pele
👨🏽‍🦽‍➡,man in manual wheelchair facing right medium skin tone,Hombre en silla de ruedas manual que mira el tono de piel medio derecho,Homem em cadeira de rodas manual voltada para o tom médio da pele
👨🏻‍🦽,man in manual wheelchair light skin tone,Hombre en tono de piel clara de silla de ruedas manual,Homem em tom de pele de cadeira de rodas manual
👨🏾‍🦽,man in manual wheelchair medium-dark skin tone,Hombre en silla de ruedas manual tono de piel medio-oscuridad,Hom
👨🏼‍🦽,man in manual wheelchair medium-light skin tone,hombre en silla de ruedas manual tono de piel de luz media,Hom
👨🏽‍🦽,man in manual wheelchair medium skin tone,hombre en silla de ruedas manual tono de piel mediana,homem em tom de pele de cadeira de rodas manual
👨‍🦼,man in motorized wheelchair,Hombre en silla de ruedas motorizada,homem em cadeira de rodas motorizada
👨🏿‍🦼,man in motorized wheelchair dark skin tone,Hombre en el tono de piel oscura de silla de ruedas motorizada,homem em tom de pele escura para cadeira de rodas motorizada
👨‍🦼‍➡️,man in motorized wheelchair facing right,hombre en silla de ruedas motorizada hacia la derecha,homem em cadeira de rodas motorizada voltada para a direita
👨‍🦼‍➡,man in motorized wheelchair facing right,hombre en silla de ruedas motorizada hacia la derecha,homem em cadeira de rodas motorizada voltada para a direita
👨🏿‍🦼‍➡️,man in motorized wheelchair facing right dark skin tone,Hombre en silla de ruedas motorizada que mira el tono de piel oscura derecha,homem em cadeira de rodas motorizada voltada para o tom da pele escura direita
👨🏿‍🦼‍➡,man in motorized wheelchair facing right dark skin tone,Hombre en silla de ruedas motorizada que mira el tono de piel oscura derecha,homem em cadeira de rodas motorizada voltada para o tom da pele escura direita
👨🏻‍🦼‍➡️,man in motorized wheelchair facing right light skin tone,Hombre en silla de ruedas motorizada que mira el tono de piel clara derecha,homem em cadeira de rodas motorizada voltada para o tom da pele clara
👨🏻‍🦼‍➡,man in motorized wheelchair facing right light skin tone,Hombre en silla de ruedas motorizada que mira el tono de piel clara derecha,homem em cadeira de rodas motorizada voltada para o tom da pele clara
👨🏾‍🦼‍➡️,man in motorized wheelchair facing right medium-dark skin tone,Hombre en silla de ruedas motorizada que mira a la derecha tono de piel medio-oscuridad,Homem em cadeira de rodas motorizada voltada para o tom da pele média-escuro
👨🏾‍🦼‍➡,man in motorized wheelchair facing right medium-dark skin tone,Hombre en silla de ruedas motorizada que mira a la derecha tono de piel medio-oscuridad,Homem em cadeira de rodas motorizada voltada para o tom da pele média-escuro
👨🏼‍🦼‍➡️,man in motorized wheelchair facing right medium-light skin tone,Hombre en silla de ruedas motorizada que mira el tono de piel de luz media derecha,Homem em cadeira de rodas motorizada voltada para o tom da pele média à direita
👨🏼‍🦼‍➡,man in motorized wheelchair facing right medium-light skin tone,Hombre en silla de ruedas motorizada que mira el tono de piel de luz media derecha,Homem em cadeira de rodas motorizada voltada para o tom da pele média à direita
👨🏽‍🦼‍➡️,man in motorized wheelchair facing right medium skin tone,hombre en silla de ruedas motorizada que mira el tono de piel medio derecho,Homem em cadeira de rodas motorizada voltada para o tom da pele média
👨🏽‍🦼‍➡,man in motorized wheelchair facing right medium skin tone,hombre en silla de ruedas motorizada que mira el tono de piel medio derecho,Homem em cadeira de rodas motorizada voltada para o tom da pele média
👨🏻‍🦼,man in motorized wheelchair light skin tone,Hombre en el tono de piel clara de silla de ruedas motorizada,Homem em tom de pele leve para cadeira de rodas motorizada
👨🏾‍🦼,man in motorized wheelchair medium-dark skin tone,hombre en silla de ruedas motorizada tono de piel medio-oscuridad,Homem em tom de pele de cadeira de rodas motorizada
👨🏼‍🦼,man in motorized wheelchair medium-light skin tone,Hombre en el tono de piel de luz media de silla de ruedas motorizada,Hom
👨🏽‍🦼,man in motorized wheelchair medium skin tone,Hombre en el tono de piel mediana de silla de ruedas motorizada,Homem em tom de pele de cadeira de rodas motorizada
🧖‍♂️,man in steamy room,Hombre en la habitación humeante,Homem no quarto vapor
🧖‍♂,man in steamy room,Hombre en la habitación humeante,Homem no quarto vapor
🧖🏿‍♂️,man in steamy room dark skin tone,Hombre en la habitación de vapor tono de piel oscura,Hom
🧖🏿‍♂,man in steamy room dark skin tone,Hombre en la habitación de vapor tono de piel oscura,Hom
🧖🏻‍♂️,man in steamy room light skin tone,Hombre en la habitación de la sala de vapor tono de piel clara,Homem em tom de pele leve e vapor
🧖🏻‍♂,man in steamy room light skin tone,Hombre en la habitación de la sala de vapor tono de piel clara,Homem em tom de pele leve e vapor
🧖🏾‍♂️,man in steamy room medium-dark skin tone,Hombre en la habitación humeante tono de piel medio-oscuridad,Hom
🧖🏾‍♂,man in steamy room medium-dark skin tone,Hombre en la habitación humeante tono de piel medio-oscuridad,Hom
🧖🏼‍♂️,man in steamy room medium-light skin tone,Hombre en la habitación humeante tono de piel de luz media,Hom
🧖🏼‍♂,man in steamy room medium-light skin tone,Hombre en la habitación humeante tono de piel de luz media,Hom
🧖🏽‍♂️,man in steamy room medium skin tone,hombre en la habitación humeante tono de piel mediana,Homem em um tom de pele média
🧖🏽‍♂,man in steamy room medium skin tone,hombre en la habitación humeante tono de piel mediana,Homem em um tom de pele média
🤵‍♂️,man in tuxedo,hombre en esmoquin,Homem em Tuxedo
🤵‍♂,man in tuxedo,hombre en esmoquin,Homem em Tuxedo
🤵🏿‍♂️,man in tuxedo dark skin tone,Hombre en el tuxedo tono de piel oscura,homem em tom escuro de smoking
🤵🏿‍♂,man in tuxedo dark skin tone,Hombre en el tuxedo tono de piel oscura,homem em tom escuro de smoking
🤵🏻‍♂️,man in tuxedo light skin tone,hombre en el tono de piel ligera de esmoquin,Homem em tom de pele leve Tuxedo
🤵🏻‍♂,man in tuxedo light skin tone,hombre en el tono de piel ligera de esmoquin,Homem em tom de pele leve Tuxedo
🤵🏾‍♂️,man in tuxedo medium-dark skin tone,Hombre en Tuxedo Medium-Dark Skin Tono,Homem em tom de pele de smoking médio
🤵🏾‍♂,man in tuxedo medium-dark skin tone,Hombre en Tuxedo Medium-Dark Skin Tono,Homem em tom de pele de smoking médio
🤵🏼‍♂️,man in tuxedo medium-light skin tone,Hombre en el tuxedo tono de piel de luz media,Homem em tom de pele de luz de smok
🤵🏼‍♂,man in tuxedo medium-light skin tone,Hombre en el tuxedo tono de piel de luz media,Homem em tom de pele de luz de smok
🤵🏽‍♂️,man in tuxedo medium skin tone,Hombre en el tono de piel mediana esmoqueta,Homem em tom de pele média de smoking
🤵🏽‍♂,man in tuxedo medium skin tone,Hombre en el tono de piel mediana esmoqueta,Homem em tom de pele média de smoking
👨‍⚖️,man judge,Juez de Hombre,Homem juiz
👨‍⚖,man judge,Juez de Hombre,Homem juiz
👨🏿‍⚖️,man judge dark skin tone,Man Judge Tono de piel oscura,Homem juiz tom de pele escura
👨🏿‍⚖,man judge dark skin tone,Man Judge Tono de piel oscura,Homem juiz tom de pele escura
👨🏻‍⚖️,man judge light skin tone,Man Judge Light Skin Tone,Homem juiz o tom de pele leve
👨🏻‍⚖,man judge light skin tone,Man Judge Light Skin Tone,Homem juiz o tom de pele leve
👨🏾‍⚖️,man judge medium-dark skin tone,Man Judge Medium-Dark Skin Tono,Homem juiz tom de pele média-escuro
👨🏾‍⚖,man judge medium-dark skin tone,Man Judge Medium-Dark Skin Tono,Homem juiz tom de pele média-escuro
👨🏼‍⚖️,man judge medium-light skin tone,Man Judge Tono de piel de luz media,Homem juiz o tom de pele de luz média
👨🏼‍⚖,man judge medium-light skin tone,Man Judge Tono de piel de luz media,Homem juiz o tom de pele de luz média
👨🏽‍⚖️,man judge medium skin tone,Man Judge Tono de piel mediana,Homem juiz o tom de pele média
👨🏽‍⚖,man judge medium skin tone,Man Judge Tono de piel mediana,Homem juiz o tom de pele média
🤹‍♂️,man juggling,hombre malabarista,Homem malabarista
🤹‍♂,man juggling,hombre malabarista,Homem malabarista
🤹🏿‍♂️,man juggling dark skin tone,Hombre haciendo malabares con tono de piel oscura,Hom
🤹🏿‍♂,man juggling dark skin tone,Hombre haciendo malabares con tono de piel oscura,Hom
🤹🏻‍♂️,man juggling light skin tone,Hombre haciendo malabares con tono de piel clara,Hom
🤹🏻‍♂,man juggling light skin tone,Hombre haciendo malabares con tono de piel clara,Hom
🤹🏾‍♂️,man juggling medium-dark skin tone,Hombre haciendo malabares con tono de piel mediana y oscura,Hom
🤹🏾‍♂,man juggling medium-dark skin tone,Hombre haciendo malabares con tono de piel mediana y oscura,Hom
🤹🏼‍♂️,man juggling medium-light skin tone,Hombre haciendo malabares con tono de piel de luz media,Hom
🤹🏼‍♂,man juggling medium-light skin tone,Hombre haciendo malabares con tono de piel de luz media,Hom
🤹🏽‍♂️,man juggling medium skin tone,Hombre haciendo malabares con tono de piel mediana,Hom
🤹🏽‍♂,man juggling medium skin tone,Hombre haciendo malabares con tono de piel mediana,Hom
🧎‍♂️,man kneeling,hombre arrodillado,Homem ajoelhado
🧎‍♂,man kneeling,hombre arrodillado,Homem ajoelhado
🧎🏿‍♂️,man kneeling dark skin tone,hombre arrodillado tono de piel oscura,Homem ajoelhando o tom da pele escura
🧎🏿‍♂,man kneeling dark skin tone,hombre arrodillado tono de piel oscura,Homem ajoelhando o tom da pele escura
🧎‍♂️‍➡️,man kneeling facing right,hombre arrodillado frente a la derecha,Homem ajoelhando -se à direita
🧎‍♂‍➡️,man kneeling facing right,hombre arrodillado frente a la derecha,Homem ajoelhando -se à direita
🧎‍♂️‍➡,man kneeling facing right,hombre arrodillado frente a la derecha,Homem ajoelhando -se à direita
🧎‍♂‍➡,man kneeling facing right,hombre arrodillado frente a la derecha,Homem ajoelhando -se à direita
🧎🏿‍♂️‍➡️,man kneeling facing right dark skin tone,hombre arrodillado frente a la derecha tono de piel oscura,Homem ajoelhado de frente para o tom da pele escura direta
🧎🏿‍♂‍➡️,man kneeling facing right dark skin tone,hombre arrodillado frente a la derecha tono de piel oscura,Homem ajoelhado de frente para o tom da pele escura direta
🧎🏿‍♂️‍➡,man kneeling facing right dark skin tone,hombre arrodillado frente a la derecha tono de piel oscura,Homem ajoelhado de frente para o tom da pele escura direta
🧎🏿‍♂‍➡,man kneeling facing right dark skin tone,hombre arrodillado frente a la derecha tono de piel oscura,Homem ajoelhado de frente para o tom da pele escura direta
🧎🏻‍♂️‍➡️,man kneeling facing right light skin tone,Hombre arrodillado frente a la piel clara de piel derecha,Homem ajoelhado de frente para o tom da pele clara
🧎🏻‍♂‍➡️,man kneeling facing right light skin tone,Hombre arrodillado frente a la piel clara de piel derecha,Homem ajoelhado de frente para o tom da pele clara
🧎🏻‍♂️‍➡,man kneeling facing right light skin tone,Hombre arrodillado frente a la piel clara de piel derecha,Homem ajoelhado de frente para o tom da pele clara
🧎🏻‍♂‍➡,man kneeling facing right light skin tone,Hombre arrodillado frente a la piel clara de piel derecha,Homem ajoelhado de frente para o tom da pele clara
🧎🏾‍♂️‍➡️,man kneeling facing right medium-dark skin tone,Man arrodillado frente a la derecha tono de piel medio-oscuridad,Homem ajoelhado voltado para o tom da pele média-escura
🧎🏾‍♂‍➡️,man kneeling facing right medium-dark skin tone,Man arrodillado frente a la derecha tono de piel medio-oscuridad,Homem ajoelhado voltado para o tom da pele média-escura
🧎🏾‍♂️‍➡,man kneeling facing right medium-dark skin tone,Man arrodillado frente a la derecha tono de piel medio-oscuridad,Homem ajoelhado voltado para o tom da pele média-escura
🧎🏾‍♂‍➡,man kneeling facing right medium-dark skin tone,Man arrodillado frente a la derecha tono de piel medio-oscuridad,Homem ajoelhado voltado para o tom da pele média-escura
🧎🏼‍♂️‍➡️,man kneeling facing right medium-light skin tone,Hombre arrodillado frente al tono de piel de luz media derecha,Homem ajoelhado voltado para o tom da pele média à direita
🧎🏼‍♂‍➡️,man kneeling facing right medium-light skin tone,Hombre arrodillado frente al tono de piel de luz media derecha,Homem ajoelhado voltado para o tom da pele média à direita
🧎🏼‍♂️‍➡,man kneeling facing right medium-light skin tone,Hombre arrodillado frente al tono de piel de luz media derecha,Homem ajoelhado voltado para o tom da pele média à direita
🧎🏼‍♂‍➡,man kneeling facing right medium-light skin tone,Hombre arrodillado frente al tono de piel de luz media derecha,Homem ajoelhado voltado para o tom da pele média à direita
🧎🏽‍♂️‍➡️,man kneeling facing right medium skin tone,hombre arrodillado frente a la derecha tono de piel medio,Homem ajoelhado voltado para o tom da pele média
🧎🏽‍♂‍➡️,man kneeling facing right medium skin tone,hombre arrodillado frente a la derecha tono de piel medio,Homem ajoelhado voltado para o tom da pele média
🧎🏽‍♂️‍➡,man kneeling facing right medium skin tone,hombre arrodillado frente a la derecha tono de piel medio,Homem ajoelhado voltado para o tom da pele média
🧎🏽‍♂‍➡,man kneeling facing right medium skin tone,hombre arrodillado frente a la derecha tono de piel medio,Homem ajoelhado voltado para o tom da pele média
🧎🏻‍♂️,man kneeling light skin tone,tono de piel clara de arrodillado,Homem ajoelhando o tom da pele leve
🧎🏻‍♂,man kneeling light skin tone,tono de piel clara de arrodillado,Homem ajoelhando o tom da pele leve
🧎🏾‍♂️,man kneeling medium-dark skin tone,tono de piel mediana y media de arrodillado,Homem ajoelhando o tom de pele média-escuro
🧎🏾‍♂,man kneeling medium-dark skin tone,tono de piel mediana y media de arrodillado,Homem ajoelhando o tom de pele média-escuro
🧎🏼‍♂️,man kneeling medium-light skin tone,tono de piel de luz media de arrodilla,Homem ajoelhando o tom da pele de luz média
🧎🏼‍♂,man kneeling medium-light skin tone,tono de piel de luz media de arrodilla,Homem ajoelhando o tom da pele de luz média
🧎🏽‍♂️,man kneeling medium skin tone,tono de piel mediana arrodillada,Homem ajoelhando o tom de pele média
🧎🏽‍♂,man kneeling medium skin tone,tono de piel mediana arrodillada,Homem ajoelhando o tom de pele média
🏋️‍♂️,man lifting weights,Hombre levantando pesas,Homem levantando pesos
🏋‍♂️,man lifting weights,Hombre levantando pesas,Homem levantando pesos
🏋️‍♂,man lifting weights,Hombre levantando pesas,Homem levantando pesos
🏋‍♂,man lifting weights,Hombre levantando pesas,Homem levantando pesos
🏋🏿‍♂️,man lifting weights dark skin tone,El hombre levantando pesas tono de piel oscura,Homem levantando pesos do tom de pele escura
🏋🏿‍♂,man lifting weights dark skin tone,El hombre levantando pesas tono de piel oscura,Homem levantando pesos do tom de pele escura
🏋🏻‍♂️,man lifting weights light skin tone,El hombre levantando pesas tono de piel clara,Homem levantando pesos tom de pele clara
🏋🏻‍♂,man lifting weights light skin tone,El hombre levantando pesas tono de piel clara,Homem levantando pesos tom de pele clara
🏋🏾‍♂️,man lifting weights medium-dark skin tone,Tono de piel mediana y media de levantamiento del hombre,Homem levantando pesos do tom de pele média escuro
🏋🏾‍♂,man lifting weights medium-dark skin tone,Tono de piel mediana y media de levantamiento del hombre,Homem levantando pesos do tom de pele média escuro
🏋🏼‍♂️,man lifting weights medium-light skin tone,Man levantando pesas tono de piel de luz media,Homem levantando pesos do tom de pele de luz média
🏋🏼‍♂,man lifting weights medium-light skin tone,Man levantando pesas tono de piel de luz media,Homem levantando pesos do tom de pele de luz média
🏋🏽‍♂️,man lifting weights medium skin tone,Tono de piel mediana para levantar pesas,Homem levantando pesos do tom de pele média
🏋🏽‍♂,man lifting weights medium skin tone,Tono de piel mediana para levantar pesas,Homem levantando pesos do tom de pele média
👨🏻,man light skin tone,tono de piel clara del hombre,Tom de pele leve do homem
👨🏻‍🦲,man light skin tone bald,tono de piel claro de hombre calvo,homem de pele clara de pele leve
🧔🏻‍♂️,man light skin tone beard,barba de tono de piel claro,homem de pele de pele clara barba
🧔🏻‍♂,man light skin tone beard,barba de tono de piel claro,homem de pele de pele clara barba
👱🏻‍♂️,man light skin tone blond hair,Cabello rubio de la piel clara de la piel del hombre,Homem de pele de pele leve
👱🏻‍♂,man light skin tone blond hair,Cabello rubio de la piel clara de la piel del hombre,Homem de pele de pele leve
👨🏻‍🦱,man light skin tone curly hair,Cabello rizado de tono de piel claro,Homem de pele de pele clara
👨🏻‍🦰,man light skin tone red hair,Man Light Skin Tono cabello rojo,Homem de pele de pele clara
👨🏻‍🦳,man light skin tone white hair,Tono de piel claro de hombre cabello blanco,Homem de pele de pele clara
🧙‍♂️,man mage,hombre de mago,homem mago
🧙‍♂,man mage,hombre de mago,homem mago
🧙🏿‍♂️,man mage dark skin tone,Tono de piel oscura del hombre mago,Man Mago Tom de pele escura
🧙🏿‍♂,man mage dark skin tone,Tono de piel oscura del hombre mago,Man Mago Tom de pele escura
🧙🏻‍♂️,man mage light skin tone,tono de piel claro del hombre mago,tom de pele leve mago
🧙🏻‍♂,man mage light skin tone,tono de piel claro del hombre mago,tom de pele leve mago
🧙🏾‍♂️,man mage medium-dark skin tone,tono de piel de hombre-mareo de mango mediano,Man Mago Tom de pele média-escuro
🧙🏾‍♂,man mage medium-dark skin tone,tono de piel de hombre-mareo de mango mediano,Man Mago Tom de pele média-escuro
🧙🏼‍♂️,man mage medium-light skin tone,Tono de piel de luz media del hombre,Tom de pele de luz média do homem mago
🧙🏼‍♂,man mage medium-light skin tone,Tono de piel de luz media del hombre,Tom de pele de luz média do homem mago
🧙🏽‍♂️,man mage medium skin tone,tono de piel mediana del hombre mago,tom de pele de mago homem
🧙🏽‍♂,man mage medium skin tone,tono de piel mediana del hombre mago,tom de pele de mago homem
👨‍🔧,man mechanic,mecánico,mecânico de homem
👨🏿‍🔧,man mechanic dark skin tone,tono de piel oscura mecánica de hombre,Tom de pele escura mecânica do homem
👨🏻‍🔧,man mechanic light skin tone,tono de piel clara mecánica de hombre,Tom de pele leve mecânica do homem
👨🏾‍🔧,man mechanic medium-dark skin tone,tono de piel de hombre mecánico de la oscuridad,tom de pele mecânica-escura mecânica do homem
👨🏼‍🔧,man mechanic medium-light skin tone,Tono de piel de luz media mecánica de hombre,tom de pele mecânica de homem mecânica
👨🏽‍🔧,man mechanic medium skin tone,tono de piel mediana mecánica de hombre,tom de pele mecânica de homem mecânico
👨🏾,man medium-dark skin tone,tono de piel de hombre medio-oscuridad,tom de pele de médio escuro
👨🏾‍🦲,man medium-dark skin tone bald,tono de piel de hombre medio-oscuridad de hombre calvo,Homem de tom de pele média-escuro
🧔🏾‍♂️,man medium-dark skin tone beard,Barba de tono de piel de color medio-oscuridad,homem de pele de média escarca barba
🧔🏾‍♂,man medium-dark skin tone beard,Barba de tono de piel de color medio-oscuridad,homem de pele de média escarca barba
👱🏾‍♂️,man medium-dark skin tone blond hair,Man Medium Dark Skin Tono rubio,Hom
👱🏾‍♂,man medium-dark skin tone blond hair,Man Medium Dark Skin Tono rubio,Hom
👨🏾‍🦱,man medium-dark skin tone curly hair,Man Medium-Dark Skin Tono rizado,Hom
👨🏾‍🦰,man medium-dark skin tone red hair,hombre de piel de color medio oscuro cabello rojo,Hom
👨🏾‍🦳,man medium-dark skin tone white hair,Man Medium-Dark Skin Tono blanco Cabello,Hom
👨🏼,man medium-light skin tone,tono de piel de luz media hombre,Tom de pele de luz média do homem
👨🏼‍🦲,man medium-light skin tone bald,tono de piel de luz media hombre calvo,Tom de pele de luz média do homem careca
🧔🏼‍♂️,man medium-light skin tone beard,Barba de tono de piel de la luz media hombre,homem de luz de luz média-luz barba
🧔🏼‍♂,man medium-light skin tone beard,Barba de tono de piel de la luz media hombre,homem de luz de luz média-luz barba
👱🏼‍♂️,man medium-light skin tone blond hair,hombre de piel de luz media cabello rubio,Hom
👱🏼‍♂,man medium-light skin tone blond hair,hombre de piel de luz media cabello rubio,Hom
👨🏼‍🦱,man medium-light skin tone curly hair,Hombre Tono de piel de luz media cabello rizado,"Homem, tom de pele de luz média"
👨🏼‍🦰,man medium-light skin tone red hair,hombre de piel de luz media cabello rojo,Hom
👨🏼‍🦳,man medium-light skin tone white hair,hombre de piel de luz media cabello blanco,Hom
👨🏽,man medium skin tone,tono de piel mediana del hombre,tom de pele média de homem
👨🏽‍🦲,man medium skin tone bald,tono de piel mediano de hombre calvo,homem de pele média calda
🧔🏽‍♂️,man medium skin tone beard,Barba de tono de piel mediana del hombre,homem de pele média de pele barba
🧔🏽‍♂,man medium skin tone beard,Barba de tono de piel mediana del hombre,homem de pele média de pele barba
👱🏽‍♂️,man medium skin tone blond hair,hombre de piel mediana tono rubio cabello,Hom
👱🏽‍♂,man medium skin tone blond hair,hombre de piel mediana tono rubio cabello,Hom
👨🏽‍🦱,man medium skin tone curly hair,Hombre Tono de piel mediano Cabello rizado,Hom
👨🏽‍🦰,man medium skin tone red hair,hombre de piel mediana tono rojo,Hom
👨🏽‍🦳,man medium skin tone white hair,hombre de piel mediana tono blanco cabello,homem de pele média de pele branca
🚵‍♂️,man mountain biking,bicicleta de montaña,Man Mountain Biking
🚵‍♂,man mountain biking,bicicleta de montaña,Man Mountain Biking
🚵🏿‍♂️,man mountain biking dark skin tone,tono de piel oscura en bicicleta de montaña,Tom de pele escura de mountain bike de homem
🚵🏿‍♂,man mountain biking dark skin tone,tono de piel oscura en bicicleta de montaña,Tom de pele escura de mountain bike de homem
🚵🏻‍♂️,man mountain biking light skin tone,tono de piel clara de ciclismo de montaña,Tom de pele leve de mountain bike de montanha
🚵🏻‍♂,man mountain biking light skin tone,tono de piel clara de ciclismo de montaña,Tom de pele leve de mountain bike de montanha
🚵🏾‍♂️,man mountain biking medium-dark skin tone,tono de piel de color medio-oscuridad de montaña,Tom de pele de mountain bike de montanha de homem
🚵🏾‍♂,man mountain biking medium-dark skin tone,tono de piel de color medio-oscuridad de montaña,Tom de pele de mountain bike de montanha de homem
🚵🏼‍♂️,man mountain biking medium-light skin tone,tono de piel de la luz media del ciclismo de montaña,tom de mountain bike de mountain bike de luz de luz média
🚵🏼‍♂,man mountain biking medium-light skin tone,tono de piel de la luz media del ciclismo de montaña,tom de mountain bike de mountain bike de luz de luz média
🚵🏽‍♂️,man mountain biking medium skin tone,tono de piel mediana en bicicleta de montaña,Tom de pele média de mountain bike de homem
🚵🏽‍♂,man mountain biking medium skin tone,tono de piel mediana en bicicleta de montaña,Tom de pele média de mountain bike de homem
👨‍💼,man office worker,trabajador de oficina,Trabalhador do escritório do homem
👨🏿‍💼,man office worker dark skin tone,Hombre Office Worker Dark Skin Tone,trabalhador de escritório do tom escuro do tom de pele escura
👨🏻‍💼,man office worker light skin tone,Tono de piel clara de asuntos de oficina,Tom de pele de trabalhador de escritório do homem
👨🏾‍💼,man office worker medium-dark skin tone,Tono de piel de Office Office Worker Medium-Dark,trabalhador de escritórios do tom de pele média-escura
👨🏼‍💼,man office worker medium-light skin tone,Hombre Oficina Trabajadora Tono de piel de luz media,Man Office Worker Média Light Skin Tom
👨🏽‍💼,man office worker medium skin tone,Hombre Oficina Trabajadora Tono de piel mediana,Tom de pele de trabalhador de escritório de homem
👨‍✈️,man pilot,piloto,Homem piloto
👨‍✈,man pilot,piloto,Homem piloto
👨🏿‍✈️,man pilot dark skin tone,tono de piel oscura del hombre piloto,Homem piloto de tom escuro de pele
👨🏿‍✈,man pilot dark skin tone,tono de piel oscura del hombre piloto,Homem piloto de tom escuro de pele
👨🏻‍✈️,man pilot light skin tone,tono de piel de luz piloto de hombre,Tom de pele leve piloto de homem
👨🏻‍✈,man pilot light skin tone,tono de piel de luz piloto de hombre,Tom de pele leve piloto de homem
👨🏾‍✈️,man pilot medium-dark skin tone,tono de piel de hombre-piloto de la oscuridad del hombre,homem piloto de tom de pele média-escuro
👨🏾‍✈,man pilot medium-dark skin tone,tono de piel de hombre-piloto de la oscuridad del hombre,homem piloto de tom de pele média-escuro
👨🏼‍✈️,man pilot medium-light skin tone,tono de piel de la luz media del hombre piloto,homem piloto piloto de luz de luz média
👨🏼‍✈,man pilot medium-light skin tone,tono de piel de la luz media del hombre piloto,homem piloto piloto de luz de luz média
👨🏽‍✈️,man pilot medium skin tone,tono de piel mediana del hombre piloto,Tom de pele média piloto de homem
👨🏽‍✈,man pilot medium skin tone,tono de piel mediana del hombre piloto,Tom de pele média piloto de homem
🤾‍♂️,man playing handball,Hombre jugando buroble,Homem jogando handebol
🤾‍♂,man playing handball,Hombre jugando buroble,Homem jogando handebol
🤾🏿‍♂️,man playing handball dark skin tone,Hombre jugando tono de piel oscura en balonmano,Homem jogando Handall Dark Skin Tom
🤾🏿‍♂,man playing handball dark skin tone,Hombre jugando tono de piel oscura en balonmano,Homem jogando Handall Dark Skin Tom
🤾🏻‍♂️,man playing handball light skin tone,Hombre jugando tono de piel clara de balonmano,Homem jogando Handall Light Skin Tom
🤾🏻‍♂,man playing handball light skin tone,Hombre jugando tono de piel clara de balonmano,Homem jogando Handall Light Skin Tom
🤾🏾‍♂️,man playing handball medium-dark skin tone,Hombre jugando tono de piel de balonmano medio-oscuridad,Hom
🤾🏾‍♂,man playing handball medium-dark skin tone,Hombre jugando tono de piel de balonmano medio-oscuridad,Hom
🤾🏼‍♂️,man playing handball medium-light skin tone,Hombre jugando tono de piel con balonmano medio de luz media,Hom
🤾🏼‍♂,man playing handball medium-light skin tone,Hombre jugando tono de piel con balonmano medio de luz media,Hom
🤾🏽‍♂️,man playing handball medium skin tone,Hombre jugando tono de piel medio en el balonmano,Hom
🤾🏽‍♂,man playing handball medium skin tone,Hombre jugando tono de piel medio en el balonmano,Hom
🤽‍♂️,man playing water polo,hombre jugando waterpolo,homem jogando pólo aquático
🤽‍♂,man playing water polo,hombre jugando waterpolo,homem jogando pólo aquático
🤽🏿‍♂️,man playing water polo dark skin tone,Hombre jugando waterpolo tono de piel oscura,homem jogando tom de pele escura de pólo aquático
🤽🏿‍♂,man playing water polo dark skin tone,Hombre jugando waterpolo tono de piel oscura,homem jogando tom de pele escura de pólo aquático
🤽🏻‍♂️,man playing water polo light skin tone,Hombre jugando con tono de piel de luz del agua polo,homem jogando tom de pele leve pólo aquático
🤽🏻‍♂,man playing water polo light skin tone,Hombre jugando con tono de piel de luz del agua polo,homem jogando tom de pele leve pólo aquático
🤽🏾‍♂️,man playing water polo medium-dark skin tone,Hombre jugando waterpolo tono de piel medio-oscuridad,homem jogando tom de pele de pólo aquático
🤽🏾‍♂,man playing water polo medium-dark skin tone,Hombre jugando waterpolo tono de piel medio-oscuridad,homem jogando tom de pele de pólo aquático
🤽🏼‍♂️,man playing water polo medium-light skin tone,Hombre jugando con tono de piel de luz media de agua de agua,Hom
🤽🏼‍♂,man playing water polo medium-light skin tone,Hombre jugando con tono de piel de luz media de agua de agua,Hom
🤽🏽‍♂️,man playing water polo medium skin tone,Hombre jugando con tono de piel mediana de waterpolo,homem jogando tom de pele pólo aquático
🤽🏽‍♂,man playing water polo medium skin tone,Hombre jugando con tono de piel mediana de waterpolo,homem jogando tom de pele pólo aquático
👮‍♂️,man police officer,hombre de policía,policial do homem
👮‍♂,man police officer,hombre de policía,policial do homem
👮🏿‍♂️,man police officer dark skin tone,hombre de policía tono de piel oscura,Tom de pele escura do policial do homem
👮🏿‍♂,man police officer dark skin tone,hombre de policía tono de piel oscura,Tom de pele escura do policial do homem
👮🏻‍♂️,man police officer light skin tone,Hombre Oficial de policía Tono de piel clara,Tom de pele leve do policial do homem
👮🏻‍♂,man police officer light skin tone,Hombre Oficial de policía Tono de piel clara,Tom de pele leve do policial do homem
👮🏾‍♂️,man police officer medium-dark skin tone,Hombre Oficial de policía Medium-Dark Skin Tono,Tom de pele do policial de policial de homem
👮🏾‍♂,man police officer medium-dark skin tone,Hombre Oficial de policía Medium-Dark Skin Tono,Tom de pele do policial de policial de homem
👮🏼‍♂️,man police officer medium-light skin tone,hombre de policía tono de piel de luz media,Tom de pele de leve luz do policial de homem
👮🏼‍♂,man police officer medium-light skin tone,hombre de policía tono de piel de luz media,Tom de pele de leve luz do policial de homem
👮🏽‍♂️,man police officer medium skin tone,hombre de policía tono de piel mediana,Tom de pele média do policial do homem
👮🏽‍♂,man police officer medium skin tone,hombre de policía tono de piel mediana,Tom de pele média do policial do homem
🙎‍♂️,man pouting,Hombre haciendo pucheros,Homem fazendo beicinho
🙎‍♂,man pouting,Hombre haciendo pucheros,Homem fazendo beicinho
🙎🏿‍♂️,man pouting dark skin tone,Hombre haciendo pucheros tono de piel oscura,homem fazendo beicinho para o tom escuro
🙎🏿‍♂,man pouting dark skin tone,Hombre haciendo pucheros tono de piel oscura,homem fazendo beicinho para o tom escuro
🙎🏻‍♂️,man pouting light skin tone,Hombre haciendo puchero tono de piel clara,Homem fazendo beicinho para o tom da pele
🙎🏻‍♂,man pouting light skin tone,Hombre haciendo puchero tono de piel clara,Homem fazendo beicinho para o tom da pele
🙎🏾‍♂️,man pouting medium-dark skin tone,Hombre haciendo pucheros tono de piel medio-oscuridad,Hom
🙎🏾‍♂,man pouting medium-dark skin tone,Hombre haciendo pucheros tono de piel medio-oscuridad,Hom
🙎🏼‍♂️,man pouting medium-light skin tone,Hombre haciendo puchero tono de piel de luz media,Hom
🙎🏼‍♂,man pouting medium-light skin tone,Hombre haciendo puchero tono de piel de luz media,Hom
🙎🏽‍♂️,man pouting medium skin tone,Hombre haciendo pucheros tono de piel mediana,Hom
🙎🏽‍♂,man pouting medium skin tone,Hombre haciendo pucheros tono de piel mediana,Hom
🙋‍♂️,man raising hand,Hombre levantando la mano,homem levantando a mão
🙋‍♂,man raising hand,Hombre levantando la mano,homem levantando a mão
🙋🏿‍♂️,man raising hand dark skin tone,Hombre levantando el tono de piel oscura de la mano,homem levantando o tom de pele escura da mão
🙋🏿‍♂,man raising hand dark skin tone,Hombre levantando el tono de piel oscura de la mano,homem levantando o tom de pele escura da mão
🙋🏻‍♂️,man raising hand light skin tone,Hombre levantando el tono de piel clara de la mano,homem levantando o tom de pele leve à mão
🙋🏻‍♂,man raising hand light skin tone,Hombre levantando el tono de piel clara de la mano,homem levantando o tom de pele leve à mão
🙋🏾‍♂️,man raising hand medium-dark skin tone,Hombre levantando la mano de la piel medio-oscuridad,homem levantando o tom de pele média-escuro da mão
🙋🏾‍♂,man raising hand medium-dark skin tone,Hombre levantando la mano de la piel medio-oscuridad,homem levantando o tom de pele média-escuro da mão
🙋🏼‍♂️,man raising hand medium-light skin tone,Hombre levantando la mano de la piel de luz media,homem levantando o tom de pele de luz média da mão
🙋🏼‍♂,man raising hand medium-light skin tone,Hombre levantando la mano de la piel de luz media,homem levantando o tom de pele de luz média da mão
🙋🏽‍♂️,man raising hand medium skin tone,Hombre levantando el tono de piel mediana de la mano,homem levantando o tom de pele média da mão
🙋🏽‍♂,man raising hand medium skin tone,Hombre levantando el tono de piel mediana de la mano,homem levantando o tom de pele média da mão
👨‍🦰,man red hair,Cabello rojo del hombre,Homem de cabelo ruivo
🚣‍♂️,man rowing boat,Barco de remo de hombre,barco a remo
🚣‍♂,man rowing boat,Barco de remo de hombre,barco a remo
🚣🏿‍♂️,man rowing boat dark skin tone,Barco de hombre de hombre tono de piel oscura,Tom de pele escura de barco a remo de homem
🚣🏿‍♂,man rowing boat dark skin tone,Barco de hombre de hombre tono de piel oscura,Tom de pele escura de barco a remo de homem
🚣🏻‍♂️,man rowing boat light skin tone,tono de piel clara de bote de remo de hombre,tom de remo de remo de lavar o tom leve de pele
🚣🏻‍♂,man rowing boat light skin tone,tono de piel clara de bote de remo de hombre,tom de remo de remo de lavar o tom leve de pele
🚣🏾‍♂️,man rowing boat medium-dark skin tone,Tono de piel mediana y media,tom de remo de remo de remoções de remo de escuro médio escuro
🚣🏾‍♂,man rowing boat medium-dark skin tone,Tono de piel mediana y media,tom de remo de remo de remoções de remo de escuro médio escuro
🚣🏼‍♂️,man rowing boat medium-light skin tone,Barco de remo de hombre tono de piel de luz media,tom de remo de remo de lavar a luz de luz média
🚣🏼‍♂,man rowing boat medium-light skin tone,Barco de remo de hombre tono de piel de luz media,tom de remo de remo de lavar a luz de luz média
🚣🏽‍♂️,man rowing boat medium skin tone,Tono de piel mediana de bote de remo de hombre,Tom de pele de barco a remo de homens
🚣🏽‍♂,man rowing boat medium skin tone,Tono de piel mediana de bote de remo de hombre,Tom de pele de barco a remo de homens
🏃‍♂️,man running,hombre corriendo,homem correndo
🏃‍♂,man running,hombre corriendo,homem correndo
🏃🏿‍♂️,man running dark skin tone,hombre corriendo tono de piel oscura,homem correndo com tom escuro de pele
🏃🏿‍♂,man running dark skin tone,hombre corriendo tono de piel oscura,homem correndo com tom escuro de pele
🏃‍♂️‍➡️,man running facing right,Hombre corriendo hacia la derecha,homem correndo de frente para a direita
🏃‍♂‍➡️,man running facing right,Hombre corriendo hacia la derecha,homem correndo de frente para a direita
🏃‍♂️‍➡,man running facing right,Hombre corriendo hacia la derecha,homem correndo de frente para a direita
🏃‍♂‍➡,man running facing right,Hombre corriendo hacia la derecha,homem correndo de frente para a direita
🏃🏿‍♂️‍➡️,man running facing right dark skin tone,Hombre corriendo mirando a la derecha tono de piel oscura,homem correndo voltado para o tom da pele escura direta
🏃🏿‍♂‍➡️,man running facing right dark skin tone,Hombre corriendo mirando a la derecha tono de piel oscura,homem correndo voltado para o tom da pele escura direta
🏃🏿‍♂️‍➡,man running facing right dark skin tone,Hombre corriendo mirando a la derecha tono de piel oscura,homem correndo voltado para o tom da pele escura direta
🏃🏿‍♂‍➡,man running facing right dark skin tone,Hombre corriendo mirando a la derecha tono de piel oscura,homem correndo voltado para o tom da pele escura direta
🏃🏻‍♂️‍➡️,man running facing right light skin tone,Hombre corriendo hacia el tono de piel claro derecho,homem correndo voltado para o tom da pele clara certa
🏃🏻‍♂‍➡️,man running facing right light skin tone,Hombre corriendo hacia el tono de piel claro derecho,homem correndo voltado para o tom da pele clara certa
🏃🏻‍♂️‍➡,man running facing right light skin tone,Hombre corriendo hacia el tono de piel claro derecho,homem correndo voltado para o tom da pele clara certa
🏃🏻‍♂‍➡,man running facing right light skin tone,Hombre corriendo hacia el tono de piel claro derecho,homem correndo voltado para o tom da pele clara certa
🏃🏾‍♂️‍➡️,man running facing right medium-dark skin tone,Hombre corriendo hacia el tono de piel medio-oscuridad de la derecha derecha,Hom
🏃🏾‍♂‍➡️,man running facing right medium-dark skin tone,Hombre corriendo hacia el tono de piel medio-oscuridad de la derecha derecha,Hom
🏃🏾‍♂️‍➡,man running facing right medium-dark skin tone,Hombre corriendo hacia el tono de piel medio-oscuridad de la derecha derecha,Hom
🏃🏾‍♂‍➡,man running facing right medium-dark skin tone,Hombre corriendo hacia el tono de piel medio-oscuridad de la derecha derecha,Hom
🏃🏼‍♂️‍➡️,man running facing right medium-light skin tone,Hombre corriendo hacia la derecha tono de piel de luz media,homem correndo voltado para o tom da pele média à direita
🏃🏼‍♂‍➡️,man running facing right medium-light skin tone,Hombre corriendo hacia la derecha tono de piel de luz media,homem correndo voltado para o tom da pele média à direita
🏃🏼‍♂️‍➡,man running facing right medium-light skin tone,Hombre corriendo hacia la derecha tono de piel de luz media,homem correndo voltado para o tom da pele média à direita
🏃🏼‍♂‍➡,man running facing right medium-light skin tone,Hombre corriendo hacia la derecha tono de piel de luz media,homem correndo voltado para o tom da pele média à direita
🏃🏽‍♂️‍➡️,man running facing right medium skin tone,Hombre corriendo mirando a la derecha tono de piel media,Hom
🏃🏽‍♂‍➡️,man running facing right medium skin tone,Hombre corriendo mirando a la derecha tono de piel media,Hom
🏃🏽‍♂️‍➡,man running facing right medium skin tone,Hombre corriendo mirando a la derecha tono de piel media,Hom
🏃🏽‍♂‍➡,man running facing right medium skin tone,Hombre corriendo mirando a la derecha tono de piel media,Hom
🏃🏻‍♂️,man running light skin tone,Hombre corriendo tono de piel clara,Homem com tom de pele leve
🏃🏻‍♂,man running light skin tone,Hombre corriendo tono de piel clara,Homem com tom de pele leve
🏃🏾‍♂️,man running medium-dark skin tone,Hombre que corre el tono de piel medio-oscuridad,Homem executando o tom de pele média-escuro
🏃🏾‍♂,man running medium-dark skin tone,Hombre que corre el tono de piel medio-oscuridad,Homem executando o tom de pele média-escuro
🏃🏼‍♂️,man running medium-light skin tone,Hombre corriendo tono de piel de luz media,Homem executando tom de pele de luz média
🏃🏼‍♂,man running medium-light skin tone,Hombre corriendo tono de piel de luz media,Homem executando tom de pele de luz média
🏃🏽‍♂️,man running medium skin tone,Hombre corriendo tono de piel medio,Homem executando tom de pele média
🏃🏽‍♂,man running medium skin tone,Hombre corriendo tono de piel medio,Homem executando tom de pele média
👨‍🔬,man scientist,científico hombre,Cientista do homem
👨🏿‍🔬,man scientist dark skin tone,tono de piel oscura científica del hombre,Tom do cientista escuro do cientista do homem
👨🏻‍🔬,man scientist light skin tone,tono de piel clara científica del hombre,tom cientista do tom de pele clara
👨🏾‍🔬,man scientist medium-dark skin tone,tono de piel de hombre científico medio-oscuridad,Tom de pele do cientista do cientista do homem
👨🏼‍🔬,man scientist medium-light skin tone,tono de piel de luz media científica,Tom da pele da luz média cientista do homem
👨🏽‍🔬,man scientist medium skin tone,tono de piel media científica de hombre,Tom de pele média cientista do homem
🤷‍♂️,man shrugging,hombre de hombros,Homem encolhendo os ombros
🤷‍♂,man shrugging,hombre de hombros,Homem encolhendo os ombros
🤷🏿‍♂️,man shrugging dark skin tone,Hombre encogido de hombros tono de piel oscura,Homem ombros de pele escura
🤷🏿‍♂,man shrugging dark skin tone,Hombre encogido de hombros tono de piel oscura,Homem ombros de pele escura
🤷🏻‍♂️,man shrugging light skin tone,tono de piel clara de hombros hombre de hombros,Homem ombros de pele clara
🤷🏻‍♂,man shrugging light skin tone,tono de piel clara de hombros hombre de hombros,Homem ombros de pele clara
🤷🏾‍♂️,man shrugging medium-dark skin tone,tono de piel mediana y media,Homem de ombros de ombros no tom de pele média-escuro
🤷🏾‍♂,man shrugging medium-dark skin tone,tono de piel mediana y media,Homem de ombros de ombros no tom de pele média-escuro
🤷🏼‍♂️,man shrugging medium-light skin tone,tono de piel de luz media de hombros hombre de hombros,homem de ombros de ombros em tom de pele média
🤷🏼‍♂,man shrugging medium-light skin tone,tono de piel de luz media de hombros hombre de hombros,homem de ombros de ombros em tom de pele média
🤷🏽‍♂️,man shrugging medium skin tone,tono de piel mediana de hombros hombre de hombros,Homem de ombros de ombros no tom de pele média
🤷🏽‍♂,man shrugging medium skin tone,tono de piel mediana de hombros hombre de hombros,Homem de ombros de ombros no tom de pele média
👨‍🎤,man singer,cantante de hombre,Cantor
👨🏿‍🎤,man singer dark skin tone,tono de piel oscura del cantante de hombre,Tom de pele escura cantora do homem
👨🏻‍🎤,man singer light skin tone,tono de piel de luz de cantante de hombre,Tom de pele leve do cantor de homem
👨🏾‍🎤,man singer medium-dark skin tone,tono de piel de maniobra mediana de hombre,Singer de homem de pele média-escuro
👨🏼‍🎤,man singer medium-light skin tone,tono de piel de luz media de la luz del hombre,Tom de pele de luz média cantora do homem
👨🏽‍🎤,man singer medium skin tone,tono de piel mediana del cantante de hombre,Tom de pele média do cantor de homem
🧍‍♂️,man standing,hombre de pie,homem em pé
🧍‍♂,man standing,hombre de pie,homem em pé
🧍🏿‍♂️,man standing dark skin tone,Hombre de pie Tono de piel oscura,homem em pé de pele escura
🧍🏿‍♂,man standing dark skin tone,Hombre de pie Tono de piel oscura,homem em pé de pele escura
🧍🏻‍♂️,man standing light skin tone,Tono de piel de luz de pie de pie,Homem em pé de pele clara
🧍🏻‍♂,man standing light skin tone,Tono de piel de luz de pie de pie,Homem em pé de pele clara
🧍🏾‍♂️,man standing medium-dark skin tone,tono de piel de hombre de pie mediano y oscuro,Homem em pé de pele média-escura
🧍🏾‍♂,man standing medium-dark skin tone,tono de piel de hombre de pie mediano y oscuro,Homem em pé de pele média-escura
🧍🏼‍♂️,man standing medium-light skin tone,Hombre de pie de la piel de luz media,Homem em pé de pele de luz média em pé
🧍🏼‍♂,man standing medium-light skin tone,Hombre de pie de la piel de luz media,Homem em pé de pele de luz média em pé
🧍🏽‍♂️,man standing medium skin tone,tono de piel mediana de pie de pie,Tom de pele média em pé
🧍🏽‍♂,man standing medium skin tone,tono de piel mediana de pie de pie,Tom de pele média em pé
👨‍🎓,man student,estudiante de hombre,estudante de homem
👨🏿‍🎓,man student dark skin tone,tono de piel oscura del estudiante del hombre,Tom de pele escura do aluno do homem
👨🏻‍🎓,man student light skin tone,tono de piel clara del estudiante,Tom de pele leve do aluno
👨🏾‍🎓,man student medium-dark skin tone,Tono de piel de Man Student Medium Dark Dark,Tom de pele de estudante de estudante de homem
👨🏼‍🎓,man student medium-light skin tone,tono de piel de la luz media del estudiante,Tom de pele de luz do aluno de estudante
👨🏽‍🎓,man student medium skin tone,tono de piel mediana de estudiante hombre,Tom de pele média do aluno
🦸‍♂️,man superhero,superhéroe,super -herói homem
🦸‍♂,man superhero,superhéroe,super -herói homem
🦸🏿‍♂️,man superhero dark skin tone,tono de piel oscura superhéroe de superhéroes,Tom de pele escura de super -herói do homem
🦸🏿‍♂,man superhero dark skin tone,tono de piel oscura superhéroe de superhéroes,Tom de pele escura de super -herói do homem
🦸🏻‍♂️,man superhero light skin tone,tono de piel clara de superhéroe de superhéroes,tom de super -herói de super -herói tom de pele
🦸🏻‍♂,man superhero light skin tone,tono de piel clara de superhéroe de superhéroes,tom de super -herói de super -herói tom de pele
🦸🏾‍♂️,man superhero medium-dark skin tone,tono de piel de maniobra mediana de superhéroes de hombre,Tom de pele de super-herói de super-herói do homem
🦸🏾‍♂,man superhero medium-dark skin tone,tono de piel de maniobra mediana de superhéroes de hombre,Tom de pele de super-herói de super-herói do homem
🦸🏼‍♂️,man superhero medium-light skin tone,tono de piel de la luz media del superhéroe,tom de super-herói de super-herói tom de pele
🦸🏼‍♂,man superhero medium-light skin tone,tono de piel de la luz media del superhéroe,tom de super-herói de super-herói tom de pele
🦸🏽‍♂️,man superhero medium skin tone,tono de piel mediana superhéroe de superhéroes,Tom de pele média de super -herói homem
🦸🏽‍♂,man superhero medium skin tone,tono de piel mediana superhéroe de superhéroes,Tom de pele média de super -herói homem
🦹‍♂️,man supervillain,supervillano de hombre,supervilão do homem
🦹‍♂,man supervillain,supervillano de hombre,supervilão do homem
🦹🏿‍♂️,man supervillain dark skin tone,tono de piel oscura supervillana de hombre,Tom de pele escura do supervilão do homem
🦹🏿‍♂,man supervillain dark skin tone,tono de piel oscura supervillana de hombre,Tom de pele escura do supervilão do homem
🦹🏻‍♂️,man supervillain light skin tone,tono de piel clara de supervillano del hombre,Tom de pele de supervilão do homem
🦹🏻‍♂,man supervillain light skin tone,tono de piel clara de supervillano del hombre,Tom de pele de supervilão do homem
🦹🏾‍♂️,man supervillain medium-dark skin tone,tono de piel de maniobra mediana de supervillano de hombre,Man Tom de pele de supervilão médio-escuro
🦹🏾‍♂,man supervillain medium-dark skin tone,tono de piel de maniobra mediana de supervillano de hombre,Man Tom de pele de supervilão médio-escuro
🦹🏼‍♂️,man supervillain medium-light skin tone,tono de piel de la luz media del supervillano del hombre,Tom de pele de supervilão média do homem
🦹🏼‍♂,man supervillain medium-light skin tone,tono de piel de la luz media del supervillano del hombre,Tom de pele de supervilão média do homem
🦹🏽‍♂️,man supervillain medium skin tone,tono de piel mediana supervillano de hombre,Tom de pele média do supervilão do homem
🦹🏽‍♂,man supervillain medium skin tone,tono de piel mediana supervillano de hombre,Tom de pele média do supervilão do homem
🏄‍♂️,man surfing,Surfo de hombre,homem surfando
🏄‍♂,man surfing,Surfo de hombre,homem surfando
🏄🏿‍♂️,man surfing dark skin tone,Hombre surfeando tono de piel oscura,Homem surfando no tom da pele escura
🏄🏿‍♂,man surfing dark skin tone,Hombre surfeando tono de piel oscura,Homem surfando no tom da pele escura
🏄🏻‍♂️,man surfing light skin tone,tono de piel de luz de surf de hombre,Homem surfando no tom da pele
🏄🏻‍♂,man surfing light skin tone,tono de piel de luz de surf de hombre,Homem surfando no tom da pele
🏄🏾‍♂️,man surfing medium-dark skin tone,tono de piel de hombre mareo de manifiesto,Homem surfando no tom de pele de médio escuro
🏄🏾‍♂,man surfing medium-dark skin tone,tono de piel de hombre mareo de manifiesto,Homem surfando no tom de pele de médio escuro
🏄🏼‍♂️,man surfing medium-light skin tone,tono de piel de luz mediana del hombre,Homem surfando em tom de pele de luz média
🏄🏼‍♂,man surfing medium-light skin tone,tono de piel de luz mediana del hombre,Homem surfando em tom de pele de luz média
🏄🏽‍♂️,man surfing medium skin tone,tono de piel mediana de surf de hombre,Homem surfando em tom de pele média
🏄🏽‍♂,man surfing medium skin tone,tono de piel mediana de surf de hombre,Homem surfando em tom de pele média
🏊‍♂️,man swimming,hombre nadando,homem nadando
🏊‍♂,man swimming,hombre nadando,homem nadando
🏊🏿‍♂️,man swimming dark skin tone,Hombre nadando tono de piel oscura,Homem nadando no tom da pele escura
🏊🏿‍♂,man swimming dark skin tone,Hombre nadando tono de piel oscura,Homem nadando no tom da pele escura
🏊🏻‍♂️,man swimming light skin tone,tono de piel clara de natación,Homem nando um tom de pele clara
🏊🏻‍♂,man swimming light skin tone,tono de piel clara de natación,Homem nando um tom de pele clara
🏊🏾‍♂️,man swimming medium-dark skin tone,tono de piel de hombre medio-oscuridad,Hom
🏊🏾‍♂,man swimming medium-dark skin tone,tono de piel de hombre medio-oscuridad,Hom
🏊🏼‍♂️,man swimming medium-light skin tone,Hombre nadando tono de piel de luz media,homem de natação tom de pele de luz média
🏊🏼‍♂,man swimming medium-light skin tone,Hombre nadando tono de piel de luz media,homem de natação tom de pele de luz média
🏊🏽‍♂️,man swimming medium skin tone,tono de piel mediana del hombre que nadan,homem de natação tom de pele média
🏊🏽‍♂,man swimming medium skin tone,tono de piel mediana del hombre que nadan,homem de natação tom de pele média
👨‍🏫,man teacher,maestro de hombre,professor de homem
👨🏿‍🏫,man teacher dark skin tone,Man maestro tono de piel oscura,Tom de pele escura do professor do homem
👨🏻‍🏫,man teacher light skin tone,tono de piel clara del maestro,Tom de pele leve professor de homem
👨🏾‍🏫,man teacher medium-dark skin tone,tono de piel de hombre maestro medio-oscuridad,Tom de pele do professor-professor do homem
👨🏼‍🏫,man teacher medium-light skin tone,Tono de piel de la luz del maestro de la luz del hombre,Tom de pele de luz do professor de homem
👨🏽‍🏫,man teacher medium skin tone,tono de piel mediana de maestro de maestro,Tom de pele média do professor
👨‍💻,man technologist,tecnólogo de hombre,Tecnólogo do homem
👨🏿‍💻,man technologist dark skin tone,Tono de piel oscura del tecnólogo de hombre,Tecnologista de homem escuro tom de pele
👨🏻‍💻,man technologist light skin tone,tono de piel clara del hombre tecnólogo,Tecnólogo de homem leve Tom de pele leve
👨🏾‍💻,man technologist medium-dark skin tone,tono de piel de color hombre tecnólogo medio-oscuridad,Tecnólogo de homem de pele de pele média-escura
👨🏼‍💻,man technologist medium-light skin tone,Tono de piel de luz de la luz del hombre tecnólogo,Tecnólogo de homem do tom de luz média-luz
👨🏽‍💻,man technologist medium skin tone,tono de piel mediana de tecnólogo de hombre,Tecnólogo de homem de pele média de pele
💁‍♂️,man tipping hand,Mano de propina del hombre,Homem que inclina a mão
💁‍♂,man tipping hand,Mano de propina del hombre,Homem que inclina a mão
💁🏿‍♂️,man tipping hand dark skin tone,Tono de piel oscura de la mano del hombre.,homem que derrubando o tom da pele escura
💁🏿‍♂,man tipping hand dark skin tone,Tono de piel oscura de la mano del hombre.,homem que derrubando o tom da pele escura
💁🏻‍♂️,man tipping hand light skin tone,tono de piel claro de mano de mano del hombre,Hom
💁🏻‍♂,man tipping hand light skin tone,tono de piel claro de mano de mano del hombre,Hom
💁🏾‍♂️,man tipping hand medium-dark skin tone,Tono de piel de color medio-oscuridad de la mano del hombre,Hom
💁🏾‍♂,man tipping hand medium-dark skin tone,Tono de piel de color medio-oscuridad de la mano del hombre,Hom
💁🏼‍♂️,man tipping hand medium-light skin tone,Tono de piel de luz media de la mano del hombre,Hom
💁🏼‍♂,man tipping hand medium-light skin tone,Tono de piel de luz media de la mano del hombre,Hom
💁🏽‍♂️,man tipping hand medium skin tone,tono de piel mediana de mano de mano de hombre,homem que derrubando o tom de pele média da mão
💁🏽‍♂,man tipping hand medium skin tone,tono de piel mediana de mano de mano de hombre,homem que derrubando o tom de pele média da mão
🧛‍♂️,man vampire,vampiro hombre,Homem vampiro
🧛‍♂,man vampire,vampiro hombre,Homem vampiro
🧛🏿‍♂️,man vampire dark skin tone,tono de piel oscura de vampiros vampiros,homem de vampiro escuro tom de pele
🧛🏿‍♂,man vampire dark skin tone,tono de piel oscura de vampiros vampiros,homem de vampiro escuro tom de pele
🧛🏻‍♂️,man vampire light skin tone,tono de piel clara de vampiro de hombre,Tom de pele leve de vampiro de homem
🧛🏻‍♂,man vampire light skin tone,tono de piel clara de vampiro de hombre,Tom de pele leve de vampiro de homem
🧛🏾‍♂️,man vampire medium-dark skin tone,tono de piel de color vampiro vampiro medio oscuro,homem de vampiro de vampiro médio-escuro tom de pele
🧛🏾‍♂,man vampire medium-dark skin tone,tono de piel de color vampiro vampiro medio oscuro,homem de vampiro de vampiro médio-escuro tom de pele
🧛🏼‍♂️,man vampire medium-light skin tone,tono de piel de luz media de vampiros de hombre,Tom de pele de luz de vampira vampira do homem
🧛🏼‍♂,man vampire medium-light skin tone,tono de piel de luz media de vampiros de hombre,Tom de pele de luz de vampira vampira do homem
🧛🏽‍♂️,man vampire medium skin tone,tono de piel mediana vampiro de hombre,Tom de pele média vampiro de homem
🧛🏽‍♂,man vampire medium skin tone,tono de piel mediana vampiro de hombre,Tom de pele média vampiro de homem
🚶‍♂️,man walking,hombre caminando,homem andando
🚶‍♂,man walking,hombre caminando,homem andando
🚶🏿‍♂️,man walking dark skin tone,Man caminando tono de piel oscura,homem andando no tom escuro da pele
🚶🏿‍♂,man walking dark skin tone,Man caminando tono de piel oscura,homem andando no tom escuro da pele
🚶‍♂️‍➡️,man walking facing right,hombre caminando mirando a la derecha,Homem andando de frente para a direita
🚶‍♂‍➡️,man walking facing right,hombre caminando mirando a la derecha,Homem andando de frente para a direita
🚶‍♂️‍➡,man walking facing right,hombre caminando mirando a la derecha,Homem andando de frente para a direita
🚶‍♂‍➡,man walking facing right,hombre caminando mirando a la derecha,Homem andando de frente para a direita
🚶🏿‍♂️‍➡️,man walking facing right dark skin tone,Hombre caminando hacia la derecha Tono de piel oscura derecha,Homem andando de frente para o tom da pele escura direita
🚶🏿‍♂‍➡️,man walking facing right dark skin tone,Hombre caminando hacia la derecha Tono de piel oscura derecha,Homem andando de frente para o tom da pele escura direita
🚶🏿‍♂️‍➡,man walking facing right dark skin tone,Hombre caminando hacia la derecha Tono de piel oscura derecha,Homem andando de frente para o tom da pele escura direita
🚶🏿‍♂‍➡,man walking facing right dark skin tone,Hombre caminando hacia la derecha Tono de piel oscura derecha,Homem andando de frente para o tom da pele escura direita
🚶🏻‍♂️‍➡️,man walking facing right light skin tone,Hombre caminando mirando el tono de piel claro derecho,Homem andando voltado para o tom da pele clara certa
🚶🏻‍♂‍➡️,man walking facing right light skin tone,Hombre caminando mirando el tono de piel claro derecho,Homem andando voltado para o tom da pele clara certa
🚶🏻‍♂️‍➡,man walking facing right light skin tone,Hombre caminando mirando el tono de piel claro derecho,Homem andando voltado para o tom da pele clara certa
🚶🏻‍♂‍➡,man walking facing right light skin tone,Hombre caminando mirando el tono de piel claro derecho,Homem andando voltado para o tom da pele clara certa
🚶🏾‍♂️‍➡️,man walking facing right medium-dark skin tone,Hombre caminando hacia la derecha Tono de piel medio-oscuridad de la derecha,Hom
🚶🏾‍♂‍➡️,man walking facing right medium-dark skin tone,Hombre caminando hacia la derecha Tono de piel medio-oscuridad de la derecha,Hom
🚶🏾‍♂️‍➡,man walking facing right medium-dark skin tone,Hombre caminando hacia la derecha Tono de piel medio-oscuridad de la derecha,Hom
🚶🏾‍♂‍➡,man walking facing right medium-dark skin tone,Hombre caminando hacia la derecha Tono de piel medio-oscuridad de la derecha,Hom
🚶🏼‍♂️‍➡️,man walking facing right medium-light skin tone,Hombre caminando hacia la derecha Tono de piel de luz media derecha,Homem andando voltado para o tom da pele média à direita
🚶🏼‍♂‍➡️,man walking facing right medium-light skin tone,Hombre caminando hacia la derecha Tono de piel de luz media derecha,Homem andando voltado para o tom da pele média à direita
🚶🏼‍♂️‍➡,man walking facing right medium-light skin tone,Hombre caminando hacia la derecha Tono de piel de luz media derecha,Homem andando voltado para o tom da pele média à direita
🚶🏼‍♂‍➡,man walking facing right medium-light skin tone,Hombre caminando hacia la derecha Tono de piel de luz media derecha,Homem andando voltado para o tom da pele média à direita
🚶🏽‍♂️‍➡️,man walking facing right medium skin tone,Hombre caminando mirando a la derecha tono de piel medio,Homem andando voltado para o tom da pele média
🚶🏽‍♂‍➡️,man walking facing right medium skin tone,Hombre caminando mirando a la derecha tono de piel medio,Homem andando voltado para o tom da pele média
🚶🏽‍♂️‍➡,man walking facing right medium skin tone,Hombre caminando mirando a la derecha tono de piel medio,Homem andando voltado para o tom da pele média
🚶🏽‍♂‍➡,man walking facing right medium skin tone,Hombre caminando mirando a la derecha tono de piel medio,Homem andando voltado para o tom da pele média
🚶🏻‍♂️,man walking light skin tone,tono de piel clara del hombre caminando,Homem andando com tom de pele leve
🚶🏻‍♂,man walking light skin tone,tono de piel clara del hombre caminando,Homem andando com tom de pele leve
🚶🏾‍♂️,man walking medium-dark skin tone,tono de piel de color hombre caminando mediano,Homem andando no tom de pele média escuro
🚶🏾‍♂,man walking medium-dark skin tone,tono de piel de color hombre caminando mediano,Homem andando no tom de pele média escuro
🚶🏼‍♂️,man walking medium-light skin tone,Man caminando tono de piel de luz media,Homem andando no tom de pele de luz média
🚶🏼‍♂,man walking medium-light skin tone,Man caminando tono de piel de luz media,Homem andando no tom de pele de luz média
🚶🏽‍♂️,man walking medium skin tone,Man caminando tono de piel mediana,Homem andando com tom de pele média
🚶🏽‍♂,man walking medium skin tone,Man caminando tono de piel mediana,Homem andando com tom de pele média
👳‍♂️,man wearing turban,Hombre con turbante,Homem usando turbante
👳‍♂,man wearing turban,Hombre con turbante,Homem usando turbante
👳🏿‍♂️,man wearing turban dark skin tone,hombre que usa turbante tono de piel oscura,Homem vestindo um tom de pele escura de turbante
👳🏿‍♂,man wearing turban dark skin tone,hombre que usa turbante tono de piel oscura,Homem vestindo um tom de pele escura de turbante
👳🏻‍♂️,man wearing turban light skin tone,hombre que usa tono de piel clara,Homem vestindo tom de pele leve
👳🏻‍♂,man wearing turban light skin tone,hombre que usa tono de piel clara,Homem vestindo tom de pele leve
👳🏾‍♂️,man wearing turban medium-dark skin tone,Hombre que usa turbante de piel de piel media-oscura,Hom
👳🏾‍♂,man wearing turban medium-dark skin tone,Hombre que usa turbante de piel de piel media-oscura,Hom
👳🏼‍♂️,man wearing turban medium-light skin tone,Hombre que usa turbante tono de piel de luz media,Hom
👳🏼‍♂,man wearing turban medium-light skin tone,Hombre que usa turbante tono de piel de luz media,Hom
👳🏽‍♂️,man wearing turban medium skin tone,hombre que usa turbante de piel mediana,Homem vestindo tom de pele de turbante médio
👳🏽‍♂,man wearing turban medium skin tone,hombre que usa turbante de piel mediana,Homem vestindo tom de pele de turbante médio
👨‍🦳,man white hair,Hombre Cabello blanco,Cabelo branco
👰‍♂️,man with veil,Hombre con velo,Homem com véu
👰‍♂,man with veil,Hombre con velo,Homem com véu
👰🏿‍♂️,man with veil dark skin tone,Hombre con tono de piel oscura velo,Homem com um tom de pele escura do véu
👰🏿‍♂,man with veil dark skin tone,Hombre con tono de piel oscura velo,Homem com um tom de pele escura do véu
👰🏻‍♂️,man with veil light skin tone,Hombre con tono de piel clara de velo,Homem com tom de pele leve
👰🏻‍♂,man with veil light skin tone,Hombre con tono de piel clara de velo,Homem com tom de pele leve
👰🏾‍♂️,man with veil medium-dark skin tone,Hombre con tono de piel de color medio oscuro de velo velo,Homem com tom de pele média-escuro do véu
👰🏾‍♂,man with veil medium-dark skin tone,Hombre con tono de piel de color medio oscuro de velo velo,Homem com tom de pele média-escuro do véu
👰🏼‍♂️,man with veil medium-light skin tone,Hombre con tono de piel de luz media velo,Homem com tom de pele de luz média véu
👰🏼‍♂,man with veil medium-light skin tone,Hombre con tono de piel de luz media velo,Homem com tom de pele de luz média véu
👰🏽‍♂️,man with veil medium skin tone,Hombre con tono de piel mediana velo,Homem com tom de pele média véu
👰🏽‍♂,man with veil medium skin tone,Hombre con tono de piel mediana velo,Homem com tom de pele média véu
👨‍🦯,man with white cane,Hombre con bastón blanco,Homem com bengala branca
👨🏿‍🦯,man with white cane dark skin tone,Hombre con tono de piel oscura de caña blanca,Homem com tom de pele escura de bengala branca
👨‍🦯‍➡️,man with white cane facing right,Hombre con bastón blanco mirando a la derecha,Homem com bengala branca voltada para a direita
👨‍🦯‍➡,man with white cane facing right,Hombre con bastón blanco mirando a la derecha,Homem com bengala branca voltada para a direita
👨🏿‍🦯‍➡️,man with white cane facing right dark skin tone,Hombre con caña blanca que mira a la derecha tono de piel oscura,Hom
👨🏿‍🦯‍➡,man with white cane facing right dark skin tone,Hombre con caña blanca que mira a la derecha tono de piel oscura,Hom
👨🏻‍🦯‍➡️,man with white cane facing right light skin tone,Hombre con bastón blanco mirando el tono de piel clara derecha,Homem com bengala branca voltada para o tom da pele clara
👨🏻‍🦯‍➡,man with white cane facing right light skin tone,Hombre con bastón blanco mirando el tono de piel clara derecha,Homem com bengala branca voltada para o tom da pele clara
👨🏾‍🦯‍➡️,man with white cane facing right medium-dark skin tone,Hombre con caña blanca que mira a la derecha tono de piel medio-oscuridad,Hom
👨🏾‍🦯‍➡,man with white cane facing right medium-dark skin tone,Hombre con caña blanca que mira a la derecha tono de piel medio-oscuridad,Hom
👨🏼‍🦯‍➡️,man with white cane facing right medium-light skin tone,Hombre con caña blanca que mira a la derecha tono de piel de luz media,Hom
👨🏼‍🦯‍➡,man with white cane facing right medium-light skin tone,Hombre con caña blanca que mira a la derecha tono de piel de luz media,Hom
👨🏽‍🦯‍➡️,man with white cane facing right medium skin tone,Hombre con bastón blanco mirando el tono de piel medio derecho,Homem com bengala branca voltada para o tom de pele média
👨🏽‍🦯‍➡,man with white cane facing right medium skin tone,Hombre con bastón blanco mirando el tono de piel medio derecho,Homem com bengala branca voltada para o tom de pele média
👨🏻‍🦯,man with white cane light skin tone,Hombre con tono de piel clara de caña blanca,Homem com tom de pele leve de cana branca
👨🏾‍🦯,man with white cane medium-dark skin tone,Hombre con tono de piel de caña media de caña blanca,Hom
👨🏼‍🦯,man with white cane medium-light skin tone,Hombre con tono de piel de luz media de caña blanca,Homem com tom de pele de luz média de bengala branca
👨🏽‍🦯,man with white cane medium skin tone,Hombre con tono de piel mediana de caña blanca,Homem com tom de pele média de cana branca
🧟‍♂️,man zombie,zombie,Homem zumbi
🧟‍♂,man zombie,zombie,Homem zumbi
🥭,mango,mango,manga
🕰️,mantelpiece clock,reloj de chimenea,Relógio da lareira
🕰,mantelpiece clock,reloj de chimenea,Relógio da lareira
🦽,manual wheelchair,silla de ruedas manual,cadeira de rodas manual
👞,man’s shoe,zapato del hombre,sapato do homem
🗾,map of Japan,Mapa de Japón,Mapa do Japão
🍁,maple leaf,hoja de arce,folha de bordo
🪇,maracas,maracas,maracás
🥋,martial arts uniform,Uniforme de artes marciales,Uniforme de Artes Marciais
🧉,mate,compañero,amigo
🍖,meat on bone,carne sobre hueso,carne no osso
🧑‍🔧,mechanic,mecánico,mecânico
🧑🏿‍🔧,mechanic dark skin tone,tono de piel oscura mecánica,tom de pele escura mecânica
🧑🏻‍🔧,mechanic light skin tone,tono de piel clara mecánica,tom de pele leve mecânica
🧑🏾‍🔧,mechanic medium-dark skin tone,tono de piel mecánico medio-oscuridad,tom de pele mecânico de médio escuro
🧑🏼‍🔧,mechanic medium-light skin tone,tono de piel mecánico de luz media,tom de pele mecânico de luz média
🧑🏽‍🔧,mechanic medium skin tone,tono de piel mediana mecánica,tom de pele média mecânica
🦾,mechanical arm,brazo mecánico,braço mecânico
🦿,mechanical leg,pierna mecánica,perna mecânica
⚕️,medical symbol,símbolo médico,símbolo médico
⚕,medical symbol,símbolo médico,símbolo médico
🏾,medium-dark skin tone,tono de piel de oscuridad mediana,Tom de pele média-escuro
🏼,medium-light skin tone,tono de piel de luz media,tom de pele de luz média
🏽,medium skin tone,tono de piel mediana,tom de pele média
📣,megaphone,megáfono,megafone
🍈,melon,melón,Melão
🫠,melting face,rostro derretido,face derretida
📝,memo,memorándum,memorando
👬,men holding hands,Hombres tomados de la mano,homens de mãos dadas
👬🏿,men holding hands dark skin tone,Hombres tomados de las manos tono de piel oscura,Homens de mãos dadas para o tom escuro da pele
👨🏿‍🤝‍👨🏻,men holding hands dark skin tone light skin tone,Hombres tomados de las manos Tono de piel de piel oscura Tono de piel claro,Homens de mãos dadas para o tom da pele escura
👨🏿‍🤝‍👨🏾,men holding hands dark skin tone medium-dark skin tone,Hombres tomados de manos tono de piel de piel oscura,Homens de mãos dadas para o tom escuro da pele escura
👨🏿‍🤝‍👨🏼,men holding hands dark skin tone medium-light skin tone,Hombres tomados de las manos Tono de piel de piel oscura Tono de piel de luz media,Homens de mãos dadas para o tom da pele escura de pele média
👨🏿‍🤝‍👨🏽,men holding hands dark skin tone medium skin tone,Hombres tomados de las manos tono de piel oscuro tono de piel mediana,Homens de mãos dadas para o tom da pele escura do tom médio
👬🏻,men holding hands light skin tone,Hombres tomando las manos tono de piel claro,Homens de mãos dadas para o tom da pele clara
👨🏻‍🤝‍👨🏿,men holding hands light skin tone dark skin tone,Hombres sosteniendo las manos de la piel del tono de piel oscura tono de piel oscura,Homens de mãos dadas para o tom da pele da pele clara
👨🏻‍🤝‍👨🏾,men holding hands light skin tone medium-dark skin tone,Hombres tomados de las manos tono de piel de piel claro,Homens que prendem o tom de pele leve de mão clara do tom de pele média
👨🏻‍🤝‍👨🏼,men holding hands light skin tone medium-light skin tone,Hombres tomados de las manos tono de piel de piel claro tono de piel de luz media,Homens que prendem o tom da pele de pele clara do tom da luz média
👨🏻‍🤝‍👨🏽,men holding hands light skin tone medium skin tone,Hombres sosteniendo las manos tono de piel de piel claro tono de piel medio,Homens de mãos dadas para o tom de pele leve de pele média
👬🏾,men holding hands medium-dark skin tone,Hombres tomados de las manos tono de piel medio-oscuridad,Homens de mãos dadas para o tom de pele média-escuro
👨🏾‍🤝‍👨🏿,men holding hands medium-dark skin tone dark skin tone,Hombres tomados de las manos Tono de piel oscuro de la piel medio-oscuridad,Homens de mãos dadas para o tom da pele média escura do tom escuro
👨🏾‍🤝‍👨🏻,men holding hands medium-dark skin tone light skin tone,Hombres tomados de manos tono de piel de piel medio-oscuro tono de piel,Homens de mãos dadas para o tom de pele de pele média-escura
👨🏾‍🤝‍👨🏼,men holding hands medium-dark skin tone medium-light skin tone,Hombres tomados de las manos Tono de piel de piel medio-oscura tono de piel mediana,Homens de mãos dadas para o tom de pele de pele média-escura
👨🏾‍🤝‍👨🏽,men holding hands medium-dark skin tone medium skin tone,Hombres tomados de manos Tono de piel mediano de piel medio-oscuridad Tono de piel medio,Homens de mãos dadas para o tom médio do tom de pele média
👬🏼,men holding hands medium-light skin tone,Hombres tomados de las manos tono de piel de luz media,Homens de mãos dadas para o tom da pele de luz média
👨🏼‍🤝‍👨🏿,men holding hands medium-light skin tone dark skin tone,Hombres tomados de las manos tono de piel de luz mediana tono de piel oscura,Homens de mãos dadas para o tom da pele da luz média
👨🏼‍🤝‍👨🏻,men holding hands medium-light skin tone light skin tone,Hombres tomados de las manos tono de piel de piel mediana tono de piel claro,Homens de mãos dadas para o tom da pele da luz média do tom da pele
👨🏼‍🤝‍👨🏾,men holding hands medium-light skin tone medium-dark skin tone,Hombres tomados de manos tono de piel de piel mediana de luz media,Homens de mãos dadas para o tom da pele de luz média
👨🏼‍🤝‍👨🏽,men holding hands medium-light skin tone medium skin tone,Hombres tomados de manos tono de piel de luz mediana tono de piel mediana,Homens de mãos dadas para o tom da pele de luz média tom de pele média
👬🏽,men holding hands medium skin tone,Hombres tomando manos tono de piel mediana,Homens de mãos dadas para o tom de pele média
👨🏽‍🤝‍👨🏿,men holding hands medium skin tone dark skin tone,Hombres tomados de manos tono de piel mediana de piel oscura tono,Homens de mãos dadas do tom de pele média
👨🏽‍🤝‍👨🏻,men holding hands medium skin tone light skin tone,Hombres tomados de manos tono de piel de piel mediana tono de piel claro,Homens de mãos dadas do tom de pele de pele média
👨🏽‍🤝‍👨🏾,men holding hands medium skin tone medium-dark skin tone,Hombres de manos Tono de piel de piel mediana de piel mediana,Homens de mãos dadas para o tom médio da pele do tom médio-escuro
👨🏽‍🤝‍👨🏼,men holding hands medium skin tone medium-light skin tone,Hombres tomados de manos tono de piel de piel mediana tono de piel mediana,Homens de mãos dadas para o tom médio de pele de pele média
👯‍♂️,men with bunny ears,Hombres con orejas de conejito,homens com orelhas de coelho
👯‍♂,men with bunny ears,Hombres con orejas de conejito,homens com orelhas de coelho
🤼‍♂️,men wrestling,Men lucha,homens lutando
🤼‍♂,men wrestling,Men lucha,homens lutando
❤️‍🩹,mending heart,corazón de aparato,Coração de conserto
❤‍🩹,mending heart,corazón de aparato,Coração de conserto
🕎,menorah,menorah,Menorah
🚹,men’s room,habitación de los hombres,quarto masculino
🧜‍♀️,mermaid,sirena,sereia
🧜‍♀,mermaid,sirena,sereia
🧜🏿‍♀️,mermaid dark skin tone,tono de piel oscura sirena,Tom de pele escura de sereia
🧜🏿‍♀,mermaid dark skin tone,tono de piel oscura sirena,Tom de pele escura de sereia
🧜🏻‍♀️,mermaid light skin tone,tono de piel clara de sirena,Tom de pele leve de sereia
🧜🏻‍♀,mermaid light skin tone,tono de piel clara de sirena,Tom de pele leve de sereia
🧜🏾‍♀️,mermaid medium-dark skin tone,tono de piel de Sirmaid Medium-Dark,Tom de pele de sereia-escuro de sereia
🧜🏾‍♀,mermaid medium-dark skin tone,tono de piel de Sirmaid Medium-Dark,Tom de pele de sereia-escuro de sereia
🧜🏼‍♀️,mermaid medium-light skin tone,tono de piel de luz media sirena,Tom de pele de luz média sereia
🧜🏼‍♀,mermaid medium-light skin tone,tono de piel de luz media sirena,Tom de pele de luz média sereia
🧜🏽‍♀️,mermaid medium skin tone,tono de piel mediana de sirena,Tom de pele média de sereia
🧜🏽‍♀,mermaid medium skin tone,tono de piel mediana de sirena,Tom de pele média de sereia
🧜‍♂️,merman,tritón,tritão
🧜‍♂,merman,tritón,tritão
🧜🏿‍♂️,merman dark skin tone,tono de piel oscura merman,Tom de pele escura do Merman
🧜🏿‍♂,merman dark skin tone,tono de piel oscura merman,Tom de pele escura do Merman
🧜🏻‍♂️,merman light skin tone,tono de piel clara de la luz,Tom da pele leve Merman
🧜🏻‍♂,merman light skin tone,tono de piel clara de la luz,Tom da pele leve Merman
🧜🏾‍♂️,merman medium-dark skin tone,tono de piel merman mediano-oscuridad,Tom de pele de médio escuro Merman
🧜🏾‍♂,merman medium-dark skin tone,tono de piel merman mediano-oscuridad,Tom de pele de médio escuro Merman
🧜🏼‍♂️,merman medium-light skin tone,tono de piel de luz media merman,Tom de pele de luz média Merman
🧜🏼‍♂,merman medium-light skin tone,tono de piel de luz media merman,Tom de pele de luz média Merman
🧜🏽‍♂️,merman medium skin tone,tono de piel mediana merman,Tom de pele média Merman
🧜🏽‍♂,merman medium skin tone,tono de piel mediana merman,Tom de pele média Merman
🧜,merperson,meriador,Merperson
🧜🏿,merperson dark skin tone,tono de piel oscura merperson,tom de pele escura merperson
🧜🏻,merperson light skin tone,tono de piel clara de merperson,tom de pele leve merperson
🧜🏾,merperson medium-dark skin tone,Merperson Medium-Dark Skin Tono,tom de pele de médio escuro Merperson
🧜🏼,merperson medium-light skin tone,Merperson Tono de piel de luz media,tom de pele de luz média merperson
🧜🏽,merperson medium skin tone,tono de piel de Merperson Medium,tom de pele média merperson
🚇,metro,metro,metrô
🦠,microbe,microbio,micróbio
🎤,microphone,micrófono,microfone
🔬,microscope,microscopio,microscópio
🖕,middle finger,dedo medio,dedo médio
🖕🏿,middle finger dark skin tone,tono de piel oscura del dedo medio,Tom de pele escura do dedo médio
🖕🏻,middle finger light skin tone,Tono de piel de luz del dedo medio,tom de pele da luz do dedo médio
🖕🏾,middle finger medium-dark skin tone,Tono de piel de color medio de dedo medio,Tom de pele média do dedo médio
🖕🏼,middle finger medium-light skin tone,Tono de piel de luz media del dedo medio,tom de pele média do dedo médio
🖕🏽,middle finger medium skin tone,tono de piel media del dedo medio,Tom de pele média do dedo médio
🪖,military helmet,casco militar,capacete militar
🎖️,military medal,medalla militar,medalha militar
🎖,military medal,medalla militar,medalha militar
🌌,milky way,vía Láctea,Via Láctea
🚐,minibus,microbús,microônibus
➖,minus,menos,menos
🪞,mirror,espejo,espelho
🪩,mirror ball,bola de espejo,Bola de espelho
🗿,moai,moai,Moai
📱,mobile phone,teléfono móvil,celular
📴,mobile phone off,teléfono móvil apagado,telefone celular desligado
📲,mobile phone with arrow,teléfono móvil con flecha,telefone celular com flecha
🤑,money-mouth face,cara de boca de dinero,rosto de boca em dinheiro
💰,money bag,bolsa de dinero,bolsa de dinheiro
💸,money with wings,dinero con alas,dinheiro com asas
🐒,monkey,mono,macaco
🐵,monkey face,cara de mono,rosto de macaco
🚝,monorail,monocarril,monotrilho
🥮,moon cake,pastel de luna,Bolo da lua
🎑,moon viewing ceremony,Ceremonia de visualización de la luna,Cerimônia de visualização da lua
🫎,moose,alce,Moose
🕌,mosque,mezquita,mesquita
🦟,mosquito,mosquito,mosquito
🛥️,motor boat,bote de motor,barco a motor
🛥,motor boat,bote de motor,barco a motor
🛵,motor scooter,scooter de motor,Motor Scooter
🏍️,motorcycle,motocicleta,motocicleta
🏍,motorcycle,motocicleta,motocicleta
🦼,motorized wheelchair,silla de ruedas motorizada,cadeira de rodas motorizada
🛣️,motorway,autopista,Auto -estrada
🛣,motorway,autopista,Auto -estrada
🗻,mount fuji,Monte Fuji,Monte Fuji
⛰️,mountain,montaña,montanha
⛰,mountain,montaña,montanha
🚠,mountain cableway,cable de montaña,Cabo da montanha
🚞,mountain railway,ferrocarril de montaña,Ferrovia da montanha
🐁,mouse,ratón,rato
🐭,mouse face,cara del ratón,rosto do mouse
🪤,mouse trap,trampa de ratón,armadilha de mouse
👄,mouth,boca,boca
🎥,movie camera,cámara de cine,câmera de filme
✖️,multiply,multiplicar,multiplicar
✖,multiply,multiplicar,multiplicar
🍄,mushroom,champiñón,cogumelo
🎹,musical keyboard,teclado musical,teclado musical
🎵,musical note,nota musical,nota musical
🎶,musical notes,notas musicales,Notas musicais
🎼,musical score,puntaje musical,Pontuação musical
🔇,muted speaker,altavoz apagado,orador silencioso
💅,nail polish,esmalte de uñas,esmalte
💅🏿,nail polish dark skin tone,tono de piel oscura del esmalte de uñas,Tom da pele escura do esmalte
💅🏻,nail polish light skin tone,tono de piel clara de esmalte de uñas,Tom de pele leve de esmalte
💅🏾,nail polish medium-dark skin tone,tono de piel de color agudo medio marino de esmalte,Tom de pele média-escuro para unhas
💅🏼,nail polish medium-light skin tone,tono de piel de luz media de esmalte de uñas,Tom de pele de luz média de esmalte
💅🏽,nail polish medium skin tone,tono de piel mediana de esmalte de uñas,Tom de pele média de esmalte
📛,name badge,insignia de nombre,crachá de nome
🏞️,national park,parque nacional,parque nacional
🏞,national park,parque nacional,parque nacional
🤢,nauseated face,cara náuseas,rosto nauseado
🧿,nazar amulet,Amuleto Nazar,Amuleto Nazar
👔,necktie,corbata,gravata
🤓,nerd face,cara nerd,rosto nerd
🪺,nest with eggs,nido con huevos,ninho com ovos
🪆,nesting dolls,muñecas de anidación,bonecas de nidificação
😐,neutral face,cara neutral,face neutra
🌑,new moon,luna nueva,lua nova
🌚,new moon face,cara de luna nueva,Face da lua nova
📰,newspaper,periódico,jornal
⏭️,next track button,Botón Siguiente pista,Próximo botão de faixa
⏭,next track button,Botón Siguiente pista,Próximo botão de faixa
🌃,night with stars,Noche con estrellas,noite com estrelas
🕤,nine-thirty,nueve y media,Nove e meia
🕘,nine o’clock,nueve en punto,nove horas
🥷,ninja,ninja,Ninja
🥷🏿,ninja dark skin tone,tono de piel oscura ninja,tom de pele escura ninja
🥷🏻,ninja light skin tone,tono de piel clara ninja,tom de pele clara ninja
🥷🏾,ninja medium-dark skin tone,tono de piel de Ninja Medium-Dark,tom de pele ninja médio escuro
🥷🏼,ninja medium-light skin tone,tono de piel de luz media ninja,tom de pele de luz média ninja
🥷🏽,ninja medium skin tone,tono de piel mediana ninja,tom de pele média ninja
🚳,no bicycles,No Bicicletas,Proibido Bicicletas
⛔,no entry,No hay entrada,Entrada proibida
🚯,no littering,Sin basura,Proibido jogar lixo
📵,no mobile phones,Sin teléfonos móviles,Sem telefones celulares
🔞,no one under eighteen,Nadie menor de dieciocho,ninguém com menos de dezoito anos
🚷,no pedestrians,Prohibido para peatones,Proibido Pedestres
🚭,no smoking,No Fumar,Proibido fumar
🚱,non-potable water,agua no potable,água não potável
👃,nose,nariz,nariz
👃🏿,nose dark skin tone,tono de piel oscuro de la nariz,Tom da pele escura do nariz
👃🏻,nose light skin tone,tono de piel claro de la nariz,Tom da pele leve do nariz
👃🏾,nose medium-dark skin tone,tono de piel de nariz medio-oscuridad,Tom de pele do nariz médio-escuro
👃🏼,nose medium-light skin tone,tono de piel de luz media nariz,Tom da pele da luz média do nariz
👃🏽,nose medium skin tone,tono de piel mediano de la nariz,Tom de pele média do nariz
📓,notebook,computadora portátil,caderno
📔,notebook with decorative cover,cuaderno con portada decorativa,caderno com capa decorativa
🔩,nut and bolt,tuerca,porca e parafuso
🐙,octopus,pulpo,polvo
🍢,oden,oden,Oden
🏢,office building,edificio de oficinas,prédio de escritórios
🧑‍💼,office worker,trabajador de oficinas,Trabalhador do escritório
🧑🏿‍💼,office worker dark skin tone,trabajador de oficina tono de piel oscura,trabalhador de escritório tom de pele escura
🧑🏻‍💼,office worker light skin tone,Tono de piel clara de la trabajadora de oficina,Tom de pele de trabalhador de escritório
🧑🏾‍💼,office worker medium-dark skin tone,Tono de piel de Oficina Trabajadora Media Dark,trabalhador de escritório tom de pele média-escuro
🧑🏼‍💼,office worker medium-light skin tone,Trabajador de oficina tono de piel de luz media,Tom de pele de trabalhador de escritório
🧑🏽‍💼,office worker medium skin tone,Tono de piel mediana de la trabajadora de oficina,Tom de pele de trabalhador de escritório
👹,ogre,ogro,ogro
🛢️,oil drum,tambor de aceite,tambor de óleo
🛢,oil drum,tambor de aceite,tambor de óleo
🗝️,old key,llave vieja,chave antiga
🗝,old key,llave vieja,chave antiga
👴,old man,viejo,velho
👴🏿,old man dark skin tone,Old Man Tono de piel oscura,Tom de pele escura do homem velho
👴🏻,old man light skin tone,tono de piel clara del viejo hombre,Tom de pele leve do homem velho
👴🏾,old man medium-dark skin tone,Viejo tono de piel mediano y oscuridad,Tom de pele média-escuro do homem velho
👴🏼,old man medium-light skin tone,Old Man Tono de piel de luz media,Tom de pele de luz média velha
👴🏽,old man medium skin tone,Viejo tono de piel mediana,Tom de pele média do homem velho
👵,old woman,anciana,mulher velha
👵🏿,old woman dark skin tone,Old Woman Tono de piel oscura,Tom da pele escura da mulher velha
👵🏻,old woman light skin tone,tono de piel clara de la anciana,Tom de pele clara da mulher velha
👵🏾,old woman medium-dark skin tone,Mujer anciana tono de piel medio-oscuridad,Mulher velha tom de pele média-escuro
👵🏼,old woman medium-light skin tone,Vieja Tono de piel de luz media,Tom de pele de luz média velha
👵🏽,old woman medium skin tone,Vieja Tono de piel mediana,Tom de pele média da mulher velha
🧓,older person,persona mayor,pessoa mais velha
🧓🏿,older person dark skin tone,Persona mayor tono de piel oscura,Tom da pele escura de pessoa mais velha
🧓🏻,older person light skin tone,Tono de piel clara de la persona mayor,Tom de pele leve de pessoa mais velha
🧓🏾,older person medium-dark skin tone,Persona mayor tono de piel medio-oscuridad,pessoa mais velha do tom de pele média escuro
🧓🏼,older person medium-light skin tone,Persona mayor tono de piel de luz media,Tom de pele de luz média mais velha
🧓🏽,older person medium skin tone,Persona mayor tono de piel mediana,Tom de pele média de pessoa mais velha
🫒,olive,aceituna,azeitona
🕉️,om,om,om
🕉,om,om,om
🚘,oncoming automobile,Automóvil que se aproxima,Automóvel que se aproxima
🚍,oncoming bus,autobús que se aproxima,O ônibus que se aproxima
👊,oncoming fist,Puño que se aproxima,Punho que se aproxima
👊🏿,oncoming fist dark skin tone,Tono de piel oscura del puño que se aproxima,Tom da pele escura do punho que se aproxima
👊🏻,oncoming fist light skin tone,Tono de piel de luz de puño que se aproxima,Tom de pele leve que se aproxima
👊🏾,oncoming fist medium-dark skin tone,Tono de piel de Dark Dark de Fist Medium que se aproxima,Tom de pele para o punho médio que se aproxima
👊🏼,oncoming fist medium-light skin tone,Tono de piel de luz media que se aproxima,Tom de pele de luz média que se aproxima
👊🏽,oncoming fist medium skin tone,Tono de piel mediana de puño que se aproxima,Tom de pele média que se aproxima
🚔,oncoming police car,Coche de policía que se aproxima,O carro da polícia que se aproxima
🚖,oncoming taxi,taxi que se aproxima,Táxi que se aproxima
🩱,one-piece swimsuit,traje de baño de una pieza,maiô de uma peça
🕜,one-thirty,una treinta,uma e meia
🕐,one o’clock,uno en punto,uma hora
🧅,onion,cebolla,cebola
📖,open book,libro abierto,livro aberto
📂,open file folder,Abrir carpeta de archivos,Abra a pasta de arquivos
👐,open hands,manos abiertas,As mãos abertas
👐🏿,open hands dark skin tone,Tono de piel oscura de las manos abiertas,Tom de pele escura de mãos abertas
👐🏻,open hands light skin tone,Manos abiertas tono de piel claro,Tom de pele leve em mãos abertas
👐🏾,open hands medium-dark skin tone,Manos abiertas tono de piel medio-oscuridad,Tom de pele de mãos abertas de mãos abertas
👐🏼,open hands medium-light skin tone,Manos abiertas Tono de piel de luz media,Tom de pele com luzes de mãos abertas
👐🏽,open hands medium skin tone,Tono de piel mediana de las manos abiertas,Tom de pele média de mãos abertas
📭,open mailbox with lowered flag,Abra el buzón con bandera baja,Caixa de correio aberta com bandeira abaixada
📬,open mailbox with raised flag,Abra el buzón con bandera elevada,Caixa de correio aberta com bandeira elevada
💿,optical disk,disco óptico,disco óptico
📙,orange book,libro de naranja,Livro laranja
🟠,orange circle,círculo naranja,Círculo de laranja
🧡,orange heart,corazón naranja,coração laranja
🟧,orange square,cuadrado de naranja,quadrado laranja
🦧,orangutan,orangután,Orangotango
☦️,orthodox cross,cruz ortodoxa,cruz ortodoxa
☦,orthodox cross,cruz ortodoxa,cruz ortodoxa
🦦,otter,nutria,lontra
📤,outbox tray,bandeja,bandeja de caixa de saída
🦉,owl,búho,coruja
🐂,ox,buey,boi
🦪,oyster,ostra,ostra
📦,package,paquete,pacote
📄,page facing up,Página frente a,Página voltada para cima
📃,page with curl,Página con curl,Página com Curl
📟,pager,buscapersonas,Pager
🖌️,paintbrush,brocha,pincel
🖌,paintbrush,brocha,pincel
🫳,palm down hand,palma de la mano,mão para baixo da mão
🫳🏿,palm down hand dark skin tone,Tono de piel oscura de la mano de la mano de la mano,Tom da pele escura da mão da mão
🫳🏻,palm down hand light skin tone,Tono de piel de luz de mano de palma de la mano,Tom de pele leve à mão da mão
🫳🏾,palm down hand medium-dark skin tone,tono de piel de la mano de la mano de la mano de la mano,tom de pele de mão-de-obra de mão para baixo
🫳🏼,palm down hand medium-light skin tone,Tono de piel de luz media de la mano de la mano de la mano,tom de pele de luz de luz de mão para baixo
🫳🏽,palm down hand medium skin tone,Tono de piel mediana de la mano de la mano,Tom de pele média da mão para baixo
🌴,palm tree,palmera,palmeira
🫴,palm up hand,palma de la mano,Palma para cima da mão
🫴🏿,palm up hand dark skin tone,Tono de piel oscura de la mano de la mano hacia arriba,Tom da pele escura da mão da mão
🫴🏻,palm up hand light skin tone,tono de piel de luz de mano de palma,Tom da pele leve à mão
🫴🏾,palm up hand medium-dark skin tone,tono de piel de palma de la mano de la mano mediana,Tom de pele de mão-de-obra para cima da mão
🫴🏼,palm up hand medium-light skin tone,Tono de piel de luz media de la mano hacia arriba,Tom da pele de luz de mão-de-palma da mão
🫴🏽,palm up hand medium skin tone,tono de piel mediana de mano de palma,Tom de pele média da mão para cima
🤲,palms up together,palmeras juntas,Palmias juntas
🤲🏿,palms up together dark skin tone,palmeras juntas Tono de piel oscura,Palmias para cima do tom da pele escura
🤲🏻,palms up together light skin tone,tono de piel clara de las palmeras juntas,Palmias para cima do tom da pele clara
🤲🏾,palms up together medium-dark skin tone,Palms Tono de piel medio-oscuridad de las palmas juntas,Palmias juntas Tom de pele média-escura
🤲🏼,palms up together medium-light skin tone,palmeras juntas Tono de piel de luz media,Palmias juntas Tom de pele de luz média
🤲🏽,palms up together medium skin tone,palmeras juntas tono de piel mediana,Palmias juntas do tom de pele média
🥞,pancakes,panqueques,panquecas
🐼,panda,panda,panda
📎,paperclip,clip de papel,Paperclip
🪂,parachute,paracaídas,pára -quedas
🦜,parrot,loro,papagaio
〽️,part alternation mark,Parte de la marca de alternancia,marca de parte de alternância
〽,part alternation mark,Parte de la marca de alternancia,marca de parte de alternância
🎉,party popper,Party Popper,Popper de festa
🥳,partying face,cara de fiesta,rosto de festas
🛳️,passenger ship,buque de pasajeros,navio de passageiros
🛳,passenger ship,buque de pasajeros,navio de passageiros
🛂,passport control,control de pasaporte,controle de passaportes
⏸️,pause button,botón de pausa,Botão de pausa
⏸,pause button,botón de pausa,Botão de pausa
🐾,paw prints,estampados de pata,impressões de pata
🫛,pea pod,vaina,vagem de ervilha
☮️,peace symbol,símbolo de paz,símbolo da paz
☮,peace symbol,símbolo de paz,símbolo da paz
🍑,peach,durazno,pêssego
🦚,peacock,pavo real,pavão
🥜,peanuts,miseria,amendoim
🍐,pear,pera,pera
🖊️,pen,bolígrafo,caneta
🖊,pen,bolígrafo,caneta
✏️,pencil,lápiz,lápis
✏,pencil,lápiz,lápis
🐧,penguin,pingüino,pinguim
😔,pensive face,cara pensativa,rosto pensativo
🧑‍🤝‍🧑,people holding hands,Gente tomada de la mano,pessoas de mãos dadas
🧑🏿‍🤝‍🧑🏿,people holding hands dark skin tone,Gente tomando las manos tono de piel oscura,Pessoas de mãos dadas para o tom escuro da pele
🧑🏿‍🤝‍🧑🏻,people holding hands dark skin tone light skin tone,Gente de manos de las manos tono de piel de piel oscura tono de piel claro,Pessoas de mãos dadas para o tom da pele escura de pele clara
🧑🏿‍🤝‍🧑🏾,people holding hands dark skin tone medium-dark skin tone,Personas que toman manos de la piel oscura tono de piel medio-oscuridad,Pessoas de mãos dadas para o tom escuro da pele escura
🧑🏿‍🤝‍🧑🏼,people holding hands dark skin tone medium-light skin tone,Personas que toman manos de la piel oscura tono de piel de luz media,Pessoas de mãos dadas para o tom escuro da pele escura
🧑🏿‍🤝‍🧑🏽,people holding hands dark skin tone medium skin tone,Personas que toman manos de la piel oscura tono de piel mediana,Pessoas de mãos dadas para o tom da pele escura do tom médio
🧑🏻‍🤝‍🧑🏻,people holding hands light skin tone,Gente tomando las manos tono de piel clara,Pessoas de mãos dadas para o tom da pele clara
🧑🏻‍🤝‍🧑🏿,people holding hands light skin tone dark skin tone,Personas que toman las manos de la piel del tono de piel oscura tono de piel oscura,pessoas que estão
🧑🏻‍🤝‍🧑🏾,people holding hands light skin tone medium-dark skin tone,Personas que toman las manos de la piel del tono de piel medio oscuro tono,Pessoas que seguram as mãos do tom de pele clara do tom médio escuro
🧑🏻‍🤝‍🧑🏼,people holding hands light skin tone medium-light skin tone,Personas que toman las manos con tono de piel de piel claro tono de piel de luz media,Pessoas segurando as mãos do tom de pele leve leve
🧑🏻‍🤝‍🧑🏽,people holding hands light skin tone medium skin tone,Personas que toman las manos con tono de piel claro tono de piel medio,Pessoas segurando as mãos do tom de pele leve de pele média
🧑🏾‍🤝‍🧑🏾,people holding hands medium-dark skin tone,Gente tomada de manos tono de piel medio-oscuridad,Pessoas de mãos dadas para o tom de pele média-escuro
🧑🏾‍🤝‍🧑🏿,people holding hands medium-dark skin tone dark skin tone,Personas que toman manos tono de piel oscuro de la piel medio-oscuridad,Pessoas de mãos dadas para o tom de pele média escura do tom escuro
🧑🏾‍🤝‍🧑🏻,people holding hands medium-dark skin tone light skin tone,Personas que toman las manos tono de piel de piel medio-oscura de la piel,Pessoas de mãos dadas para o tom de pele de pele média-escura
🧑🏾‍🤝‍🧑🏼,people holding hands medium-dark skin tone medium-light skin tone,Personas que toman las manos tono de piel de piel mediana y oscura de la piel mediana,Pessoas de mãos dadas para o tom médio do tom de pele média
🧑🏾‍🤝‍🧑🏽,people holding hands medium-dark skin tone medium skin tone,Personas que toman manos tono de piel de piel medio-oscuridad tono de piel mediana,Pessoas de mãos dadas para o tom médio do tom médio do tom médio
🧑🏼‍🤝‍🧑🏼,people holding hands medium-light skin tone,Personas tomadas de manos tono de piel de luz media,Pessoas de mãos dadas para o tom da pele de luz média
🧑🏼‍🤝‍🧑🏿,people holding hands medium-light skin tone dark skin tone,Personas que toman las manos tono de piel de luz media,Pessoas de mãos dadas para o tom da pele da luz média tom de pele escura
🧑🏼‍🤝‍🧑🏻,people holding hands medium-light skin tone light skin tone,Personas que toman manos tono de piel de piel de luz media tono de piel claro,Pessoas de mãos dadas para o tom da pele da luz média do tom de pele leve
🧑🏼‍🤝‍🧑🏾,people holding hands medium-light skin tone medium-dark skin tone,Personas de manos de la piel del tono de piel medio-dark de luz mediana,Pessoas de mãos dadas para o tom da pele de luz média
🧑🏼‍🤝‍🧑🏽,people holding hands medium-light skin tone medium skin tone,Personas que toman las manos tono de piel de piel mediana de luz mediana tono de piel,Pessoas de mãos dadas para o tom da pele de luz média tom de pele média
🧑🏽‍🤝‍🧑🏽,people holding hands medium skin tone,Gente tomando manos tono de piel mediana,Pessoas de mãos dadas para o tom de pele média
🧑🏽‍🤝‍🧑🏿,people holding hands medium skin tone dark skin tone,Personas que toman manos tono de piel de piel mediana tono de piel oscura,Pessoas de mãos dadas do tom de pele média de pele escura
🧑🏽‍🤝‍🧑🏻,people holding hands medium skin tone light skin tone,Personas que toman manos tono de piel de piel mediana tono de piel claro,Pessoas de mãos dadas do tom de pele de pele média
🧑🏽‍🤝‍🧑🏾,people holding hands medium skin tone medium-dark skin tone,Personas que toman manos tono de piel de piel media de piel mediana,Pessoas de mãos dadas para o tom médio do tom de pele média
🧑🏽‍🤝‍🧑🏼,people holding hands medium skin tone medium-light skin tone,Personas que toman manos tono de piel de piel media de piel mediana,Pessoas de mãos dadas para o tom médio do tom de pele média
🫂,people hugging,gente abrazando,pessoas se abraçando
👯,people with bunny ears,Gente con orejas de conejito,Pessoas com orelhas de coelho
🤼,people wrestling,People Wrestling,pessoas lutando
🎭,performing arts,artes escénicas,Artes cênicas
😣,persevering face,rostro perseverante,rosto perseverante
🧑,person,persona,pessoa
🧑‍🦲,person bald,persona calva,pessoa careca
🧔,person beard,barba de la persona,pessoa barba
🚴,person biking,ciclismo de persona,pessoa de bicicleta para pessoa
🚴🏿,person biking dark skin tone,Tono de piel oscura en bicicleta de la persona,pessoa de bicicleta de bicicleta de pele escura
🚴🏻,person biking light skin tone,Tono de piel clara en bicicleta de la persona,Tom de pele de bicicleta de bicicleta de bicicleta
🚴🏾,person biking medium-dark skin tone,Tono de piel medio-oscuridad de la persona en bicicleta,Tom de pele de bicicleta de bicicleta pessoal
🚴🏼,person biking medium-light skin tone,Tono de piel de luz media en bicicleta de la persona,Tom de pele de bicicleta de bicicleta pessoal
🚴🏽,person biking medium skin tone,Tono de piel mediana en bicicleta de la persona,Tom de pele de bicicleta de bicicleta pessoal
👱,person blond hair,Persona cabello rubio,Cabelo loiro da pessoa
⛹️,person bouncing ball,Persona rebotando,Pessoa bola saltitante
⛹,person bouncing ball,Persona rebotando,Pessoa bola saltitante
⛹🏿,person bouncing ball dark skin tone,Persona que rebota en la pelota tono de piel oscura,Pessoa bola bola de tom escuro de pele
⛹🏻,person bouncing ball light skin tone,Persona que rebota en el tono de piel de la luz de la pelota,Pessoa que salta bola de pele leve de pele
⛹🏾,person bouncing ball medium-dark skin tone,Persona que rebota en la pelota tono de piel medio-oscuridad,Pessoa que bola bola de bola média escura-escuro tom
⛹🏼,person bouncing ball medium-light skin tone,Persona que rebota en la pelota tono de piel de luz media,pessoa que bola bola bola de tom média de luz
⛹🏽,person bouncing ball medium skin tone,Persona que rebota en la pelota tono de piel mediana,Pessoa que bola bola de bola média tom
🙇,person bowing,Persona inclinada,pessoa se curvando
🙇🏿,person bowing dark skin tone,persona inclinando tono de piel oscura,pessoa que está curvando o tom escuro da pele
🙇🏻,person bowing light skin tone,Persona inclinando el tono de piel clara,pessoa que está curvando o tom de pele leve
🙇🏾,person bowing medium-dark skin tone,Persona inclinando el tono de piel medio-oscuridad,pessoa que está curvando o tom de pele média-escuro
🙇🏼,person bowing medium-light skin tone,Persona inclinando el tono de piel de luz media,pessoa que está curvando o tom de pele de luz média
🙇🏽,person bowing medium skin tone,Persona inclinando el tono de piel mediana,pessoa que está curvando o tom de pele média
🤸,person cartwheeling,Persona,Pessoa Cartwheeling
🤸🏿,person cartwheeling dark skin tone,Persona Tono de piel oscura,Pessoa do tom de pele escura de carrinho de roda
🤸🏻,person cartwheeling light skin tone,Tono de piel clara de la persona de los carritos,Tom de pele leve para carrinho de roda de carrinho
🤸🏾,person cartwheeling medium-dark skin tone,Tono de piel mediana y media,Pessoa do tom de pele de metal-escuro para carrinho de roda
🤸🏼,person cartwheeling medium-light skin tone,Persona Tono de piel de luz media,Pessoa do tom de pele de luz de carrinho de carrinho
🤸🏽,person cartwheeling medium skin tone,Tono de piel mediana de los carritos de la persona,Pessoa do tom de pele média de roda de carrinho
🧗,person climbing,persona escalando,pessoa escalando
🧗🏿,person climbing dark skin tone,Persona tono de piel oscura,pessoa escalando o tom escuro da pele
🧗🏻,person climbing light skin tone,Persona tono de piel clara,pessoa que escala o tom de pele clara
🧗🏾,person climbing medium-dark skin tone,Tono de piel de medio-oscuridad de la persona escalada,pessoa que escala o tom de pele média-escuro
🧗🏼,person climbing medium-light skin tone,Persona tono de piel de luz media,pessoa que escala o tom de pele de luz média
🧗🏽,person climbing medium skin tone,Tono de piel mediana de escalada de persona,pessoa que escalava o tom de pele média
🧑‍🦱,person curly hair,persona cabello rizado,Pessoa cabelos encaracolados
🧑🏿,person dark skin tone,Persona tono de piel oscura,Tom de pele escura da pessoa
🧑🏿‍🦲,person dark skin tone bald,Persona de piel oscura tono calvo,pessoa com tom de pele escura careca
🧔🏿,person dark skin tone beard,Persona Barba de tono de piel oscura,Pessoa da pele da pele escura barba
👱🏿,person dark skin tone blond hair,persona tono de piel oscura cabello rubio,pessoa com tom de pele escura cabelos loiros
🧑🏿‍🦱,person dark skin tone curly hair,persona tono de piel oscura cabello rizado,pessoa com tom de pele escura cabelos encaracolados
🧑🏿‍🦰,person dark skin tone red hair,Persona de piel oscura cabello rojo,pessoa com tom de pele escura de cabelo ruivo
🧑🏿‍🦳,person dark skin tone white hair,persona tono de piel oscura cabello blanco,Pessoa de pele escura de pele branca
🤦,person facepalming,persona facepal,pessoa facepalming
🤦🏿,person facepalming dark skin tone,Persona Facepalicia Tono de piel oscura,Pessoa facepalming Skin Tom
🤦🏻,person facepalming light skin tone,Persona Facepalicela de piel clara,Tom de pele leve de facepalming
🤦🏾,person facepalming medium-dark skin tone,Persona Facepalicia Tono de piel mediano y oscuridad,Pessoa facepalming Medium-Dark Skin Tom
🤦🏼,person facepalming medium-light skin tone,Persona Facepalicia Tono de piel de luz media,Tom de pele de luz média de facepalming
🤦🏽,person facepalming medium skin tone,Persona Facepalicia Tono de piel mediana,Tom de pele média de facepalming
🧑‍🍼,person feeding baby,persona alimentando al bebé,pessoa alimentando o bebê
🧑🏿‍🍼,person feeding baby dark skin tone,Persona alimentando el tono de piel oscura del bebé,pessoa que alimenta o tom de pele escura do bebê
🧑🏻‍🍼,person feeding baby light skin tone,Persona alimentando el tono de piel de luz del bebé,pessoa que alimenta o tom de pele leve de bebê
🧑🏾‍🍼,person feeding baby medium-dark skin tone,Persona alimentando bebé tono de piel medio-oscuridad,pessoa que alimenta o tom de pele de médio escuro para bebês
🧑🏼‍🍼,person feeding baby medium-light skin tone,Persona alimentando un bebé tono de piel de luz media,pessoa que alimenta o tom de pele de luz média bebê
🧑🏽‍🍼,person feeding baby medium skin tone,Persona alimentando el tono de piel mediana para bebés,pessoa que alimenta o tom de pele média bebê
🤺,person fencing,PERSONA CLEACE,esgrima da pessoa
🙍,person frowning,Persona frunciendo el ceño,pessoa franzindo a testa
🙍🏿,person frowning dark skin tone,Persona frunciendo el tono de piel oscura,pessoa franzindo a testa do tom de pele escura
🙍🏻,person frowning light skin tone,Persona frunciendo el tono de piel clara,pessoa que franzindo a testa do tom de pele clara
🙍🏾,person frowning medium-dark skin tone,Persona frunciendo el fruncido del tono de piel medio-oscuridad,pessoa que franzia a testa do tom de pele média-escuro
🙍🏼,person frowning medium-light skin tone,Persona frunciendo el tono de piel de luz media,pessoa que franzia a testa do tom de pele de luz média
🙍🏽,person frowning medium skin tone,Persona frunciendo el tono de piel mediana,pessoa que franzindo a testa do tom de pele média
🙅,person gesturing NO,Persona que gesticen no,pessoa gesticulando não
🙅🏿,person gesturing NO dark skin tone,Persona que gestiza sin tono de piel oscura,pessoa gesticulando sem tom de pele escura
🙅🏻,person gesturing NO light skin tone,Persona que gestiza sin tono de piel clara,pessoa gesticulando sem tom de pele leve
🙅🏾,person gesturing NO medium-dark skin tone,Persona que gestica sin tono de piel de medio oscuro,pessoa gesticulando sem tom de pele média escuro
🙅🏼,person gesturing NO medium-light skin tone,Persona que gestica sin tono de piel de luz media,pessoa gesticulando nenhum tom de pele de luz média
🙅🏽,person gesturing NO medium skin tone,Persona que gestica sin tono de piel mediana,pessoa gesticulando nenhum tom de pele média
🙆,person gesturing OK,Persona gesticulando ok,pessoa gesticulando ok
🙆🏿,person gesturing OK dark skin tone,Persona señalando bien el tono de piel oscura,Pessoa gesticulando ok tom de pele escura
🙆🏻,person gesturing OK light skin tone,Persona gesticulando bien el tono de piel clara,pessoa gesticulando ok de tom de pele leve
🙆🏾,person gesturing OK medium-dark skin tone,Persona gesticulando ok tono de piel medio-oscuridad,pessoa gesticulando ok tom de pele média-escuro
🙆🏼,person gesturing OK medium-light skin tone,Persona gesticulando ok tono de piel de luz media,pessoa gesticulando ok tom de pele de luz média
🙆🏽,person gesturing OK medium skin tone,Persona gesticulando bien el tono de piel mediana,pessoa gesticulando ok tom de pele média
💇,person getting haircut,persona que se corta el pelo,pessoa que faz corte de cabelo
💇🏿,person getting haircut dark skin tone,persona que se corta el corte de pelo tono de piel oscura,pessoa que está cortando o cabelo de pele escura
💇🏻,person getting haircut light skin tone,Persona que se corta el corte de cabello tono de piel claro,Pessoa que recebe um tom de pele de cabelo leve
💇🏾,person getting haircut medium-dark skin tone,Persona que se corta el corte de pelo tono de piel medio-oscuridad,Pessoa que recebe um tom de pele de corte de cabelo médio
💇🏼,person getting haircut medium-light skin tone,persona que se corta el corte de pelo tono de piel de luz media,Pessoa que recebe um tom de pele de luz de cabelo médio
💇🏽,person getting haircut medium skin tone,persona que se corta el corte de pelo tono de piel mediana,Pessoa que recebe um tom de pele média de corte de cabelo
💆,person getting massage,Persona recibiendo masaje,pessoa que está recebendo massagem
💆🏿,person getting massage dark skin tone,persona que recibe masaje tono de piel oscura,pessoa que está recebendo massagem no tom da pele escura
💆🏻,person getting massage light skin tone,Persona que recibe un tono de piel clara de masaje,Pessoa recebendo massagem com tom de pele leve
💆🏾,person getting massage medium-dark skin tone,Persona que recibe masaje tono de piel medio-oscuridad,pessoa que está recebendo massagem no tom de pele média escuro
💆🏼,person getting massage medium-light skin tone,persona que recibe masaje de tono de piel de luz media,pessoa que está recebendo massagem com tom de pele de luz média
💆🏽,person getting massage medium skin tone,persona que recibe masaje tono de piel mediana,pessoa que recebe massagem em tom de pele média
🏌️,person golfing,Persona de golf,Pessoa de golfe
🏌,person golfing,Persona de golf,Pessoa de golfe
🏌🏿,person golfing dark skin tone,Persona jugando al tono de piel oscura,Pessoa que golfe Tom de pele escura
🏌🏻,person golfing light skin tone,Persona golfing tono de piel clara,Tom de pele leve para golfe
🏌🏾,person golfing medium-dark skin tone,Persona golfing tono de piel medio-oscuridad,Tom de pele de golfe de golfe
🏌🏼,person golfing medium-light skin tone,Persona jugando a la piel del tono de piel de luz media,Tom de pele de uma luz média de golfe para uma pessoa
🏌🏽,person golfing medium skin tone,Persona de golf de golf de piel mediana,Tom de pele média para golfe
🛌,person in bed,persona en la cama,pessoa na cama
🛌🏿,person in bed dark skin tone,persona en la cama tono de piel oscura,Pessoa na cama Tom de pele escura
🛌🏻,person in bed light skin tone,Persona en el tono de piel de luz de la cama,Pessoa na cama Tom de pele clara
🛌🏾,person in bed medium-dark skin tone,Persona en la cama Tono de piel medio-oscuridad,Pessoa na cama Tom de pele média escura
🛌🏼,person in bed medium-light skin tone,persona en la cama tono de piel de luz media,Pessoa na cama Tom de pele de luz média
🛌🏽,person in bed medium skin tone,persona en la cama tono de piel mediana,Pessoa na cama Tom de pele média
🧘,person in lotus position,Persona en posición de loto,pessoa na posição de lótus
🧘🏿,person in lotus position dark skin tone,persona en la posición de loto tono de piel oscura,pessoa em lótus posicionar o tom escuro da pele
🧘🏻,person in lotus position light skin tone,Persona en la posición de loto tono de piel clara,pessoa em lótus posicionar o tom de pele clara
🧘🏾,person in lotus position medium-dark skin tone,Persona en la posición de loto tono de piel medio-oscuridad,pessoa na posição de lótus tom de pele média-escura
🧘🏼,person in lotus position medium-light skin tone,Persona en posición de loto tono de piel de luz media,Pessoa em Lotus Posição Tom de pele de luz média
🧘🏽,person in lotus position medium skin tone,Persona en la posición de loto tono de piel mediana,pessoa na posição de lótus tom de pele média
🧑‍🦽,person in manual wheelchair,persona en silla de ruedas manual,pessoa em cadeira de rodas manual
🧑🏿‍🦽,person in manual wheelchair dark skin tone,persona en silla de ruedas manual tono de piel oscura,pessoa em cadeira de rodas manual tom de pele
🧑‍🦽‍➡️,person in manual wheelchair facing right,persona en silla de ruedas manual mirando a la derecha,pessoa em cadeira de rodas manual voltada para a direita
🧑‍🦽‍➡,person in manual wheelchair facing right,persona en silla de ruedas manual mirando a la derecha,pessoa em cadeira de rodas manual voltada para a direita
🧑🏿‍🦽‍➡️,person in manual wheelchair facing right dark skin tone,Persona en silla de ruedas manual que enfrenta el tono de piel oscura derecha,pessoa em cadeira de rodas manual voltada para o tom da pele escura direta
🧑🏿‍🦽‍➡,person in manual wheelchair facing right dark skin tone,Persona en silla de ruedas manual que enfrenta el tono de piel oscura derecha,pessoa em cadeira de rodas manual voltada para o tom da pele escura direta
🧑🏻‍🦽‍➡️,person in manual wheelchair facing right light skin tone,Persona en silla de ruedas manual que mira a la luz derecha de la piel clara,pessoa em cadeira de rodas manual voltada para o tom da pele clara
🧑🏻‍🦽‍➡,person in manual wheelchair facing right light skin tone,Persona en silla de ruedas manual que mira a la luz derecha de la piel clara,pessoa em cadeira de rodas manual voltada para o tom da pele clara
🧑🏾‍🦽‍➡️,person in manual wheelchair facing right medium-dark skin tone,Persona en silla de ruedas manual que mira a la derecha tono de piel medio-oscuridad,pessoa em cadeira de rodas manual voltada para o tom de pele média-escuro
🧑🏾‍🦽‍➡,person in manual wheelchair facing right medium-dark skin tone,Persona en silla de ruedas manual que mira a la derecha tono de piel medio-oscuridad,pessoa em cadeira de rodas manual voltada para o tom de pele média-escuro
🧑🏼‍🦽‍➡️,person in manual wheelchair facing right medium-light skin tone,Persona en silla de ruedas manual que mira a la derecha tono de piel de luz media,pessoa em cadeira de rodas manual voltada para o tom da pele média à direita
🧑🏼‍🦽‍➡,person in manual wheelchair facing right medium-light skin tone,Persona en silla de ruedas manual que mira a la derecha tono de piel de luz media,pessoa em cadeira de rodas manual voltada para o tom da pele média à direita
🧑🏽‍🦽‍➡️,person in manual wheelchair facing right medium skin tone,Persona en silla de ruedas manual que mira el tono de piel medio derecho,pessoa em cadeira de rodas manual voltada para o tom de pele média
🧑🏽‍🦽‍➡,person in manual wheelchair facing right medium skin tone,Persona en silla de ruedas manual que mira el tono de piel medio derecho,pessoa em cadeira de rodas manual voltada para o tom de pele média
🧑🏻‍🦽,person in manual wheelchair light skin tone,Persona en tono de piel clara de silla de ruedas manual,pessoa em tom de pele de cadeira de rodas manual
🧑🏾‍🦽,person in manual wheelchair medium-dark skin tone,Persona en silla de ruedas manual tono de piel medio-oscuridad,pessoa em tom de pele de cadeira de rodas manual
🧑🏼‍🦽,person in manual wheelchair medium-light skin tone,persona en silla de ruedas manual tono de piel de luz media,pessoa em um tom de pele de luz de rodas manual
🧑🏽‍🦽,person in manual wheelchair medium skin tone,persona en silla de ruedas manual tono de piel mediana,pessoa em tom de pele de cadeira de rodas manual
🧑‍🦼,person in motorized wheelchair,persona en silla de ruedas motorizada,pessoa em cadeira de rodas motorizada
🧑🏿‍🦼,person in motorized wheelchair dark skin tone,Persona en el tono de piel oscura de silla de ruedas motorizada,pessoa em tom de pele escura de cadeira de rodas motorizada
🧑‍🦼‍➡️,person in motorized wheelchair facing right,persona en silla de ruedas motorizada hacia la derecha,pessoa em cadeira de rodas motorizada voltada para a direita
🧑‍🦼‍➡,person in motorized wheelchair facing right,persona en silla de ruedas motorizada hacia la derecha,pessoa em cadeira de rodas motorizada voltada para a direita
🧑🏿‍🦼‍➡️,person in motorized wheelchair facing right dark skin tone,persona en silla de ruedas motorizada que mira a la derecha tono de piel oscura,pessoa em cadeira de rodas motorizada voltada para o tom da pele escura direita
🧑🏿‍🦼‍➡,person in motorized wheelchair facing right dark skin tone,persona en silla de ruedas motorizada que mira a la derecha tono de piel oscura,pessoa em cadeira de rodas motorizada voltada para o tom da pele escura direita
🧑🏻‍🦼‍➡️,person in motorized wheelchair facing right light skin tone,persona en silla de ruedas motorizada que mira el tono de piel clara derecha,pessoa em cadeira de rodas motorizada voltada para o tom da pele clara
🧑🏻‍🦼‍➡,person in motorized wheelchair facing right light skin tone,persona en silla de ruedas motorizada que mira el tono de piel clara derecha,pessoa em cadeira de rodas motorizada voltada para o tom da pele clara
🧑🏾‍🦼‍➡️,person in motorized wheelchair facing right medium-dark skin tone,Persona en silla de ruedas motorizada que mira a la derecha tono de piel medio-oscuridad,pessoa em cadeira de rodas motorizada voltada para o tom da pele média-escuro
🧑🏾‍🦼‍➡,person in motorized wheelchair facing right medium-dark skin tone,Persona en silla de ruedas motorizada que mira a la derecha tono de piel medio-oscuridad,pessoa em cadeira de rodas motorizada voltada para o tom da pele média-escuro
🧑🏼‍🦼‍➡️,person in motorized wheelchair facing right medium-light skin tone,Persona en silla de ruedas motorizada que mira el tono de piel de luz media derecha,pessoa em cadeira de rodas motorizada voltada para o tom da pele média à direita
🧑🏼‍🦼‍➡,person in motorized wheelchair facing right medium-light skin tone,Persona en silla de ruedas motorizada que mira el tono de piel de luz media derecha,pessoa em cadeira de rodas motorizada voltada para o tom da pele média à direita
🧑🏽‍🦼‍➡️,person in motorized wheelchair facing right medium skin tone,persona en silla de ruedas motorizada que mira el tono de piel medio derecho,pessoa em cadeira de rodas motorizada voltada para o tom da pele média
🧑🏽‍🦼‍➡,person in motorized wheelchair facing right medium skin tone,persona en silla de ruedas motorizada que mira el tono de piel medio derecho,pessoa em cadeira de rodas motorizada voltada para o tom da pele média
🧑🏻‍🦼,person in motorized wheelchair light skin tone,Persona en el tono de piel clara de silla de ruedas motorizada,pessoa em tom de pele leve para cadeira de rodas motorizada
🧑🏾‍🦼,person in motorized wheelchair medium-dark skin tone,persona en silla de ruedas motorizada tono de piel medio-oscuridad,pessoa em tom de pele de cadeira de rodas motorizada
🧑🏼‍🦼,person in motorized wheelchair medium-light skin tone,Persona en el tono de piel de luz media de silla de ruedas motorizada,pessoa em um tom de pele de luz de rodas motorizada
🧑🏽‍🦼,person in motorized wheelchair medium skin tone,Persona en el tono de piel mediana de silla de ruedas motorizada,pessoa em tom de pele de cadeira de rodas motorizada
🧖,person in steamy room,Persona en habitación vapor,pessoa no quarto vapor
🧖🏿,person in steamy room dark skin tone,Persona en la habitación humeante tono de piel oscura,pessoa em um tom de pele escura de sala de vapor
🧖🏻,person in steamy room light skin tone,Persona en el tono de piel clara,pessoa em um tom de pele clara da sala fumegante
🧖🏾,person in steamy room medium-dark skin tone,Persona en habitación humeante tono de piel medio-oscuridad,Pessoa em um tom de pele de quarto horário de vapor
🧖🏼,person in steamy room medium-light skin tone,Persona en habitación humeante tono de piel de luz media,pessoa em um tom de pele de luz fumegante
🧖🏽,person in steamy room medium skin tone,Persona en la habitación humeante tono de piel mediana,pessoa em um tom de pele média
🕴️,person in suit levitating,Persona en traje levitante,pessoa em terno levitando
🕴,person in suit levitating,Persona en traje levitante,pessoa em terno levitando
🕴🏿,person in suit levitating dark skin tone,Persona en traje levitando tono de piel oscura,pessoa de terno levitando o tom escuro
🕴🏻,person in suit levitating light skin tone,Persona en traje levitando tono de piel clara,pessoa de terno levitando o tom de pele clara
🕴🏾,person in suit levitating medium-dark skin tone,Persona en traje levitando tono de piel mediano y oscuridad,pessoa de terno levitando o tom de pele média-escuro
🕴🏼,person in suit levitating medium-light skin tone,Persona en traje levitando tono de piel de luz media,Pessoa de terno levitando o tom da pele de luz média
🕴🏽,person in suit levitating medium skin tone,Persona en traje levitando tono de piel media,pessoa de terno levitando o tom de pele média
🤵,person in tuxedo,Persona en Tuxedo,pessoa em smoking
🤵🏿,person in tuxedo dark skin tone,Persona en el tono de piel oscura de Tuxedo,pessoa em tom escuro de smoking
🤵🏻,person in tuxedo light skin tone,Persona en el tono de piel ligera de esmoquin,Pessoa em tom de pele leve Tuxedo
🤵🏾,person in tuxedo medium-dark skin tone,Persona en Tuxedo Medium-Dark Skin Tono,Pessoa em tom de pele de smoking médio-escuro
🤵🏼,person in tuxedo medium-light skin tone,Persona en el tono de piel de luz media de esmoquin,Pessoa em tom de pele de smoking de smoking
🤵🏽,person in tuxedo medium skin tone,Persona en el tono de piel mediana esmoqueta,pessoa em tom de pele de smoking
🤹,person juggling,Persona malabares,pessoa que faz malabarismo
🤹🏿,person juggling dark skin tone,Persona que hace malabares con tono de piel oscura,pessoa que faz malabarismos com o tom escuro da pele
🤹🏻,person juggling light skin tone,Persona que hace malabares con tono de piel clara,pessoa que faz malabarismos com o tom de pele leve
🤹🏾,person juggling medium-dark skin tone,Tono de piel medio-oscuridad de la persona que hace malabarismos,pessoa que faz malabarismos com o tom de pele de médio escuro
🤹🏼,person juggling medium-light skin tone,Persona que hace malabares con tono de piel de luz media,pessoa que faz malabarismos com o tom de pele de luz média
🤹🏽,person juggling medium skin tone,Persona que hace malabares con tono de piel medio,pessoa que faz malabarismos com o tom de pele média
🧎,person kneeling,persona arrodillada,pessoa ajoelhada
🧎🏿,person kneeling dark skin tone,persona arrodillado tono de piel oscura,pessoa ajoelhada para a pele escura
🧎‍➡️,person kneeling facing right,persona arrodillada frente a la derecha,pessoa ajoelhada voltada para a direita
🧎‍➡,person kneeling facing right,persona arrodillada frente a la derecha,pessoa ajoelhada voltada para a direita
🧎🏿‍➡️,person kneeling facing right dark skin tone,persona arrodillada frente a la derecha tono de piel oscura,pessoa ajoelhada voltada para a pele escura direta
🧎🏿‍➡,person kneeling facing right dark skin tone,persona arrodillada frente a la derecha tono de piel oscura,pessoa ajoelhada voltada para a pele escura direta
🧎🏻‍➡️,person kneeling facing right light skin tone,Persona arrodillada frente al tono de piel claro derecho,pessoa ajoelhada voltada para a pele clara
🧎🏻‍➡,person kneeling facing right light skin tone,Persona arrodillada frente al tono de piel claro derecho,pessoa ajoelhada voltada para a pele clara
🧎🏾‍➡️,person kneeling facing right medium-dark skin tone,Persona arrodillada frente a la derecha tono de piel medio-oscuridad,pessoa ajoelhada voltada para o tom de pele média-escuro à direita
🧎🏾‍➡,person kneeling facing right medium-dark skin tone,Persona arrodillada frente a la derecha tono de piel medio-oscuridad,pessoa ajoelhada voltada para o tom de pele média-escuro à direita
🧎🏼‍➡️,person kneeling facing right medium-light skin tone,Persona arrodillada frente al tono de piel de luz media derecha,pessoa ajoelhada voltada para o tom da luz média à direita
🧎🏼‍➡,person kneeling facing right medium-light skin tone,Persona arrodillada frente al tono de piel de luz media derecha,pessoa ajoelhada voltada para o tom da luz média à direita
🧎🏽‍➡️,person kneeling facing right medium skin tone,Persona arrodillada frente al tono de piel medio derecho,pessoa ajoelhada voltada para o tom da pele média
🧎🏽‍➡,person kneeling facing right medium skin tone,Persona arrodillada frente al tono de piel medio derecho,pessoa ajoelhada voltada para o tom da pele média
🧎🏻,person kneeling light skin tone,Persona tono de piel claro arrodillado,pessoa ajoelhada para o tom da pele leve
🧎🏾,person kneeling medium-dark skin tone,Persona arrodillado tono de piel medio-oscuridad,pessoa ajoelhada para o tom de pele média-escuro
🧎🏼,person kneeling medium-light skin tone,Persona arrodillado tono de piel de luz media,pessoa ajoelhada para o tom da pele média
🧎🏽,person kneeling medium skin tone,Persona tono de piel mediana arrodillada,Pessoa ajoelhando o tom de pele média
🏋️,person lifting weights,Persona levantando pesas,pessoa levantando pesos
🏋,person lifting weights,Persona levantando pesas,pessoa levantando pesos
🏋🏿,person lifting weights dark skin tone,persona levantando pesas tono de piel oscura,Pessoa que levanta pesos tom de pele escura
🏋🏻,person lifting weights light skin tone,Persona levantando pesas tono de piel clara,pessoa levantando pesos tom de pele clara
🏋🏾,person lifting weights medium-dark skin tone,Persona levantando pesas tono de piel medio-oscuridad,Pessoa que levanta pesos tom de pele média escuro
🏋🏼,person lifting weights medium-light skin tone,Persona levantando pesas tono de piel de luz media,Pessoa que levanta pesos tom de pele de luz média
🏋🏽,person lifting weights medium skin tone,Persona levantando pesas tono de piel mediana,PESSOA PESSOTE PESos de pele média
🧑🏻,person light skin tone,Tono de piel clara de la persona,Tom de pele leve da pessoa
🧑🏻‍🦲,person light skin tone bald,Persona tono de piel claro calvo,pessoa com tom de pele leve careca
🧔🏻,person light skin tone beard,PERSONA Barba de tono de piel claro,barba de tom de pele leve de pessoa
👱🏻,person light skin tone blond hair,Persona de piel clara Tono rubio,Pessoa de pele de pele clara cabelos loiros
🧑🏻‍🦱,person light skin tone curly hair,Persona Tono de piel claro Cabello rizado,Pessoa com tom de pele leve cabelos encaracolados
🧑🏻‍🦰,person light skin tone red hair,Persona de piel clara Tono rojo,Pessoa de pele de pele clara cabelos ruivos
🧑🏻‍🦳,person light skin tone white hair,Persona de piel clara Tono blanco,Pessoa de pele de pele clara cabelos brancos
🧑🏾,person medium-dark skin tone,Persona tono de piel mediano y oscuro,Tom de pele média-escuro da pessoa
🧑🏾‍🦲,person medium-dark skin tone bald,Persona tono de piel mediano y oscuro calvo,Pessoa de tom de pele média-escuro careca
🧔🏾,person medium-dark skin tone beard,Persona Barba de tono de piel mediano y oscuro,Pessoa com tom de pele média-escuro barba
👱🏾,person medium-dark skin tone blond hair,Persona de piel de color medio oscuro cabello rubio,Pessoa de peles de pele média-escura cabelos loiros
🧑🏾‍🦱,person medium-dark skin tone curly hair,persona Tono de piel mediano y oscuro cabello rizado,Pessoa do tom de pele média escuro para cabelos encaracolados
🧑🏾‍🦰,person medium-dark skin tone red hair,Persona de piel de color medio marino cabello rojo,pessoa de pele de pele média-escura cabelos ruivos
🧑🏾‍🦳,person medium-dark skin tone white hair,persona Tono de piel mediano y oscuro cabello blanco,Pessoa de pele de pele média-escura cabelos brancos
🧑🏼,person medium-light skin tone,Persona tono de piel de luz media,Tom de pele com luz média pessoa
🧑🏼‍🦲,person medium-light skin tone bald,persona tono de piel de luz media calva,Pessoa com tom de pele média careca
🧔🏼,person medium-light skin tone beard,persona barba de tono de piel de luz media,barba de tom de pele de luz média pessoa
👱🏼,person medium-light skin tone blond hair,persona Tono de piel de luz media cabello rubio,Cabelo loiro de tom de pele de luz média
🧑🏼‍🦱,person medium-light skin tone curly hair,persona Tono de piel de luz media cabello rizado,"Pessoa de pele de luz de luz média, cabelo encaracolado"
🧑🏼‍🦰,person medium-light skin tone red hair,persona Tono de piel de luz media cabello rojo,Pessoa de pele de pele de luz média
🧑🏼‍🦳,person medium-light skin tone white hair,persona Tono de piel de luz media cabello blanco,Cabelo branco da pele de luz média
🧑🏽,person medium skin tone,Persona tono de piel mediana,Tom de pele média de pessoa
🧑🏽‍🦲,person medium skin tone bald,persona tono de piel mediano calvo,Pessoa de tom de pele média careca
🧔🏽,person medium skin tone beard,Persona de tono de piel mediana barba,barba de tom de pele média
👱🏽,person medium skin tone blond hair,Persona Tono de piel mediano Cabello rubio,Pessoa de pele de pele média cabelos loiros
🧑🏽‍🦱,person medium skin tone curly hair,persona tono de piel mediano cabello rizado,Pessoa do tom de pele média cabelos encaracolados
🧑🏽‍🦰,person medium skin tone red hair,persona Tono de piel mediana cabello rojo,Cabelos ruivos de tom de pele média
🧑🏽‍🦳,person medium skin tone white hair,persona tono de piel mediano cabello blanco,Cabelo branco de tom de pele média
🚵,person mountain biking,persona en bicicleta de montaña,pessoa de mountain bike
🚵🏿,person mountain biking dark skin tone,Persona ciclismo de montaña tono de piel oscura,Tom de pele escura de mountain bike de pessoa
🚵🏻,person mountain biking light skin tone,Tono de piel de luz de ciclismo de montaña,Tom de pele leve de mountain bike de montanha
🚵🏾,person mountain biking medium-dark skin tone,Persona ciclismo de montaña tono de piel medio-oscuridad,Tom de pele de mountain bike de mountain bike
🚵🏼,person mountain biking medium-light skin tone,Persona ciclismo de montaña tono de piel de luz media,Tom de pele de mountain bike de montanha de montanha
🚵🏽,person mountain biking medium skin tone,Persona ciclismo de montaña tono de piel mediana,Tom de pele de mountain bike de montanha
🤾,person playing handball,Persona jugando balón de mano,pessoa jogando handebol
🤾🏿,person playing handball dark skin tone,Persona que juega tono de piel oscura del balonmano,pessoa que joga Handall Dark Skin Tom
🤾🏻,person playing handball light skin tone,Persona que juega tono de piel clara en el balonmano,pessoa que joga Handall Light Skin Tom
🤾🏾,person playing handball medium-dark skin tone,Persona que juega tono de piel de balonmano medio-oscuridad,pessoa que joga Handball Medium-Dark Skin Tom
🤾🏼,person playing handball medium-light skin tone,Persona que juega tono de piel de la luz media de la luz del balonmano,pessoa que joga o tom de pele de leve luz de handebol
🤾🏽,person playing handball medium skin tone,Persona que juega tono de piel medio en el balonmano,pessoa que joga Handall Medium Skin Tom
🤽,person playing water polo,persona jugando waterpolo,pessoa jogando pólo aquático
🤽🏿,person playing water polo dark skin tone,Persona tono de piel oscura de la persona que toca el waterpolo,pessoa que joga pólo aquático tom de pele escura
🤽🏻,person playing water polo light skin tone,Persona tono de piel clara de agua de agua de agua,pessoa que joga tomamento de pele leve de pólo aquático
🤽🏾,person playing water polo medium-dark skin tone,Persona jugando a Water Polo Medium-Dark Skin Tono,pessoa que joga tomamento de pele de pólo aquático de pólo aquático
🤽🏼,person playing water polo medium-light skin tone,Persona jugando a Water Polo Tono de piel de luz media,Pessoa que joga o tom de pele de pólo de pólo aquático
🤽🏽,person playing water polo medium skin tone,Persona tono de piel mediana del agua jugando polo,pessoa que joga tomamento de pele média pólo aquático
🙎,person pouting,Persona haciendo pucheros,pessoa fazendo beicinho
🙎🏿,person pouting dark skin tone,persona haciendo pucheros tono de piel oscura,pessoa fazendo beicinho para o tom escuro
🙎🏻,person pouting light skin tone,Persona haciendo pucheros tono de piel clara,pessoa fazendo beicinho para o tom da pele clara
🙎🏾,person pouting medium-dark skin tone,Persona haciendo pucheros tono de piel medio-oscuridad,pessoa fazendo beicinho para o tom de pele média-escuro
🙎🏼,person pouting medium-light skin tone,Persona haciendo pucheros tono de piel de luz media,pessoa fazendo beicinho de tom de pele de luz média
🙎🏽,person pouting medium skin tone,persona haciendo puchero tono de piel mediana,pessoa fazendo beicinho de tom de pele média
🙋,person raising hand,Persona levantando la mano,pessoa levantando mão
🙋🏿,person raising hand dark skin tone,Persona levantando el tono de piel oscura de la mano,pessoa que levanta o tom da pele escura da mão
🙋🏻,person raising hand light skin tone,Persona que levanta el tono de piel clara de la mano,pessoa que levanta o tom de pele leve à mão
🙋🏾,person raising hand medium-dark skin tone,Persona que cría la mano de la piel medio-oscuridad,pessoa que levanta o tom de pele média-escuro da mão
🙋🏼,person raising hand medium-light skin tone,Persona levantando la mano de la piel de luz media,pessoa que levanta o tom de pele de luz média da mão
🙋🏽,person raising hand medium skin tone,Persona levantando la mano de la piel mediana tono,pessoa que levanta o tom de pele média da mão
🧑‍🦰,person red hair,Persona cabello rojo,Pessoa de cabelo ruivo
🚣,person rowing boat,Persona de remo de remo,Pessoa de barco a remo
🚣🏿,person rowing boat dark skin tone,Persona remar bote tono de piel oscura,Tom de pele escura para barco de remo de pessoas
🚣🏻,person rowing boat light skin tone,Persona remando en bote tono de piel claro,Pessoa para remover o tom da pele leve
🚣🏾,person rowing boat medium-dark skin tone,Persona remar bote de piel medio-oscuridad,Tom de pele de barco de remo de remo a dever
🚣🏼,person rowing boat medium-light skin tone,Persona remar bote tono de piel de luz media,Tom de pele de barco de remo de remo de remo
🚣🏽,person rowing boat medium skin tone,Persona remar bote tono de piel mediana,Tom de pele de barco a remo de um barco médio
🏃,person running,Persona corriendo,pessoa correndo
🏃🏿,person running dark skin tone,Persona corriendo tono de piel oscura,pessoa que corre o tom escuro da pele
🏃‍➡️,person running facing right,Persona corriendo hacia la derecha,pessoa correndo de frente para a direita
🏃‍➡,person running facing right,Persona corriendo hacia la derecha,pessoa correndo de frente para a direita
🏃🏿‍➡️,person running facing right dark skin tone,Persona que corre hacia la derecha tono de piel oscura,pessoa correndo voltada para o tom da pele escura direta
🏃🏿‍➡,person running facing right dark skin tone,Persona que corre hacia la derecha tono de piel oscura,pessoa correndo voltada para o tom da pele escura direta
🏃🏻‍➡️,person running facing right light skin tone,Persona que se dirige hacia la luz derecha de la piel clara,pessoa correndo voltada para o tom da pele clara certa
🏃🏻‍➡,person running facing right light skin tone,Persona que se dirige hacia la luz derecha de la piel clara,pessoa correndo voltada para o tom da pele clara certa
🏃🏾‍➡️,person running facing right medium-dark skin tone,Persona que se dirige hacia la derecha tono de piel medio-oscuridad,pessoa correndo voltada para o tom de pele média-escuro
🏃🏾‍➡,person running facing right medium-dark skin tone,Persona que se dirige hacia la derecha tono de piel medio-oscuridad,pessoa correndo voltada para o tom de pele média-escuro
🏃🏼‍➡️,person running facing right medium-light skin tone,Persona que corre hacia la derecha tono de piel de luz media,pessoa correndo voltada para o tom da pele média à direita
🏃🏼‍➡,person running facing right medium-light skin tone,Persona que corre hacia la derecha tono de piel de luz media,pessoa correndo voltada para o tom da pele média à direita
🏃🏽‍➡️,person running facing right medium skin tone,Persona que se dirige hacia el tono de piel medio derecho,pessoa correndo voltada para o tom de pele média direita
🏃🏽‍➡,person running facing right medium skin tone,Persona que se dirige hacia el tono de piel medio derecho,pessoa correndo voltada para o tom de pele média direita
🏃🏻,person running light skin tone,Persona corriendo tono de piel clara,pessoa com tom de pele leve
🏃🏾,person running medium-dark skin tone,Persona que ejecuta el tono de piel medio-oscuridad,pessoa que executa o tom de pele média-escuro
🏃🏼,person running medium-light skin tone,Persona que corre el tono de piel de luz media,pessoa que executa o tom de pele de luz média
🏃🏽,person running medium skin tone,Persona que corre el tono de piel mediana,pessoa que executa o tom de pele média
🤷,person shrugging,persona encogiéndose de hombros,pessoa encolhendo os ombros
🤷🏿,person shrugging dark skin tone,persona encogiéndose de hombros tono de piel oscura,pessoa de ombros de ombros no tom escuro
🤷🏻,person shrugging light skin tone,Persona encogiendo un tono de piel clara,pessoa de ombros de ombros no tom da pele
🤷🏾,person shrugging medium-dark skin tone,Persona encogiéndose de hombros tono de piel medio-oscuridad,Pessoa de ombros de ombros no tom de pele média-escuro
🤷🏼,person shrugging medium-light skin tone,Persona encogiéndose de hombros con tono de piel de luz media,pessoa de ombros para os ombros em tom de pele média
🤷🏽,person shrugging medium skin tone,Persona encogiéndose de hombros tono de piel mediana,pessoa de ombros de ombros em tom de pele média
🧍,person standing,persona de pie,pessoa em pé
🧍🏿,person standing dark skin tone,Persona de pie de piel oscura tono,Pessoa em pé de pele escura
🧍🏻,person standing light skin tone,Persona de pie de pie de piel clara,Pessoa em pé de pele clara
🧍🏾,person standing medium-dark skin tone,Persona de pie de piel mediana y oscura tono,pessoa que está em pé no tom de pele média-escuro
🧍🏼,person standing medium-light skin tone,Persona de pie de la piel media de luz media,Pessoa em pé de pele de luz média em pé
🧍🏽,person standing medium skin tone,Persona de pie de piel mediana tono,Pessoa em pé de pele média
🏄,person surfing,Persona navegando,pessoa surfando
🏄🏿,person surfing dark skin tone,Persona surfeando tono de piel oscura,pessoa que navega no tom da pele escura
🏄🏻,person surfing light skin tone,Persona surfeando tono de piel clara,pessoa que navega no tom da pele clara
🏄🏾,person surfing medium-dark skin tone,Persona surfeando tono de piel mediana y oscura,pessoa que navega no tom de pele média-escuro
🏄🏼,person surfing medium-light skin tone,Persona surfeando tono de piel de luz media,pessoa que navega em tom de pele de luz média
🏄🏽,person surfing medium skin tone,Persona surfeando tono de piel mediana,pessoa que navega no tom de pele média
🏊,person swimming,Persona nadando,pessoa nadando
🏊🏿,person swimming dark skin tone,persona nadando tono de piel oscura,pessoa que está nadando no tom da pele escura
🏊🏻,person swimming light skin tone,Persona nadando tono de piel clara,pessoa que nadava em tom de pele clara
🏊🏾,person swimming medium-dark skin tone,Persona nadando tono de piel medio-oscuridad,pessoa que está nadando tom de pele de médio escuro
🏊🏼,person swimming medium-light skin tone,Persona nadando tono de piel de luz media,pessoa que está nadando tom de pele de luz média
🏊🏽,person swimming medium skin tone,Persona nadando tono de piel mediana,pessoa que está nadando tom de pele média
🛀,person taking bath,Persona tomando bañeras,pessoa tomando banho
🛀🏿,person taking bath dark skin tone,Persona tomando el baño de piel oscura,pessoa tomando banho de pele escura de pele
🛀🏻,person taking bath light skin tone,Persona que toma el tono de piel ligera de baño,pessoa tomando banho de pele leve de pele
🛀🏾,person taking bath medium-dark skin tone,Persona tomando el baño de la piel medio-oscuridad,Pessoa tomando banho de tom de pele média-escuro
🛀🏼,person taking bath medium-light skin tone,Persona tomando bañera de tono de piel de luz media,Pessoa tomando banho de tom de pele média-luz
🛀🏽,person taking bath medium skin tone,Persona que toma el baño de la piel mediana,pessoa tomando banho de tom de pele média
💁,person tipping hand,Persona dando vueltas,pessoa que inclina a mão
💁🏿,person tipping hand dark skin tone,Tono de piel oscura de la persona que dio la mano,pessoa que derrubando o tom da pele escura
💁🏻,person tipping hand light skin tone,Tono de piel clara de mano de la persona.,pessoa que inclina o tom da pele leve à mão
💁🏾,person tipping hand medium-dark skin tone,Tono de piel medio-oscuridad de la persona que dio la mano,pessoa que derrubando o tom de pele média-escuro da mão
💁🏼,person tipping hand medium-light skin tone,Tono de piel de luz media de la persona que dio la mano,pessoa que inclina o tom de pele de luz média da mão
💁🏽,person tipping hand medium skin tone,Tono de piel mediana de la persona que dio la mano,pessoa que derrubando o tom de pele média da mão
🚶,person walking,persona caminando,pessoa andando
🚶🏿,person walking dark skin tone,persona que camina tono de piel oscura,pessoa que andava no tom escuro da pele
🚶‍➡️,person walking facing right,Persona caminando frente a la derecha,pessoa andando de frente para a direita
🚶‍➡,person walking facing right,Persona caminando frente a la derecha,pessoa andando de frente para a direita
🚶🏿‍➡️,person walking facing right dark skin tone,Persona caminando hacia la derecha Tono de piel oscura,pessoa andando voltada para o tom da pele escura direta
🚶🏿‍➡,person walking facing right dark skin tone,Persona caminando hacia la derecha Tono de piel oscura,pessoa andando voltada para o tom da pele escura direta
🚶🏻‍➡️,person walking facing right light skin tone,Persona que camina frente a la piel derecha de la piel clara,pessoa a pé voltada para o tom da pele clara certa
🚶🏻‍➡,person walking facing right light skin tone,Persona que camina frente a la piel derecha de la piel clara,pessoa a pé voltada para o tom da pele clara certa
🚶🏾‍➡️,person walking facing right medium-dark skin tone,Persona que camina hacia la derecha Tono de piel medio-oscuridad,Pessoa que está andando voltada para o tom de pele média-escuro à direita
🚶🏾‍➡,person walking facing right medium-dark skin tone,Persona que camina hacia la derecha Tono de piel medio-oscuridad,Pessoa que está andando voltada para o tom de pele média-escuro à direita
🚶🏼‍➡️,person walking facing right medium-light skin tone,Persona que camina hacia la derecha tono de piel de luz media,Pessoa de uma caminhada voltada para o tom da pele média à direita
🚶🏼‍➡,person walking facing right medium-light skin tone,Persona que camina hacia la derecha tono de piel de luz media,Pessoa de uma caminhada voltada para o tom da pele média à direita
🚶🏽‍➡️,person walking facing right medium skin tone,Persona que camina hacia la derecha tono de piel mediana derecha,pessoa que andava voltada para o tom da pele média direita
🚶🏽‍➡,person walking facing right medium skin tone,Persona que camina hacia la derecha tono de piel mediana derecha,pessoa que andava voltada para o tom da pele média direita
🚶🏻,person walking light skin tone,Persona que camina tono de piel clara,pessoa que andava com tom de pele leve
🚶🏾,person walking medium-dark skin tone,Persona que camina tono de piel mediano y oscuridad,pessoa que andava no tom de pele média-escuro
🚶🏼,person walking medium-light skin tone,persona que camina tono de piel de luz media,pessoa que caminhava tom de pele de luz média
🚶🏽,person walking medium skin tone,persona que camina tono de piel mediana,pessoa que andava no tom de pele média
👳,person wearing turban,Persona con turbante,pessoa usando turbante
👳🏿,person wearing turban dark skin tone,Persona que usa turbante tono de piel oscura,pessoa usando um tom de pele escura de turbante
👳🏻,person wearing turban light skin tone,Persona que usa tono de piel clara,pessoa vestindo tom de pele de turbante leve
👳🏾,person wearing turban medium-dark skin tone,Persona que usa turbante de piel de piel media-oscura,pessoa usando o tom de pele de turbante médio escuro
👳🏼,person wearing turban medium-light skin tone,persona que usa turbante tono de piel de luz media,pessoa usando o tom da pele de luz turbante
👳🏽,person wearing turban medium skin tone,Persona que usa turbante de piel mediana,pessoa usando tom de pele de turbante médio
🧑‍🦳,person white hair,Persona cabello blanco,Pessoa de cabelo branco
🫅,person with crown,persona con corona,pessoa com coroa
🫅🏿,person with crown dark skin tone,Persona con tono de piel oscura de la corona,pessoa com tom de pele escura da coroa
🫅🏻,person with crown light skin tone,Persona con tono de piel clara de corona,pessoa com tom de pele leve da coroa
🫅🏾,person with crown medium-dark skin tone,Persona con tono de piel Crown Medium Dark Dark,Pessoa com tom de pele de escuro médio da coroa
🫅🏼,person with crown medium-light skin tone,persona con tono de piel de luz media corona,pessoa com tom de pele de luz média da coroa
🫅🏽,person with crown medium skin tone,persona con tono de piel mediana corona,Pessoa com tom de pele média da coroa
👲,person with skullcap,Persona con calavera,pessoa com Skullcap
👲🏿,person with skullcap dark skin tone,Persona con tono de piel oscura de Skullcap,pessoa com tom de pele escura de Skullcap
👲🏻,person with skullcap light skin tone,Persona con tono de piel clara de calavera,Pessoa com tom de pele leve de Skullcap
👲🏾,person with skullcap medium-dark skin tone,Persona con tono de piel de Skullcap Medium-Dark,pessoa com tom de pele de médio escuro de Skullcap
👲🏼,person with skullcap medium-light skin tone,Persona con tono de piel de luz media de calavera,Pessoa com tom de pele de luz média de Skullcap
👲🏽,person with skullcap medium skin tone,Persona con tono de piel mediana de calavera,pessoa com tom de pele média de Skullcap
👰,person with veil,persona con velo,pessoa com véu
👰🏿,person with veil dark skin tone,Persona con tono de piel oscura velo,pessoa com tom de pele escura do véu
👰🏻,person with veil light skin tone,Persona con tono de piel clara de velo,pessoa com tom de pele leve
👰🏾,person with veil medium-dark skin tone,Persona con tono de piel medio-oscuridad de velo velo,Pessoa com tom de pele de mídia de véu
👰🏼,person with veil medium-light skin tone,Persona con tono de piel de luz media velo,pessoa com tom de pele de luz média véu
👰🏽,person with veil medium skin tone,Persona con tono de piel mediana velo,pessoa com tom de pele média véu
🧑‍🦯,person with white cane,Persona con bastón blanco,pessoa com bengala branca
🧑🏿‍🦯,person with white cane dark skin tone,Persona con tono de piel oscura de caña blanca,pessoa com tom de pele escura de cana branca
🧑‍🦯‍➡️,person with white cane facing right,persona con bastón blanco mirando a la derecha,pessoa com bengala branca voltada para a direita
🧑‍🦯‍➡,person with white cane facing right,persona con bastón blanco mirando a la derecha,pessoa com bengala branca voltada para a direita
🧑🏿‍🦯‍➡️,person with white cane facing right dark skin tone,Persona con bastón blanco que mira a la derecha tono de piel oscura,pessoa com bengala branca voltada para o tom da pele escura direta
🧑🏿‍🦯‍➡,person with white cane facing right dark skin tone,Persona con bastón blanco que mira a la derecha tono de piel oscura,pessoa com bengala branca voltada para o tom da pele escura direta
🧑🏻‍🦯‍➡️,person with white cane facing right light skin tone,Persona con bastón blanco que mira el tono de piel claro derecho,pessoa com bengala branca voltada para o tom da pele clara
🧑🏻‍🦯‍➡,person with white cane facing right light skin tone,Persona con bastón blanco que mira el tono de piel claro derecho,pessoa com bengala branca voltada para o tom da pele clara
🧑🏾‍🦯‍➡️,person with white cane facing right medium-dark skin tone,Persona con caña blanca que mira a la derecha tono de piel medio-oscuridad,pessoa com bengala branca voltada para o tom da pele média-escuro
🧑🏾‍🦯‍➡,person with white cane facing right medium-dark skin tone,Persona con caña blanca que mira a la derecha tono de piel medio-oscuridad,pessoa com bengala branca voltada para o tom da pele média-escuro
🧑🏼‍🦯‍➡️,person with white cane facing right medium-light skin tone,Persona con caña blanca que mira a la derecha tono de piel de luz media,pessoa com bengala branca voltada para o tom da pele média à direita
🧑🏼‍🦯‍➡,person with white cane facing right medium-light skin tone,Persona con caña blanca que mira a la derecha tono de piel de luz media,pessoa com bengala branca voltada para o tom da pele média à direita
🧑🏽‍🦯‍➡️,person with white cane facing right medium skin tone,Persona con bastón blanco que mira el tono de piel medio derecho,pessoa com bengala branca voltada para o tom de pele média
🧑🏽‍🦯‍➡,person with white cane facing right medium skin tone,Persona con bastón blanco que mira el tono de piel medio derecho,pessoa com bengala branca voltada para o tom de pele média
🧑🏻‍🦯,person with white cane light skin tone,Persona con tono de piel clara de caña blanca,pessoa com tom de pele leve de cana branca
🧑🏾‍🦯,person with white cane medium-dark skin tone,Persona con tono de piel de caña blanca de caña media,pessoa com tom de pele de cana-de-bengala branca
🧑🏼‍🦯,person with white cane medium-light skin tone,Persona con tono de piel de luz media de caña blanca,pessoa com tom de pele de luz média de bengala branca
🧑🏽‍🦯,person with white cane medium skin tone,Persona con tono de piel media de caña blanca,pessoa com tom de pele média de cana branca
🧫,petri dish,plato de petri,PETRI PLACA
🐦‍🔥,phoenix,fénix,fênix
⛏️,pick,elegir,escolha
⛏,pick,elegir,escolha
🛻,pickup truck,camioneta,Caminhão de coleta
🥧,pie,pastel,torta
🐖,pig,cerdo,porco
🐷,pig face,cara de cerdo,rosto de porco
🐽,pig nose,nariz de cerdo,nariz de porco
💩,pile of poo,pila de caca,pilha de cocô
💊,pill,píldora,pílula
🧑‍✈️,pilot,piloto,piloto
🧑‍✈,pilot,piloto,piloto
🧑🏿‍✈️,pilot dark skin tone,Tono de piel oscura del piloto,Tom piloto de pele escura
🧑🏿‍✈,pilot dark skin tone,Tono de piel oscura del piloto,Tom piloto de pele escura
🧑🏻‍✈️,pilot light skin tone,tono de piel de luz piloto,Tom piloto de pele clara
🧑🏻‍✈,pilot light skin tone,tono de piel de luz piloto,Tom piloto de pele clara
🧑🏾‍✈️,pilot medium-dark skin tone,Tono de piel piloto mediano y oscuro,tom de pele piloto de médio escuro
🧑🏾‍✈,pilot medium-dark skin tone,Tono de piel piloto mediano y oscuro,tom de pele piloto de médio escuro
🧑🏼‍✈️,pilot medium-light skin tone,Tono de piel piloto de luz media,tom de pele piloto de luz média
🧑🏼‍✈,pilot medium-light skin tone,Tono de piel piloto de luz media,tom de pele piloto de luz média
🧑🏽‍✈️,pilot medium skin tone,Tono de piel mediana piloto,tom piloto de pele média
🧑🏽‍✈,pilot medium skin tone,Tono de piel mediana piloto,tom piloto de pele média
🤌,pinched fingers,dedos pellizcados,dedos apertados
🤌🏿,pinched fingers dark skin tone,Tono de piel oscura de los dedos pellizcados,Tom de pele escura
🤌🏻,pinched fingers light skin tone,Tono de piel claro de los dedos pellizcados,Tom de pele leve
🤌🏾,pinched fingers medium-dark skin tone,Tono de piel mediana de los dedos de la oscuridad,Tom de pele média-escuro dos dedos comprimidos
🤌🏼,pinched fingers medium-light skin tone,Tono de piel de luz media pellizcada,Tom de pele com luzes médias
🤌🏽,pinched fingers medium skin tone,Tono de piel mediana de dedos pellizcados,Tom de pele média dos dedos comprimidos
🤏,pinching hand,pellizco,beliscando a mão
🤏🏿,pinching hand dark skin tone,pellizcar el tono de piel oscura de la mano,Beliscando a mão do tom escuro da pele
🤏🏻,pinching hand light skin tone,pellizcar el tono de piel clara de la mano,Beliscando o tom da pele leve à mão
🤏🏾,pinching hand medium-dark skin tone,pellizcar el tono de piel medio-oscuridad de la mano,Beliscando o tom da pele média do escuro médio
🤏🏼,pinching hand medium-light skin tone,pellizcar el tono de piel de luz media,Beliscando o tom da pele de luz média da mão
🤏🏽,pinching hand medium skin tone,pellizcar el tono de piel mediana de la mano,Beliscando o tom de pele média da mão
🎍,pine decoration,decoración de pino,decoração de pinheiro
🍍,pineapple,piña,abacaxi
🏓,ping pong,ping pong,pingue -pongue
🩷,pink heart,corazón rosa,Coração rosa
🏴‍☠️,pirate flag,bandera pirata,Bandeira pirata
🏴‍☠,pirate flag,bandera pirata,Bandeira pirata
🍕,pizza,pizza,pizza
🪅,piñata,piñata,Piñata
🪧,placard,cartel,cartaz
🛐,place of worship,lugar de culto,local de culto
▶️,play button,botón de reproducción,Botão de reprodução
▶,play button,botón de reproducción,Botão de reprodução
⏯️,play or pause button,Botón de reproducción o pausa,Botão de reprodução ou pausa
⏯,play or pause button,Botón de reproducción o pausa,Botão de reprodução ou pausa
🛝,playground slide,diapositiva,Slide de playground
🥺,pleading face,cara suplicante,rosto implorando
🪠,plunger,émbolo,Manger
➕,plus,más,mais
🐻‍❄️,polar bear,oso polar,urso polar
🐻‍❄,polar bear,oso polar,urso polar
🚓,police car,coche de policía,carro da polícia
🚨,police car light,Luz de coche de policía,Luz do carro da polícia
👮,police officer,oficial de policía,policial
👮🏿,police officer dark skin tone,Oficial de policía Tono de piel oscura,Tom do policial da pele escura
👮🏻,police officer light skin tone,Tono de piel clara del oficial de policía,Tom de pele leve do policial
👮🏾,police officer medium-dark skin tone,Oficial de policía Tono de piel medio-oscuridad,Tom de pele média do policial médio escuro
👮🏼,police officer medium-light skin tone,Oficial de policía Tono de piel de luz media,Tom de pele de leve luz do policial
👮🏽,police officer medium skin tone,Oficial de policía Tono de piel mediana,Tom de pele média do policial
🐩,poodle,caniche,poodle
🎱,pool 8 ball,Bola del grupo 8,Bola da piscina 8
🍿,popcorn,Palomitas,Pipoca
🏤,post office,oficina de correos,correios
📯,postal horn,bocina postal,Buzina postal
📮,postbox,buzón,PostBox
🍲,pot of food,bote de comida,pote de comida
🚰,potable water,agua potable,água potável
🥔,potato,papa,batata
🪴,potted plant,planta en maceta,planta em vasos
🍗,poultry leg,pata de aves de corral,perna de aves
💷,pound banknote,billete de libra,nota de libra
🫗,pouring liquid,vierte líquido,líquido de derramamento
😾,pouting cat,puchero,gato de beicinho
📿,prayer beads,cuentas de oración,contas de oração
🫃,pregnant man,hombre embarazada,homem grávida
🫃🏿,pregnant man dark skin tone,Hombre embarazada Tono de piel oscura,Tom de pele escura do homem grávida
🫃🏻,pregnant man light skin tone,Tono de piel clara del hombre embarazada,Tom de pele leve do homem grávida
🫃🏾,pregnant man medium-dark skin tone,Tono de piel medio-oscuridad del hombre embarazada,Tom de pele de médio escuro de homem grávida
🫃🏼,pregnant man medium-light skin tone,Hombre embarazada Tono de piel de luz media,Tom de pele de luz média do homem grávida
🫃🏽,pregnant man medium skin tone,Tono de piel mediana del hombre embarazada,Tom de pele média do homem grávida
🫄,pregnant person,persona embarazada,pessoa grávida
🫄🏿,pregnant person dark skin tone,Persona embarazada tono de piel oscura,Pessoa grávida Tom de pele escura
🫄🏻,pregnant person light skin tone,Tono de piel clara de la persona embarazada,Tom de pele clara da pessoa grávida
🫄🏾,pregnant person medium-dark skin tone,Persona embarazada tono de piel medio-oscuridad,Pessoa grávida Tom de pele média escura
🫄🏼,pregnant person medium-light skin tone,Persona embarazada tono de piel de luz media,Tom de pele de luz média grávida
🫄🏽,pregnant person medium skin tone,Tono de piel medio embarazada,Pessoa grávida Tom de pele média
🤰,pregnant woman,mujer embarazada,mulher grávida
🤰🏿,pregnant woman dark skin tone,Mujer embarazada tono de piel oscura,Mulher grávida Tom de pele escura
🤰🏻,pregnant woman light skin tone,Mujer embarazada tono de piel clara,Tom de pele clara da mulher grávida
🤰🏾,pregnant woman medium-dark skin tone,Mujer embarazada tono de piel medio-oscuridad,Mulher grávida Tom de pele média-escura
🤰🏼,pregnant woman medium-light skin tone,Mujer embarazada tono de piel de luz media,Mulher grávida Tom de pele de luz média
🤰🏽,pregnant woman medium skin tone,Mujer embarazada tono de piel mediana,Mulher grávida Tom de pele média
🥨,pretzel,galleta salada,pretzel
🤴,prince,príncipe,príncipe
🤴🏿,prince dark skin tone,tono de piel oscura del príncipe,Prince Dark Skin Tom
🤴🏻,prince light skin tone,tono de piel de príncipe claro,Prince Light Skin Tom
🤴🏾,prince medium-dark skin tone,tono de piel de prince mediano y oscuridad,Tom de pele do príncipe médio-escuro
🤴🏼,prince medium-light skin tone,Príncipe tono de piel de luz media,Tom de pele com luz média do príncipe
🤴🏽,prince medium skin tone,tono de piel mediana príncipe,Prince Medium Skin Tom
👸,princess,princesa,princesa
👸🏿,princess dark skin tone,tono de piel oscura de princesa,Princess Dark Skin Tom
👸🏻,princess light skin tone,tono de piel clara de princesa,tom de pele clara da princesa
👸🏾,princess medium-dark skin tone,Tono de piel de princesa mediana-oscuridad,Tom de pele de Princesa Médio Dark
👸🏼,princess medium-light skin tone,tono de piel de luz media princesa,Tom de pele de luz média da princesa
👸🏽,princess medium skin tone,tono de piel mediana princesa,tom de pele médio da princesa
🖨️,printer,impresora,impressora
🖨,printer,impresora,impressora
🚫,prohibited,prohibido,Entrada
🟣,purple circle,círculo púrpura,círculo roxo
💜,purple heart,corazón púrpura,coração roxo
🟪,purple square,plaza púrpura,Quadrado roxo
👛,purse,cartera,bolsa
📌,pushpin,chincheta,pushpin
🧩,puzzle piece,pieza de rompecabezas,peça de quebra -cabeça
🐇,rabbit,conejo,coelho
🐰,rabbit face,cara de conejo,rosto de coelho
🦝,raccoon,mapache,guaxinim
🏎️,racing car,coche de carreras,carro de corrida
🏎,racing car,coche de carreras,carro de corrida
📻,radio,radio,rádio
🔘,radio button,botón de radio,botão de rádio
☢️,radioactive,radioactivo,radioativo
☢,radioactive,radioactivo,radioativo
🚃,railway car,coche de ferrocarril,vagão ferroviário
🛤️,railway track,vía ferroviaria,trilhos da ferrovia
🛤,railway track,vía ferroviaria,trilhos da ferrovia
🌈,rainbow,arcoíris,arco-íris
🏳️‍🌈,rainbow flag,bandera de arcoiris,Bandeira do arco -íris
🏳‍🌈,rainbow flag,bandera de arcoiris,Bandeira do arco -íris
🤚,raised back of hand,levantado de la mano,levantado de volta à mão
🤚🏿,raised back of hand dark skin tone,Tono de piel oscura elevada de la parte posterior de la mano,Tom de pele escura nas costas da mão
🤚🏻,raised back of hand light skin tone,Tono de piel claro de la parte posterior de la mano,Tom de pele de luz leve levantada
🤚🏾,raised back of hand medium-dark skin tone,Tono de piel medio-oscuridad de la parte posterior de la mano.,Tom de pele de volta do escuro médio da mão
🤚🏼,raised back of hand medium-light skin tone,Tono de piel de luz media elevada de la parte posterior de la mano,Tom de pele de luz de luz média levantada
🤚🏽,raised back of hand medium skin tone,Tono de piel medio elevado de la parte posterior de la mano,Tom de pele média de volta da mão
✊,raised fist,puño,punho elevado
✊🏿,raised fist dark skin tone,Tono de piel oscura del puño elevado,Tom de pele escura do punho elevado
✊🏻,raised fist light skin tone,tono de piel de luz de puño elevado,tom de pele leve elevada
✊🏾,raised fist medium-dark skin tone,Tono de piel de color medio-oscuridad de puño elevado,Tom de pele do punho de punho elevado
✊🏼,raised fist medium-light skin tone,Tono de piel de luz media elevada de puño,tom de pele de punho elevado
✊🏽,raised fist medium skin tone,Tono de piel mediana de puño elevado,Tom de pele média de punho elevado
✋,raised hand,mano levantada,mão levantada
✋🏿,raised hand dark skin tone,Tono de piel oscura de mano elevada,Tom de pele escura da mão elevada
✋🏻,raised hand light skin tone,tono de piel de luz de mano elevada,tom de pele leve à mão elevada
✋🏾,raised hand medium-dark skin tone,Tono de piel medio-oscuridad de mano elevada,Tom de pele de mão-de-obra elevada de mão elevada
✋🏼,raised hand medium-light skin tone,Tono de piel de luz media de mano elevada,Tom de pele de luz média levantada
✋🏽,raised hand medium skin tone,Tono de piel mediana de mano elevada,Tom de pele média de mão levantada
🙌,raising hands,Levantando las manos,levantando as mãos
🙌🏿,raising hands dark skin tone,Levantando las manos tono de piel oscura,levantando as mãos Tom de pele escura
🙌🏻,raising hands light skin tone,Levantar las manos tono de piel claro,levantando o tom de pele leve de mãos
🙌🏾,raising hands medium-dark skin tone,Levantando las manos tono de piel medio-oscuridad,levantando as mãos Tom de pele média-escura
🙌🏼,raising hands medium-light skin tone,Levantar las manos tono de piel de luz media,levantando as mãos Tom de pele de luz média
🙌🏽,raising hands medium skin tone,Levantando las manos tono de piel mediana,levantando as mãos Tom de pele média
🐏,ram,RAM,bater
🐀,rat,rata,rato
🪒,razor,navaja,navalha
🧾,receipt,recibo,recibo
⏺️,record button,botón de registro,Botão de gravação
⏺,record button,botón de registro,Botão de gravação
♻️,recycling symbol,símbolo de reciclaje,Símbolo de reciclagem
♻,recycling symbol,símbolo de reciclaje,Símbolo de reciclagem
🍎,red apple,manzana roja,maçã vermelha
🔴,red circle,círculo rojo,Círculo vermelho
🧧,red envelope,sobre rojo,envelope vermelho
❗,red exclamation mark,marca de exclamación roja,Marco de exclamação vermelha
🦰,red hair,cabello rojo,cabelos ruivos
❤️,red heart,corazón rojo,coração vermelho
❤,red heart,corazón rojo,coração vermelho
🏮,red paper lantern,linterna de papel rojo,Lanterna de papel vermelho
❓,red question mark,signo de interrogación roja,ponto de interrogação vermelho
🟥,red square,cuadrado rojo,quadrado vermelho
🔻,red triangle pointed down,Triángulo rojo apuntado hacia abajo,Triângulo vermelho apontado para baixo
🔺,red triangle pointed up,Triángulo rojo señaló,Triângulo vermelho apontado
®️,registered,registrado,registrado
®,registered,registrado,registrado
😌,relieved face,cara aliviada,rosto aliviado
🎗️,reminder ribbon,cinta de recordatorio,Lembrete da fita
🎗,reminder ribbon,cinta de recordatorio,Lembrete da fita
🔁,repeat button,botón repetido,Repita o botão
🔂,repeat single button,Repita el botón único,Repita o botão único
⛑️,rescue worker’s helmet,Casco del trabajador de rescate,capacete do trabalhador de resgate
⛑,rescue worker’s helmet,Casco del trabajador de rescate,capacete do trabalhador de resgate
🚻,restroom,baño,banheiro
◀️,reverse button,botón inverso,botão reverso
◀,reverse button,botón inverso,botão reverso
💞,revolving hearts,Corazones giratorios,corações giratórios
🦏,rhinoceros,rinoceronte,rinoceronte
🎀,ribbon,cinta,fita
🍙,rice ball,bola de arroz,Bola de arroz
🍘,rice cracker,galleta,Cracker de arroz
🤜,right-facing fist,puño de la derecha,Punho voltado para a direita
🤜🏿,right-facing fist dark skin tone,Tono de piel oscura del puño de la derecha,Tom de pele escura do punho voltados para a direita
🤜🏻,right-facing fist light skin tone,Tono de piel ligera de puño a la derecha,tom de pele leve voltada para o punho direito
🤜🏾,right-facing fist medium-dark skin tone,Tono de piel mediana y media,Tom de pele do punho médio-escuro voltado para o lado
🤜🏼,right-facing fist medium-light skin tone,Tono de piel de luz media de puño a la derecha,tom de pele de punho voltado para a direita
🤜🏽,right-facing fist medium skin tone,Tono de piel mediana de puño a la derecha,Tom de pele média voltada para o punho direito
🗯️,right anger bubble,Burbuja de ira correcta,Bolha de raiva certa
🗯,right anger bubble,Burbuja de ira correcta,Bolha de raiva certa
➡️,right arrow,flecha derecha,seta direita
➡,right arrow,flecha derecha,seta direita
⤵️,right arrow curving down,flecha derecha curvando hacia abajo,seta direita curvando -se
⤵,right arrow curving down,flecha derecha curvando hacia abajo,seta direita curvando -se
↩️,right arrow curving left,flecha derecha curvando a la izquierda,Arrow direita curvando a esquerda
↩,right arrow curving left,flecha derecha curvando a la izquierda,Arrow direita curvando a esquerda
⤴️,right arrow curving up,flecha derecha curvando,Arrow direita curvando -se
⤴,right arrow curving up,flecha derecha curvando,Arrow direita curvando -se
🫱,rightwards hand,mano a la derecha,mão para a direita
🫱🏿,rightwards hand dark skin tone,Tono de piel oscura de mano hacia la mano hacia la derecha,Tom de pele escura para a mão direita
🫱🏻,rightwards hand light skin tone,Tono de piel ligera a mano a la derecha,tom de pele leve à mão direita
🫱🏾,rightwards hand medium-dark skin tone,Tono de piel medio-oscuridad de mano a la derecha,Tom de pele média-escuro da mão direita
🫱🏼,rightwards hand medium-light skin tone,Tono de piel de luz media hacia la mano hacia la derecha,Tom de pele de luz média à mão direita
🫱🏽,rightwards hand medium skin tone,Tono de piel mediana de mano a la derecha,Tom de pele média da mão direita
🫸,rightwards pushing hand,hacia la derecha empujando la mano,Pushing para a mão correta
🫸🏿,rightwards pushing hand dark skin tone,Tono de piel oscura empujando a la derecha,Tom de pele escura empurrando para a mão direita
🫸🏻,rightwards pushing hand light skin tone,Tono de piel ligera de mano a la derecha,Tom de pele leve para empurrar para a mão direita
🫸🏾,rightwards pushing hand medium-dark skin tone,Tono de piel medio-oscuridad de empuje a la derecha,Tom de pele média-escuro empurrando para a direita
🫸🏼,rightwards pushing hand medium-light skin tone,Tono de piel de luz media de empuje a la derecha,Tom da pele de luz média empurrando para a mão direita
🫸🏽,rightwards pushing hand medium skin tone,Tono de piel medio de empuje a la derecha,Tom de pele média para empurrar para a mão direita
💍,ring,anillo,anel
🛟,ring buoy,boya de anillo,bóia do anel
🪐,ringed planet,planeta anillado,Planeta com anel
🍠,roasted sweet potato,batata asada,batata doce assada
🤖,robot,robot,robô
🪨,rock,roca,pedra
🚀,rocket,cohete,foguete
🧻,roll of paper,rollo de papel,rolo de papel
🗞️,rolled-up newspaper,periódico enrollado,Jornal enrolado
🗞,rolled-up newspaper,periódico enrollado,Jornal enrolado
🎢,roller coaster,Montaña rusa,montanha russa
🛼,roller skate,patinador,patins de rolo
🤣,rolling on the floor laughing,rodando por el suelo riendo,Rolando no chão rindo
🐓,rooster,gallo,galo
🫜,root vegetable,vegetal de raíz,Raiz vegetal
🌹,rose,rosa,rosa
🏵️,rosette,rosetón,roseta
🏵,rosette,rosetón,roseta
📍,round pushpin,ronda,Pushpin redondo
🏉,rugby football,fútbol de rugby,futebol de rugby
🎽,running shirt,camiseta,camisa correndo
👟,running shoe,zapatilla,tênis de corrida
😥,sad but relieved face,cara triste pero aliviada,"Face triste, mas aliviada"
🧷,safety pin,pasador de seguridad,Pino de segurança
🦺,safety vest,chaleco de seguridad,colete de segurança
⛵,sailboat,velero,veleiro
🍶,sake,beneficio,interesse
🧂,salt,sal,sal
🫡,saluting face,cara de salud,rosto saudando
🥪,sandwich,sándwich,sanduíche
🥻,sari,sari,sari
🛰️,satellite,satélite,satélite
🛰,satellite,satélite,satélite
📡,satellite antenna,antena satelital,Antena de satélite
🦕,sauropod,saurópodo,Sauropod
🎷,saxophone,saxófono,saxofone
🧣,scarf,bufanda,lenço
🏫,school,escuela,escola
🧑‍🔬,scientist,científico,cientista
🧑🏿‍🔬,scientist dark skin tone,tono de piel oscura científica,Tom do cientista da pele escura
🧑🏻‍🔬,scientist light skin tone,tono de piel clara científica,Tom de pele leve cientista
🧑🏾‍🔬,scientist medium-dark skin tone,tono de piel de científico medio-oscuridad,Tom de pele de médio escuro cientista
🧑🏼‍🔬,scientist medium-light skin tone,tono de piel de luz media científica,Tom de pele de luz média cientista
🧑🏽‍🔬,scientist medium skin tone,tono de piel medio científico,Tom de pele média cientista
✂️,scissors,tijeras,tesoura
✂,scissors,tijeras,tesoura
🦂,scorpion,escorpión,escorpião
🪛,screwdriver,destornillador,chave de fenda
📜,scroll,voluta,Role
🦭,seal,sello,selo
💺,seat,asiento,assento
🙈,see-no-evil monkey,no see-no-malville mono,VEJA NO-ALEIRO MACONEIRO
🌱,seedling,planta de semillero,mudas
🤳,selfie,selfie,selfie
🤳🏿,selfie dark skin tone,tono de piel oscura selfie,Tom de pele escura de selfie
🤳🏻,selfie light skin tone,tono de piel de luz selfie,Selfie Light Skin Tom
🤳🏾,selfie medium-dark skin tone,Tono de piel de Selfie Medium Dark Dark,Selfie Medium-escarque tom de pele
🤳🏼,selfie medium-light skin tone,tono de piel de luz media selfie,Tom de pele com luz média de selfie
🤳🏽,selfie medium skin tone,tono de piel mediana selfie,Tom de pele média de selfie
🐕‍🦺,service dog,perro de servicio,cão de serviço
🕢,seven-thirty,siete treinta,sete e meia
🕖,seven o’clock,las siete en punto,sete horas
🪡,sewing needle,aguja de coser,agulha de costura
🫨,shaking face,cara temblorosa,rosto tremendo
🥘,shallow pan of food,sartén de comida poco profunda,panela rasa de comida
☘️,shamrock,trébol,Shamrock
☘,shamrock,trébol,Shamrock
🦈,shark,tiburón,tubarão
🍧,shaved ice,hielo afeitado,gelo raspado
🌾,sheaf of rice,gavilla de arroz,feixe de arroz
🛡️,shield,blindaje,escudo
🛡,shield,blindaje,escudo
⛩️,shinto shrine,santuario sintoísta,Santuário Shinto
⛩,shinto shrine,santuario sintoísta,Santuário Shinto
🚢,ship,barco,enviar
🌠,shooting star,estrella fugaz,Estrela de tiro
🛍️,shopping bags,bolsas de compras,sacolas de compras
🛍,shopping bags,bolsas de compras,sacolas de compras
🛒,shopping cart,carro de la compra,carrinho de compras
🍰,shortcake,torta de frutas,shortcake
🩳,shorts,bermudas,shorts
🪏,shovel,pala,pá
🚿,shower,ducha,banho
🦐,shrimp,camarón,camarão
🔀,shuffle tracks button,botón de pistas de barras,Botão Shuffle Tracks
🤫,shushing face,rostro,rosto calado
🤘,sign of the horns,signo de los cuernos,sinal dos chifres
🤘🏿,sign of the horns dark skin tone,signo de los cuernos tono de piel oscura,Sinal dos chifres Tom da pele escura
🤘🏻,sign of the horns light skin tone,signo de los cuernos tono de piel clara,Sinal dos chifres Tom de pele leve
🤘🏾,sign of the horns medium-dark skin tone,signo de los cuernos tono de piel medio-oscuridad,sinal do tom de pele média-escuro dos chifres
🤘🏼,sign of the horns medium-light skin tone,signo de los cuernos tono de piel de luz media,Sinal do tom de pele de luz média Horns
🤘🏽,sign of the horns medium skin tone,signo de los cuernos tono de piel mediana,sinal do tom de pele média dos chifres
🧑‍🎤,singer,cantante,cantor
🧑🏿‍🎤,singer dark skin tone,Tono de piel oscura del cantante,Tom da pele escura do cantor
🧑🏻‍🎤,singer light skin tone,Tono de piel clara de cantante,Tom de pele leve do cantor
🧑🏾‍🎤,singer medium-dark skin tone,Tono de piel de Singer Medium-Dark,Tom de pele de médio escuro cantor
🧑🏼‍🎤,singer medium-light skin tone,Tono de piel de luz media cantante,Tom de pele de luz média cantora
🧑🏽‍🎤,singer medium skin tone,Tono de piel mediana cantante,Tom de pele média cantora
🕡,six-thirty,seis y media,Seis e 80 anos
🕕,six o’clock,seis en punto,seis horas
🛹,skateboard,monopatín,skate
⛷️,skier,esquiador,esquiador
⛷,skier,esquiador,esquiador
🎿,skis,esquís,esquis
💀,skull,cráneo,crânio
☠️,skull and crossbones,calavera,crânio e ossos cruzados
☠,skull and crossbones,calavera,crânio e ossos cruzados
🦨,skunk,mofeta,jaritataca
🛷,sled,trineo,trenó
😴,sleeping face,cara dormida,rosto dormindo
😪,sleepy face,cara de sueño,rosto sonolento
🙁,slightly frowning face,cara ligeramente fruncida,rosto levemente franzido
🙂,slightly smiling face,cara ligeramente sonriente,rosto um pouco sorridente
🎰,slot machine,tragaperras,máquina de caça -níqueis
🦥,sloth,ranura,preguiça
🛩️,small airplane,avión pequeño,pequeno avião
🛩,small airplane,avión pequeño,pequeno avião
🔹,small blue diamond,Diamante azul pequeño,Pequeno diamante azul
🔸,small orange diamond,Diamante naranja pequeño,Pequeno diamante laranja
😻,smiling cat with heart-eyes,gato sonriente con ojos de corazón,gato sorridente com olhos de coração
☺️,smiling face,cara sonriente,rosto sorridente
☺,smiling face,cara sonriente,rosto sorridente
😇,smiling face with halo,cara sonriente con halo,rosto sorridente com halo
😍,smiling face with heart-eyes,cara sonriente con ojos de corazón,rosto sorridente com olhos de coração
🥰,smiling face with hearts,cara sonriente con corazones,rosto sorridente com corações
😈,smiling face with horns,cara sonriente con cuernos,rosto sorridente com chifres
🤗,smiling face with open hands,cara sonriente con manos abiertas,rosto sorridente com mãos abertas
😊,smiling face with smiling eyes,cara sonriente con ojos sonrientes,rosto sorridente com olhos sorridentes
😎,smiling face with sunglasses,cara sonriente con gafas de sol,rosto sorridente com óculos de sol
🥲,smiling face with tear,cara sonriente con lágrima,rosto sorridente com lágrima
😏,smirking face,cara sonriente,rosto sorridente
🐌,snail,caracol,lesma
🐍,snake,serpiente,cobra
🤧,sneezing face,rostro de estornudos,rosto espirrando
🏔️,snow-capped mountain,montaña nevada,montanha coberta de neve
🏔,snow-capped mountain,montaña nevada,montanha coberta de neve
🏂,snowboarder,snowboarder,Snowboarder
🏂🏿,snowboarder dark skin tone,tono de piel oscura de snowboarder,Snowboarder Tom de pele escura
🏂🏻,snowboarder light skin tone,tono de piel clara de snowboarder,Tom de pele leve de snowboarder
🏂🏾,snowboarder medium-dark skin tone,tono de piel de Snowboarder Medium-Dark,Snowboarder Tom de pele média-escuro
🏂🏼,snowboarder medium-light skin tone,tono de piel de luz media de snowboarder,Snowboarder Medium Light Skin Tom
🏂🏽,snowboarder medium skin tone,tono de piel mediana de snowboarder,Tom de pele média de snowboarder
❄️,snowflake,copo de nieve,floco de neve
❄,snowflake,copo de nieve,floco de neve
☃️,snowman,muñeco de nieve,boneco de neve
☃,snowman,muñeco de nieve,boneco de neve
⛄,snowman without snow,muñeco de nieve sin nieve,boneco de neve sem neve
🧼,soap,jabón,sabão
⚽,soccer ball,balón de fútbol,Bola de futebol
🧦,socks,medias,meias
🍦,soft ice cream,helado suave,sorvete macio
🥎,softball,sofbol,softball
♠️,spade suit,pala,traje de pá
♠,spade suit,pala,traje de pá
🍝,spaghetti,espaguetis,espaguete
❇️,sparkle,brillar,Sparkle
❇,sparkle,brillar,Sparkle
🎇,sparkler,bengala,Sparkler
✨,sparkles,chispas,brilhos
💖,sparkling heart,corazón brillante,coração brilhante
🙊,speak-no-evil monkey,Habla-No-Evil Monkey,Speak-no-Evil Monkey
🔊,speaker high volume,altavoz alto volumen,alto volume do alto -falante
🔈,speaker low volume,altavoz bajo volumen,alto volume do alto -falante
🔉,speaker medium volume,Volumen medio del altavoz,Volume médio do alto -falante
🗣️,speaking head,cabeza hablante,falando cabeça
🗣,speaking head,cabeza hablante,falando cabeça
💬,speech balloon,globo de voz,balão de fala
🚤,speedboat,lancha rápida,lancha
🕷️,spider,araña,aranha
🕷,spider,araña,aranha
🕸️,spider web,Spider Web,Spider Web
🕸,spider web,Spider Web,Spider Web
🗓️,spiral calendar,calendario espiral,Calendário em espiral
🗓,spiral calendar,calendario espiral,Calendário em espiral
🗒️,spiral notepad,bloc de notas en espiral,Noto em espiral
🗒,spiral notepad,bloc de notas en espiral,Noto em espiral
🐚,spiral shell,cáscara espiral,concha em espiral
🫟,splatter,salpicar,respingo
🧽,sponge,esponja,esponja
🥄,spoon,cuchara,colher
🚙,sport utility vehicle,vehículo utilitario deportivo,Veículo utilitário esportivo
🏅,sports medal,medalla deportiva,Medalha esportiva
🐳,spouting whale,brote de ballena,cuspindo baleia
🦑,squid,calamar,lula
😝,squinting face with tongue,cara de entrecruzamiento con lengua,rosto apertado com a língua
🏟️,stadium,estadio,estádio
🏟,stadium,estadio,estádio
⭐,star,estrella,estrela
🤩,star-struck,estrella,Terado estrela
☪️,star and crescent,estrella y media luna,estrela e crescente
☪,star and crescent,estrella y media luna,estrela e crescente
✡️,star of David,Estrella de David,estrela de David
✡,star of David,Estrella de David,estrela de David
🚉,station,estación,estação
🍜,steaming bowl,tazón al vapor,tigela fumegante
🩺,stethoscope,estetoscopio,estetoscópio
⏹️,stop button,botón de parada,Botão de parada
⏹,stop button,botón de parada,Botão de parada
🛑,stop sign,letrero,Placa de parada
⏱️,stopwatch,cronógrafo,cronômetro
⏱,stopwatch,cronógrafo,cronômetro
📏,straight ruler,regla recta,governante reto
🍓,strawberry,fresa,morango
🧑‍🎓,student,alumno,estudante
🧑🏿‍🎓,student dark skin tone,Tono de piel oscura del estudiante,Tom de pele escura do aluno
🧑🏻‍🎓,student light skin tone,tono de piel clara del estudiante,Tom da pele leve do aluno
🧑🏾‍🎓,student medium-dark skin tone,tono de piel de servicio mediano de estudiante,Tom de pele do aluno médio-escuro
🧑🏼‍🎓,student medium-light skin tone,Tono de piel de luz media estudiante,Tom de pele de luz média do aluno
🧑🏽‍🎓,student medium skin tone,tono de piel mediana del estudiante,Tom de pele média do aluno
🎙️,studio microphone,micrófono de estudio,Microfone de estúdio
🎙,studio microphone,micrófono de estudio,Microfone de estúdio
🥙,stuffed flatbread,pan plano relleno,pão achatado de pelúcia
☀️,sun,sol,sol
☀,sun,sol,sol
⛅,sun behind cloud,Sol detrás de la nube,sol atrás da nuvem
🌥️,sun behind large cloud,Sol detrás de la gran nube,Sol atrás da nuvem grande
🌥,sun behind large cloud,Sol detrás de la gran nube,Sol atrás da nuvem grande
🌦️,sun behind rain cloud,Sol detrás de la nube de lluvia,sol atrás da chuva nuvem
🌦,sun behind rain cloud,Sol detrás de la nube de lluvia,sol atrás da chuva nuvem
🌤️,sun behind small cloud,Sol detrás de una pequeña nube,Sol atrás da nuvem pequena
🌤,sun behind small cloud,Sol detrás de una pequeña nube,Sol atrás da nuvem pequena
🌞,sun with face,Sol con la cara,sol com rosto
🌻,sunflower,girasol,girassol
🕶️,sunglasses,gafas de sol,óculos de sol
🕶,sunglasses,gafas de sol,óculos de sol
🌅,sunrise,amanecer,nascer do sol
🌄,sunrise over mountains,amanecer sobre montañas,Sunrise sobre montanhas
🌇,sunset,atardecer,pôr do sol
🦸,superhero,superhéroe,super -herói
🦸🏿,superhero dark skin tone,Tono de piel oscura de superhéroes,Tom de pele escura de super -herói
🦸🏻,superhero light skin tone,tono de piel clara de superhéroes,tom de pele leve de super -herói
🦸🏾,superhero medium-dark skin tone,tono de piel de superhéroes medianos-oscuridad,Tom de pele de super-herói médio-escuro
🦸🏼,superhero medium-light skin tone,Tono de piel de luz media superhéroe,Tom de pele de luz de super-herói
🦸🏽,superhero medium skin tone,tono de piel mediana superhéroe,Tom de pele média de super -herói
🦹,supervillain,supervillano,supervilão
🦹🏿,supervillain dark skin tone,supervillano tono de piel oscura,Tom da pele escura do supervilão
🦹🏻,supervillain light skin tone,tono de piel clara de supervillano,Tom da pele leve do supervilão
🦹🏾,supervillain medium-dark skin tone,tono de piel de supervillano medio-oscuridad,Tom de pele de supervilão médio escuro
🦹🏼,supervillain medium-light skin tone,tono de piel de luz de luz de supervillano,Tom de pele de luz média de supervilão
🦹🏽,supervillain medium skin tone,tono de piel mediana supervillano,Tom de pele média do supervilão
🍣,sushi,sushi,sushi
🚟,suspension railway,ferrocarril suspensivo,Ferrovia de suspensão
🦢,swan,cisne,cisne
💦,sweat droplets,gotas de sudor,gotículas de suor
🕍,synagogue,sinagoga,sinagoga
💉,syringe,jeringuilla,seringa
👕,t-shirt,camiseta,camiseta
🌮,taco,taco,Taco
🥡,takeout box,caja para llevar,caixa de viagem
🫔,tamale,tamale,Tamale
🎋,tanabata tree,árbol de Tanabata,árvore de tanabata
🍊,tangerine,Mandarina,tangerina
🚕,taxi,Taxi,Táxi
🧑‍🏫,teacher,maestro,professor
🧑🏿‍🏫,teacher dark skin tone,Tono de piel oscura del maestro,Professor Tom de pele escura
🧑🏻‍🏫,teacher light skin tone,Tono de piel clara del maestro,Tom de pele leve do professor
🧑🏾‍🏫,teacher medium-dark skin tone,Tono de piel de Ofrese Medium Dark Dark,Tom de pele de médio escuro professor
🧑🏼‍🏫,teacher medium-light skin tone,maestro tono de piel de luz media,Tom de pele de luz média do professor
🧑🏽‍🏫,teacher medium skin tone,Tono de piel mediana del profesor,Tom de pele média do professor
🍵,teacup without handle,taza de té sin mango,xícara de chá sem alça
🫖,teapot,tetera,BEAPOT
📆,tear-off calendar,calendario de separación,Calendário de rasgo
🧑‍💻,technologist,tecnólogo,tecnólogo
🧑🏿‍💻,technologist dark skin tone,tono de piel oscura del tecnólogo,Tecnólogo Tom da pele escura
🧑🏻‍💻,technologist light skin tone,Tono de piel clara del tecnólogo,Tom de pele leve tecnólogo
🧑🏾‍💻,technologist medium-dark skin tone,tecnólogo tono de piel mediano-oscuridad,Tecnólogo de pele de pele média-escura
🧑🏼‍💻,technologist medium-light skin tone,tecnólogo tono de piel de luz media,Tecnólogo Tom de pele de luz média
🧑🏽‍💻,technologist medium skin tone,tono de piel mediana tecnóloga,Tecnólogo Tom de pele média
🧸,teddy bear,oso de peluche,urso de pelúcia
☎️,telephone,teléfono,telefone
☎,telephone,teléfono,telefone
📞,telephone receiver,receptor telefónico,receptor de telefone
🔭,telescope,telescopio,telescópio
📺,television,televisión,televisão
🕥,ten-thirty,diez treinta,dez e meia
🕙,ten o’clock,Diez en punto,dez horas
🎾,tennis,tenis,tênis
⛺,tent,carpa,barraca
🧪,test tube,probeta,tubo de ensaio
🌡️,thermometer,termómetro,termômetro
🌡,thermometer,termómetro,termômetro
🤔,thinking face,cara pensante,pensando rosto
🩴,thong sandal,sandalia,Sandália da tanga
💭,thought balloon,pensamiento globo,Balão de pensamento
🧵,thread,hilo,fio
🕞,three-thirty,tres y tres,três e meia
🕒,three o’clock,Tres en punto,três horas
👎,thumbs down,pulgar hacia abajo,polegar para baixo
👎🏿,thumbs down dark skin tone,pulgares por tono de piel oscura,polegar para baixo do tom de pele escura
👎🏻,thumbs down light skin tone,Tono de piel clara de pulgares hacia abajo,Tom de pele leve para baixo
👎🏾,thumbs down medium-dark skin tone,Tono de piel medio-oscuridad de los pulgares por medio,polegares para baixo do tom de pele média-escuro
👎🏼,thumbs down medium-light skin tone,Tono de piel de luz mediana en los pulgares,polegares para baixo do tom de pele de luz média
👎🏽,thumbs down medium skin tone,Tono de piel mediano pulgares,Tom de pele média para baixo
👍,thumbs up,Pulgares hacia arriba,afirmativo
👍🏿,thumbs up dark skin tone,Pulgares Up Dark Skin Tono,polegar para cima do tom de pele escura
👍🏻,thumbs up light skin tone,Tono de piel claro pulgares arriba,Tom de pele leve para cima
👍🏾,thumbs up medium-dark skin tone,Tono de piel de oscuridad mediana y mediana,polegar para cima do tom de pele média-escuro
👍🏼,thumbs up medium-light skin tone,Tono de piel de luz mediana pulgar,polegar para cima do tom de pele de luz média
👍🏽,thumbs up medium skin tone,Tono de piel mediano pulgares,Tom de pele média para cima
🎫,ticket,boleto,bilhete
🐅,tiger,tigre,tigre
🐯,tiger face,cara de tigre,rosto de tigre
⏲️,timer clock,reloj de tiempo,Relógio do timer
⏲,timer clock,reloj de tiempo,Relógio do timer
😫,tired face,cara cansada,rosto cansado
🚽,toilet,baño,banheiro
🍅,tomato,tomate,tomate
👅,tongue,lengua,língua
🧰,toolbox,caja de instrumento,caixa de ferramentas
🦷,tooth,diente,dente
🪥,toothbrush,cepillo de dientes,escova de dentes
🎩,top hat,sombrero de copa,cartola
🌪️,tornado,tornado,tornado
🌪,tornado,tornado,tornado
🖲️,trackball,bola de seguimiento,Trackball
🖲,trackball,bola de seguimiento,Trackball
🚜,tractor,tractor,trator
™️,trade mark,marca,marca comercial
™,trade mark,marca,marca comercial
🚆,train,tren,trem
🚊,tram,tranvía,eléctrico
🚋,tram car,coche de tranvía,Carro de bonde
🏳️‍⚧️,transgender flag,bandera transgénero,bandeira transgênero
🏳‍⚧️,transgender flag,bandera transgénero,bandeira transgênero
🏳️‍⚧,transgender flag,bandera transgénero,bandeira transgênero
🏳‍⚧,transgender flag,bandera transgénero,bandeira transgênero
⚧️,transgender symbol,símbolo transgénero,Símbolo transgênero
⚧,transgender symbol,símbolo transgénero,Símbolo transgênero
🚩,triangular flag,bandera triangular,Bandeira triangular
📐,triangular ruler,regla triangular,governante triangular
🔱,trident emblem,emblema de tridente,emblema tridente
🧌,troll,gnomo,Troll
🚎,trolleybus,trolebús,Trolleybus
🏆,trophy,trofeo,troféu
🍹,tropical drink,bebida tropical,bebida tropical
🐠,tropical fish,pez tropical,peixe tropical
🎺,trumpet,trompeta,trombeta
🌷,tulip,tulipán,tulipa
🥃,tumbler glass,vaso de vidrio,vidro do copo
🦃,turkey,pavo,peru
🐢,turtle,tortuga,tartaruga
🕧,twelve-thirty,las doce y media,doze e meia
🕛,twelve o’clock,Doce en punto,Doze horas
🐫,two-hump camel,camello de dos huertas,Camelo de dois hump
🕝,two-thirty,dos y media,duas e meia
💕,two hearts,dos corazones,dois corações
🕑,two o’clock,dos en punto,duas horas
☂️,umbrella,paraguas,guarda-chuva
☂,umbrella,paraguas,guarda-chuva
⛱️,umbrella on ground,paraguas en el suelo,guarda -chuva no chão
⛱,umbrella on ground,paraguas en el suelo,guarda -chuva no chão
☔,umbrella with rain drops,paraguas con gotas de lluvia,guarda -chuva com gotas de chuva
😒,unamused face,cara no amamantada,rosto não causado
🦄,unicorn,unicornio,unicórnio
🔓,unlocked,desbloqueado,desbloqueado
↕️,up-down arrow,flecha hacia abajo,Arrow para cima
↕,up-down arrow,flecha hacia abajo,Arrow para cima
↖️,up-left arrow,flecha ascendente,Arrow de cima para esquerda
↖,up-left arrow,flecha ascendente,Arrow de cima para esquerda
↗️,up-right arrow,flecha de la derecha,Arrow para cima
↗,up-right arrow,flecha de la derecha,Arrow para cima
⬆️,up arrow,Arrow Arrow,seta para cima
⬆,up arrow,Arrow Arrow,seta para cima
🙃,upside-down face,cara al revés,rosto de cabeça para baixo
🔼,upwards button,botón hacia arriba,botão para cima
🧛,vampire,vampiro,vampiro
🧛🏿,vampire dark skin tone,tono de piel oscura de vampiro,tom de pele escura de vampiro
🧛🏻,vampire light skin tone,tono de piel clara de vampiro,tom de pele leve de vampiro
🧛🏾,vampire medium-dark skin tone,tono de piel de vampiros medianos-oscuridad,tom de pele de vampiro médio escuro
🧛🏼,vampire medium-light skin tone,tono de piel de luz media vampiro,tom de pele de luz média vampira
🧛🏽,vampire medium skin tone,tono de piel mediana vampiro,tom de pele média vampiro
🚦,vertical traffic light,semáforo vertical,semáforo vertical
📳,vibration mode,modo de vibración,modo de vibração
✌️,victory hand,mano de victoria,mão de vitória
✌,victory hand,mano de victoria,mão de vitória
✌🏿,victory hand dark skin tone,Victory Hand Dark Skin Tono,Victory Hand Tom de pele escura
✌🏻,victory hand light skin tone,tono de piel de luz de mano de victoria,Victory Hand Light Skin Tom
✌🏾,victory hand medium-dark skin tone,Victory Hand Medium Dark Skin Tono,Victory Hand Medi-Dark Skin Tom
✌🏼,victory hand medium-light skin tone,Victory Hand Tono de piel de luz media,Victory Hand Light Skin Tom
✌🏽,victory hand medium skin tone,tono de piel mediana de la mano de victoria,Victory Hand Medium Skin Tom
📹,video camera,cámara de video,Câmera de vídeo
🎮,video game,videojuego,videogame
📼,videocassette,videocasete,Videocassete
🎻,violin,violín,violino
🌋,volcano,volcán,vulcão
🏐,volleyball,voleibol,voleibol
🖖,vulcan salute,saludo vulcano,Saudação de Vulcan
🖖🏿,vulcan salute dark skin tone,Vulcan Salute Tono de piel oscura,Vulcan Salute Tom de pele escura
🖖🏻,vulcan salute light skin tone,tono de piel clara de saludo vulcano,Vulcan Salute Light Skin Tom
🖖🏾,vulcan salute medium-dark skin tone,Vulcan Salute Tono de piel medio-oscuridad,Vulcan Salute Tom de pele média-escuro
🖖🏼,vulcan salute medium-light skin tone,Vulcan Salute Tono de piel de luz media,Vulcan Salute Tom de pele de luz média
🖖🏽,vulcan salute medium skin tone,tono de piel mediana de saludo vulcano,Vulcan Salute Tom de pele média
🧇,waffle,gofre,waffle
🌘,waning crescent moon,Luna creciente menguante,Lua crescente minguante
🌖,waning gibbous moon,Luna gibosa menguante,Lua Gibbous Waning
⚠️,warning,advertencia,aviso
⚠,warning,advertencia,aviso
🗑️,wastebasket,ratón,Wastebasket
🗑,wastebasket,ratón,Wastebasket
⌚,watch,mirar,assistir
🐃,water buffalo,búfalo de agua,Búfalo de água
🚾,water closet,armario de agua,Armário de água
🔫,water pistol,pistola de agua,pistola de água
🌊,water wave,onda acuática,onda de água
🍉,watermelon,sandía,melancia
👋,waving hand,mano ondulante,mão acenando
👋🏿,waving hand dark skin tone,Tono de piel oscura de Waving Hand Hand Dark,Tom da pele escura da mão acenando
👋🏻,waving hand light skin tone,ondeando tono de piel clara de mano,Tom de pele leve para a mão
👋🏾,waving hand medium-dark skin tone,Tono de piel mediano y mediocre de la mano ondeando,Tom de pele médio-escuro da mão acenando
👋🏼,waving hand medium-light skin tone,Tono de piel de luz media ondeada de mano,Tom de pele com luz média da mão acenando
👋🏽,waving hand medium skin tone,Tono de piel mediana de la mano ondeando la mano,Tom de pele média da mão da mão
〰️,wavy dash,tablero ondulado,Dash WAVY
〰,wavy dash,tablero ondulado,Dash WAVY
🌒,waxing crescent moon,luna creciente de depilación con,Lua crescente de depilação
🌔,waxing gibbous moon,luna gibosa de depilación con,Lua Gibbous de Ferência
🙀,weary cat,gato cansado,gato cansado
😩,weary face,cara cansada,rosto cansado
💒,wedding,boda,casamento
🐋,whale,ballena,baleia
🛞,wheel,rueda,roda
☸️,wheel of dharma,rueda del dharma,Roda do Dharma
☸,wheel of dharma,rueda del dharma,Roda do Dharma
♿,wheelchair symbol,símbolo de silla de ruedas,Símbolo de cadeira de rodas
🦯,white cane,bastón blanco,bengala branca
⚪,white circle,círculo blanco,Círculo branco
❕,white exclamation mark,marca de exclamación blanca,Marco de Exclamação Branca
🏳️,white flag,bandera blanca,Bandeira branca
🏳,white flag,bandera blanca,Bandeira branca
💮,white flower,flor blanca,flor branca
🦳,white hair,pelo blanco,Cabelo branco
🤍,white heart,corazón blanco,coração branco
⬜,white large square,cuadrado grande blanco,quadrado grande branco
◽,white medium-small square,cuadrado medio-pequeño blanco,quadrado branco médio branco
◻️,white medium square,cuadrado medio blanco,quadrado médio branco
◻,white medium square,cuadrado medio blanco,quadrado médio branco
❔,white question mark,signo de interrogación blanca,ponto de interrogação branco
▫️,white small square,cuadrado pequeño blanco,Quadrado pequeno branco
▫,white small square,cuadrado pequeño blanco,Quadrado pequeno branco
🔳,white square button,botón cuadrado blanco,Botão quadrado branco
🥀,wilted flower,flor marchita,Flor murcha
🎐,wind chime,campanilla de viento,Carco de vento
🌬️,wind face,cara de viento,Face do vento
🌬,wind face,cara de viento,Face do vento
🪟,window,ventana,janela
🍷,wine glass,copa de vino,copo de vinho
🪽,wing,ala,asa
😉,winking face,cara de guión,rosto piscando
😜,winking face with tongue,Cara de ojo con lengua,rosto piscando com a língua
🛜,wireless,inalámbrico,sem fio
🐺,wolf,lobo,lobo
👩,woman,mujer,mulher
👫,woman and man holding hands,Mujer y hombre tomados de la mano,mulher e homem de mãos dadas
👫🏿,woman and man holding hands dark skin tone,Mujer y hombre tomando las manos tono de piel oscura,Mulher e homem de mãos dadas para o tom escuro da pele
👩🏿‍🤝‍👨🏻,woman and man holding hands dark skin tone light skin tone,mujer y hombre tomando manos tono de piel de piel oscura tono de piel claro,Mulher e homem de mãos dadas para o tom da pele escura
👩🏿‍🤝‍👨🏾,woman and man holding hands dark skin tone medium-dark skin tone,mujer y hombre tomando manos tono de piel de piel oscura de piel mediana,Mulher e homem de mãos dadas para o tom escuro da pele escura
👩🏿‍🤝‍👨🏼,woman and man holding hands dark skin tone medium-light skin tone,mujer y hombre tomando manos tono de piel de piel oscura tono de piel mediana,Mulher e homem de mãos dadas para o tom de pele escura de pele escura
👩🏿‍🤝‍👨🏽,woman and man holding hands dark skin tone medium skin tone,mujer y hombre tomando manos tono de piel de piel oscura tono de piel mediana,Mulher e homem de mãos dadas para o tom da pele escura
👫🏻,woman and man holding hands light skin tone,mujer y hombre tomando manos tono de piel claro,Mulher e homem de mãos dadas para o tom da pele clara
👩🏻‍🤝‍👨🏿,woman and man holding hands light skin tone dark skin tone,mujer y hombre tomando manos tono de piel claro tono de piel oscura,Mulher e homem segurando as mãos do tom da pele clara do tom escuro
👩🏻‍🤝‍👨🏾,woman and man holding hands light skin tone medium-dark skin tone,mujer y hombre tomando manos tono de piel de piel claro tono de piel medio-oscuridad,Mulher e homem segurando as mãos do tom de pele clara do tom médio-escuro
👩🏻‍🤝‍👨🏼,woman and man holding hands light skin tone medium-light skin tone,mujer y hombre tomando manos tono de piel claro tono de piel de luz media,Mulher e homem segurando as mãos do tom de pele leve leve
👩🏻‍🤝‍👨🏽,woman and man holding hands light skin tone medium skin tone,mujer y hombre tomando manos tono de piel de piel claro tono de piel mediana,Mulher e homem segurando as mãos do tom de pele clara do tom médio
👫🏾,woman and man holding hands medium-dark skin tone,Mujer y hombre tomados de las manos tono de piel medio-oscuridad,Mulher e homem de mãos dadas para o tom de pele média-escuro
👩🏾‍🤝‍👨🏿,woman and man holding hands medium-dark skin tone dark skin tone,mujer y hombre tomando manos tono de piel oscuro de piel medio-oscuridad,Mulher e homem de mãos dadas para o tom da pele do escuro médio tom de pele escura
👩🏾‍🤝‍👨🏻,woman and man holding hands medium-dark skin tone light skin tone,mujer y hombre tomando manos tono de piel de piel medio-oscuro tono de piel claro,Mulher e homem de mãos dadas para o tom de pele de pele média-escura
👩🏾‍🤝‍👨🏼,woman and man holding hands medium-dark skin tone medium-light skin tone,Mujer y hombre tomando manos tono de piel de piel mediana y oscura tono de piel mediana,Mulher e homem de mãos dadas para o tom médio do tom de pele média
👩🏾‍🤝‍👨🏽,woman and man holding hands medium-dark skin tone medium skin tone,mujer y hombre tomando manos tono de piel de piel medio-oscuridad tono de piel mediana,Mulher e homem de mãos dadas para o tom médio do tom médio do tom de pele
👫🏼,woman and man holding hands medium-light skin tone,mujer y hombre tomando manos tono de piel de luz media,Mulher e homem de mãos dadas a luz de luz média
👩🏼‍🤝‍👨🏿,woman and man holding hands medium-light skin tone dark skin tone,mujer y hombre tomando manos tono de piel de luz mediana tono de piel oscura,Mulher e homem de mãos dadas para o tom da pele da luz média
👩🏼‍🤝‍👨🏻,woman and man holding hands medium-light skin tone light skin tone,Mujer y hombre tomando manos tono de piel de piel de luz media tono de piel claro,Mulher e homem de mãos dadas para o tom da pele da luz média
👩🏼‍🤝‍👨🏾,woman and man holding hands medium-light skin tone medium-dark skin tone,Mujer y hombre tomando manos tono de piel de piel mediana de luz mediana,Mulher e homem de mãos dadas para o tom da pele de luz média
👩🏼‍🤝‍👨🏽,woman and man holding hands medium-light skin tone medium skin tone,mujer y hombre tomando manos tono de piel de piel mediana tono de piel mediana,Mulher e homem de mãos dadas para o tom da pele de luz média
👫🏽,woman and man holding hands medium skin tone,mujer y hombre tomando manos tono de piel mediana,Mulher e homem de mãos dadas para o tom médio da pele
👩🏽‍🤝‍👨🏿,woman and man holding hands medium skin tone dark skin tone,mujer y hombre tomando manos tono de piel mediana tono de piel oscura,Mulher e homem de mãos dadas para o tom da pele média tom de pele escura
👩🏽‍🤝‍👨🏻,woman and man holding hands medium skin tone light skin tone,mujer y hombre tomando manos tono de piel mediana tono de piel claro,Mulher e homem de mãos dadas para o tom médio da pele
👩🏽‍🤝‍👨🏾,woman and man holding hands medium skin tone medium-dark skin tone,mujer y hombre tomando manos tono de piel de piel mediana tono de piel medio oscuro,Mulher e homem de mãos dadas para o tom médio da pele do tom médio-escuro
👩🏽‍🤝‍👨🏼,woman and man holding hands medium skin tone medium-light skin tone,mujer y hombre tomando manos tono de piel mediana tono de piel de luz media,Mulher e homem de mãos dadas para o tom médio do tom de pele média
👩‍🎨,woman artist,artista,Mulher Artista
👩🏿‍🎨,woman artist dark skin tone,Mujer artista tono de piel oscura,Mulher Artista Dark Skin Tom
👩🏻‍🎨,woman artist light skin tone,Mujer artista de piel clara tono,tom de pele de artista mulher leve
👩🏾‍🎨,woman artist medium-dark skin tone,Mujer artista mediano-oscuridad de piel de piel,Mulher Artista Tom de Pele Médio Dark
👩🏼‍🎨,woman artist medium-light skin tone,Mujer artista tono de piel de luz media,Tom de pele de luz de luz média da mulher
👩🏽‍🎨,woman artist medium skin tone,Mujer artista tono de piel mediana,Tom de pele média do artista mulher
👩‍🚀,woman astronaut,Mujer astronauta,astronauta da mulher
👩🏿‍🚀,woman astronaut dark skin tone,Mujer astronauta tono de piel oscura,Mulher astronauta Tom de pele escura
👩🏻‍🚀,woman astronaut light skin tone,Mujer astronauta tono de piel clara,Mulher astronauta Tom de pele clara
👩🏾‍🚀,woman astronaut medium-dark skin tone,Mujer astronauta tono de piel medio-oscuridad,Mulher astronauta Tom de pele média-escuro
👩🏼‍🚀,woman astronaut medium-light skin tone,Mujer astronauta tono de piel de luz media,Mulher astronauta Tom de pele de luz média
👩🏽‍🚀,woman astronaut medium skin tone,Mujer astronauta tono de piel mediana,Mulher astronauta Tom de pele média
👩‍🦲,woman bald,Mujer calva,mulher careca
🧔‍♀️,woman beard,Mujer barba,Mulher barba
🧔‍♀,woman beard,Mujer barba,Mulher barba
🚴‍♀️,woman biking,mujer en bicicleta,Mulher andando de bicicleta
🚴‍♀,woman biking,mujer en bicicleta,Mulher andando de bicicleta
🚴🏿‍♀️,woman biking dark skin tone,Mujer bicicleta tono de piel oscura,Mulher andando de bicicleta de pele escura
🚴🏿‍♀,woman biking dark skin tone,Mujer bicicleta tono de piel oscura,Mulher andando de bicicleta de pele escura
🚴🏻‍♀️,woman biking light skin tone,Tono de piel clara en bicicleta de mujer,Tom de pele de bicicleta de bicicleta mulher
🚴🏻‍♀,woman biking light skin tone,Tono de piel clara en bicicleta de mujer,Tom de pele de bicicleta de bicicleta mulher
🚴🏾‍♀️,woman biking medium-dark skin tone,tono de piel de la mujer en bicicleta de la oscuridad,Tom de pele de bicicleta de bicicleta de mulher
🚴🏾‍♀,woman biking medium-dark skin tone,tono de piel de la mujer en bicicleta de la oscuridad,Tom de pele de bicicleta de bicicleta de mulher
🚴🏼‍♀️,woman biking medium-light skin tone,Mujer ciclismo tono de piel de luz media,Tom de pele de bicicleta de bicicleta feminina
🚴🏼‍♀,woman biking medium-light skin tone,Mujer ciclismo tono de piel de luz media,Tom de pele de bicicleta de bicicleta feminina
🚴🏽‍♀️,woman biking medium skin tone,Tono de piel mediana en bicicleta de mujer,Tom de pele de bicicleta mulher de bicicleta
🚴🏽‍♀,woman biking medium skin tone,Tono de piel mediana en bicicleta de mujer,Tom de pele de bicicleta mulher de bicicleta
👱‍♀️,woman blond hair,Mujer cabello rubio,Cabelo loiro da mulher
👱‍♀,woman blond hair,Mujer cabello rubio,Cabelo loiro da mulher
⛹️‍♀️,woman bouncing ball,Mujer rebotando,Mulher bola bola
⛹‍♀️,woman bouncing ball,Mujer rebotando,Mulher bola bola
⛹️‍♀,woman bouncing ball,Mujer rebotando,Mulher bola bola
⛹‍♀,woman bouncing ball,Mujer rebotando,Mulher bola bola
⛹🏿‍♀️,woman bouncing ball dark skin tone,mujer rebotando bola tono de piel oscura,Mulher bola saltitante Tom de pele escura
⛹🏿‍♀,woman bouncing ball dark skin tone,mujer rebotando bola tono de piel oscura,Mulher bola saltitante Tom de pele escura
⛹🏻‍♀️,woman bouncing ball light skin tone,Mujer que rebota en la pelota de la luz del tono de piel,Mulher saltando o tom da pele leve da bola
⛹🏻‍♀,woman bouncing ball light skin tone,Mujer que rebota en la pelota de la luz del tono de piel,Mulher saltando o tom da pele leve da bola
⛹🏾‍♀️,woman bouncing ball medium-dark skin tone,Mujer que rebota en la pelota de la piel mediana-oscuridad,Mulher bola bola de tom médio escuro
⛹🏾‍♀,woman bouncing ball medium-dark skin tone,Mujer que rebota en la pelota de la piel mediana-oscuridad,Mulher bola bola de tom médio escuro
⛹🏼‍♀️,woman bouncing ball medium-light skin tone,Mujer rebotando bola tono de piel de luz media,Mulher bola bola de bola de luz de luz média
⛹🏼‍♀,woman bouncing ball medium-light skin tone,Mujer rebotando bola tono de piel de luz media,Mulher bola bola de bola de luz de luz média
⛹🏽‍♀️,woman bouncing ball medium skin tone,Mujer que rebota en la pelota tono de piel mediana,Mulher bola bola de tom média de pele
⛹🏽‍♀,woman bouncing ball medium skin tone,Mujer que rebota en la pelota tono de piel mediana,Mulher bola bola de tom média de pele
🙇‍♀️,woman bowing,Mujer inclinando,mulher se curvando
🙇‍♀,woman bowing,Mujer inclinando,mulher se curvando
🙇🏿‍♀️,woman bowing dark skin tone,Mujer inclinando tono de piel oscura,Mulher curvando o tom escuro da pele
🙇🏿‍♀,woman bowing dark skin tone,Mujer inclinando tono de piel oscura,Mulher curvando o tom escuro da pele
🙇🏻‍♀️,woman bowing light skin tone,Mujer Bowing Light Skin Tone,Mulher curvando o tom de pele leve
🙇🏻‍♀,woman bowing light skin tone,Mujer Bowing Light Skin Tone,Mulher curvando o tom de pele leve
🙇🏾‍♀️,woman bowing medium-dark skin tone,Mujer inclinando el tono de piel medio-oscuridad,Mulher curvando o tom de pele média-escuro
🙇🏾‍♀,woman bowing medium-dark skin tone,Mujer inclinando el tono de piel medio-oscuridad,Mulher curvando o tom de pele média-escuro
🙇🏼‍♀️,woman bowing medium-light skin tone,Mujer inclinando tono de piel de luz media,Mulher curvando o tom de pele de luz média
🙇🏼‍♀,woman bowing medium-light skin tone,Mujer inclinando tono de piel de luz media,Mulher curvando o tom de pele de luz média
🙇🏽‍♀️,woman bowing medium skin tone,Mujer inclinando el tono de piel mediana,Mulher curvando o tom de pele média
🙇🏽‍♀,woman bowing medium skin tone,Mujer inclinando el tono de piel mediana,Mulher curvando o tom de pele média
🤸‍♀️,woman cartwheeling,Mujer Cartwheeling,Mulher Cartwheeling
🤸‍♀,woman cartwheeling,Mujer Cartwheeling,Mulher Cartwheeling
🤸🏿‍♀️,woman cartwheeling dark skin tone,Mujer Cartwheeling Tono de piel oscura,Tom de pele escura para mulher
🤸🏿‍♀,woman cartwheeling dark skin tone,Mujer Cartwheeling Tono de piel oscura,Tom de pele escura para mulher
🤸🏻‍♀️,woman cartwheeling light skin tone,Mujer Cartwheeling Light Skin Tono,Tom de pele leve da mulher de carrinho
🤸🏻‍♀,woman cartwheeling light skin tone,Mujer Cartwheeling Light Skin Tono,Tom de pele leve da mulher de carrinho
🤸🏾‍♀️,woman cartwheeling medium-dark skin tone,Mujer Cartwheeling Medium-Dark Skin Tono,Tom de pele média-escuro para mulher
🤸🏾‍♀,woman cartwheeling medium-dark skin tone,Mujer Cartwheeling Medium-Dark Skin Tono,Tom de pele média-escuro para mulher
🤸🏼‍♀️,woman cartwheeling medium-light skin tone,Mujer Cartwheeling Tono de piel de luz media,Mulher-rodada de capa de luz média-luz
🤸🏼‍♀,woman cartwheeling medium-light skin tone,Mujer Cartwheeling Tono de piel de luz media,Mulher-rodada de capa de luz média-luz
🤸🏽‍♀️,woman cartwheeling medium skin tone,Mujer Cartwheeling Tono de piel mediana,Tom de pele média da mulher de carrinho
🤸🏽‍♀,woman cartwheeling medium skin tone,Mujer Cartwheeling Tono de piel mediana,Tom de pele média da mulher de carrinho
🧗‍♀️,woman climbing,Mujer escalando,mulher escalando
🧗‍♀,woman climbing,Mujer escalando,mulher escalando
🧗🏿‍♀️,woman climbing dark skin tone,Mujer tono de piel oscura,Mulher escalando o tom escuro da pele
🧗🏿‍♀,woman climbing dark skin tone,Mujer tono de piel oscura,Mulher escalando o tom escuro da pele
🧗🏻‍♀️,woman climbing light skin tone,Mujer tono de piel clara,Mulher escalando tom de pele clara
🧗🏻‍♀,woman climbing light skin tone,Mujer tono de piel clara,Mulher escalando tom de pele clara
🧗🏾‍♀️,woman climbing medium-dark skin tone,Mujer tono de piel de medio-oscuridad,Mulher escalando o tom de pele média-escuro
🧗🏾‍♀,woman climbing medium-dark skin tone,Mujer tono de piel de medio-oscuridad,Mulher escalando o tom de pele média-escuro
🧗🏼‍♀️,woman climbing medium-light skin tone,Mujer tono de piel de luz media,Mulher escalando tom de pele de luz média
🧗🏼‍♀,woman climbing medium-light skin tone,Mujer tono de piel de luz media,Mulher escalando tom de pele de luz média
🧗🏽‍♀️,woman climbing medium skin tone,Mujer tono de piel mediana trepadora,Mulher escalando tom de pele média
🧗🏽‍♀,woman climbing medium skin tone,Mujer tono de piel mediana trepadora,Mulher escalando tom de pele média
👷‍♀️,woman construction worker,Mujer trabajadora de la construcción,Mulher trabalhadora da construção
👷‍♀,woman construction worker,Mujer trabajadora de la construcción,Mulher trabalhadora da construção
👷🏿‍♀️,woman construction worker dark skin tone,Mujer trabajadora de construcción tono de piel oscura,Mulher trabalhadora do tom da pele escura
👷🏿‍♀,woman construction worker dark skin tone,Mujer trabajadora de construcción tono de piel oscura,Mulher trabalhadora do tom da pele escura
👷🏻‍♀️,woman construction worker light skin tone,Mujer Trabajadora de construcción Tono de piel claro,Mulher trabalhadora da construção leve Tom de pele
👷🏻‍♀,woman construction worker light skin tone,Mujer Trabajadora de construcción Tono de piel claro,Mulher trabalhadora da construção leve Tom de pele
👷🏾‍♀️,woman construction worker medium-dark skin tone,Mujer trabajadora de construcción tono de piel medio-oscuridad,Mulher trabalhadora do tom de pele média-escuro
👷🏾‍♀,woman construction worker medium-dark skin tone,Mujer trabajadora de construcción tono de piel medio-oscuridad,Mulher trabalhadora do tom de pele média-escuro
👷🏼‍♀️,woman construction worker medium-light skin tone,Mujer trabajadora de construcción tono de piel de luz media,Mulher trabalhadora da construção de luz de luz média-luz
👷🏼‍♀,woman construction worker medium-light skin tone,Mujer trabajadora de construcción tono de piel de luz media,Mulher trabalhadora da construção de luz de luz média-luz
👷🏽‍♀️,woman construction worker medium skin tone,Mujer trabajadora de construcción tono de piel mediana,Tom de pele de trabalhador da construção civil
👷🏽‍♀,woman construction worker medium skin tone,Mujer trabajadora de construcción tono de piel mediana,Tom de pele de trabalhador da construção civil
👩‍🍳,woman cook,Mujer cocinera,mulher cozinheira
👩🏿‍🍳,woman cook dark skin tone,Mujer cocinar tono de piel oscura,Mulher cozinhe o tom escuro da pele
👩🏻‍🍳,woman cook light skin tone,Mujer cocinar tono de piel claro,Mulher cozinheira de tom de pele clara
👩🏾‍🍳,woman cook medium-dark skin tone,Mujer Cook Medium Dark Skin Tono,Mulher cozinheira tom de pele média escuro
👩🏼‍🍳,woman cook medium-light skin tone,Mujer cocinar tono de piel de luz media,Mulher cozinhe o tom de pele de luz média
👩🏽‍🍳,woman cook medium skin tone,Mujer cocinar tono de piel mediana,Mulher cozinheira tom de pele média
👩‍🦱,woman curly hair,Mujer cabello rizado,Cabelo encaracolado da mulher
💃,woman dancing,Mujer bailando,mulher dançando
💃🏿,woman dancing dark skin tone,Mujer bailando tono de piel oscura,Mulher dançando tom de pele escura
💃🏻,woman dancing light skin tone,Mujer bailando tono de piel clara,Mulher dançando tom de pele clara
💃🏾,woman dancing medium-dark skin tone,Mujer bailando mediano medio-oscuridad Tono de piel,Mulher dançando tom de pele de médio escuro
💃🏼,woman dancing medium-light skin tone,Mujer bailando tono de piel de luz media,Mulher dançando tom de pele de luz média
💃🏽,woman dancing medium skin tone,Mujer bailando tono de piel mediana,Mulher dançando tom de pele média
👩🏿,woman dark skin tone,Mujer tono de piel oscura,Tom da pele escura da mulher
👩🏿‍🦲,woman dark skin tone bald,Mujer tono de piel oscura calva,Mulher Skin Tom de pele escura careca
🧔🏿‍♀️,woman dark skin tone beard,Mujer Barba de tono de piel oscura,Mulher Skin Tone Barba
🧔🏿‍♀,woman dark skin tone beard,Mujer Barba de tono de piel oscura,Mulher Skin Tone Barba
👱🏿‍♀️,woman dark skin tone blond hair,mujer de piel oscura tono rubio cabello,Cabelo loiro da pele escura de mulher
👱🏿‍♀,woman dark skin tone blond hair,mujer de piel oscura tono rubio cabello,Cabelo loiro da pele escura de mulher
👩🏿‍🦱,woman dark skin tone curly hair,Mujer Tono de piel oscura Cabello rizado,Cabelo cacheado da pele escura
👩🏿‍🦰,woman dark skin tone red hair,mujer de piel oscura tono rojo,Mulher Skin Tone Rossa Cabelo Rosel
👩🏿‍🦳,woman dark skin tone white hair,mujer de piel oscura tono blanco,Cabelo branco da pele escura
🕵️‍♀️,woman detective,detective de mujeres,detetive da mulher
🕵‍♀️,woman detective,detective de mujeres,detetive da mulher
🕵️‍♀,woman detective,detective de mujeres,detetive da mulher
🕵‍♀,woman detective,detective de mujeres,detetive da mulher
🕵🏿‍♀️,woman detective dark skin tone,Mujer detective tono de piel oscura,Detetive da mulher Tom de pele escura
🕵🏿‍♀,woman detective dark skin tone,Mujer detective tono de piel oscura,Detetive da mulher Tom de pele escura
🕵🏻‍♀️,woman detective light skin tone,Mujer detective tono de piel clara,Tom da pele leve do detetive da mulher
🕵🏻‍♀,woman detective light skin tone,Mujer detective tono de piel clara,Tom da pele leve do detetive da mulher
🕵🏾‍♀️,woman detective medium-dark skin tone,Mujer detective mediano dark skin tono,Tom de pele de detetive de mulheres médias
🕵🏾‍♀,woman detective medium-dark skin tone,Mujer detective mediano dark skin tono,Tom de pele de detetive de mulheres médias
🕵🏼‍♀️,woman detective medium-light skin tone,Mujer detective tono de piel de luz media,Tom de pele de detetive de detetive mulher
🕵🏼‍♀,woman detective medium-light skin tone,Mujer detective tono de piel de luz media,Tom de pele de detetive de detetive mulher
🕵🏽‍♀️,woman detective medium skin tone,Mujer detective tono de piel mediana,Tom de pele de detetive de mulher
🕵🏽‍♀,woman detective medium skin tone,Mujer detective tono de piel mediana,Tom de pele de detetive de mulher
🧝‍♀️,woman elf,mujer elfo,Mulher Elf
🧝‍♀,woman elf,mujer elfo,Mulher Elf
🧝🏿‍♀️,woman elf dark skin tone,Mujer elfo tono de piel oscura,Tom da pele escura do elfo da mulher
🧝🏿‍♀,woman elf dark skin tone,Mujer elfo tono de piel oscura,Tom da pele escura do elfo da mulher
🧝🏻‍♀️,woman elf light skin tone,Mujer tono de piel de luz elfo,tom de pele clara da mulher elfa
🧝🏻‍♀,woman elf light skin tone,Mujer tono de piel de luz elfo,tom de pele clara da mulher elfa
🧝🏾‍♀️,woman elf medium-dark skin tone,Mujer elfo el tono de piel medio-oscuridad,Tom de pele de elfo-elfo da mulher
🧝🏾‍♀,woman elf medium-dark skin tone,Mujer elfo el tono de piel medio-oscuridad,Tom de pele de elfo-elfo da mulher
🧝🏼‍♀️,woman elf medium-light skin tone,Mujer elfo el tono de piel de luz media,tom de pele de elfo elfo da mulher
🧝🏼‍♀,woman elf medium-light skin tone,Mujer elfo el tono de piel de luz media,tom de pele de elfo elfo da mulher
🧝🏽‍♀️,woman elf medium skin tone,Mujer elfo el tono de piel mediana,Tom de pele média elfa mulher
🧝🏽‍♀,woman elf medium skin tone,Mujer elfo el tono de piel mediana,Tom de pele média elfa mulher
🤦‍♀️,woman facepalming,Mujer Facepalming,Mulher FacePalming
🤦‍♀,woman facepalming,Mujer Facepalming,Mulher FacePalming
🤦🏿‍♀️,woman facepalming dark skin tone,Mujer Facepalming Tono de piel oscura,Mulher Facepalming Skin Tom
🤦🏿‍♀,woman facepalming dark skin tone,Mujer Facepalming Tono de piel oscura,Mulher Facepalming Skin Tom
🤦🏻‍♀️,woman facepalming light skin tone,Mujer Facepalming Light Skin Tono,Mulher Facepalming Skin Tom
🤦🏻‍♀,woman facepalming light skin tone,Mujer Facepalming Light Skin Tono,Mulher Facepalming Skin Tom
🤦🏾‍♀️,woman facepalming medium-dark skin tone,Mujer Facepalicela de piel de color medio-oscuridad,Mulher Facepalming Medium-Dark Skin Tom
🤦🏾‍♀,woman facepalming medium-dark skin tone,Mujer Facepalicela de piel de color medio-oscuridad,Mulher Facepalming Medium-Dark Skin Tom
🤦🏼‍♀️,woman facepalming medium-light skin tone,Mujer Facepalicela de piel de luz media,Mulher Facepalming Mei-Light Skin Tom
🤦🏼‍♀,woman facepalming medium-light skin tone,Mujer Facepalicela de piel de luz media,Mulher Facepalming Mei-Light Skin Tom
🤦🏽‍♀️,woman facepalming medium skin tone,Mujer Facepalicia de piel media de piel,Mulher Facepalming Medium Skin Tom
🤦🏽‍♀,woman facepalming medium skin tone,Mujer Facepalicia de piel media de piel,Mulher Facepalming Medium Skin Tom
👩‍🏭,woman factory worker,Mujer trabajadora de fábrica,trabalhadora da fábrica
👩🏿‍🏭,woman factory worker dark skin tone,Mujer trabajadora de fábrica tono de piel oscura,Tom de pele escura da fábrica de fábrica
👩🏻‍🏭,woman factory worker light skin tone,Mujer trabajador de fábrica tono de piel clara,Tom de pele leve para trabalhador fábrica
👩🏾‍🏭,woman factory worker medium-dark skin tone,Mujer trabajador de fábrica tono de piel medio-oscuridad,Mulher Trabalhador de Fábrica de Tom de Pele Médio Dark
👩🏼‍🏭,woman factory worker medium-light skin tone,Mujer trabajadora de fábrica tono de piel de luz media,tom de fábrica de fábrica tom de pele de luz média
👩🏽‍🏭,woman factory worker medium skin tone,Mujer trabajador de fábrica tono de piel mediana,tom de fábrica de fábrica tom de pele média
🧚‍♀️,woman fairy,mujer hada,Fada da mulher
🧚‍♀,woman fairy,mujer hada,Fada da mulher
🧚🏿‍♀️,woman fairy dark skin tone,Mujer hada de piel oscura tono,Tom da pele escura de fada fada
🧚🏿‍♀,woman fairy dark skin tone,Mujer hada de piel oscura tono,Tom da pele escura de fada fada
🧚🏻‍♀️,woman fairy light skin tone,Mujer Tono de piel clara de hadas,tom de pele de fada fada
🧚🏻‍♀,woman fairy light skin tone,Mujer Tono de piel clara de hadas,tom de pele de fada fada
🧚🏾‍♀️,woman fairy medium-dark skin tone,Mujer hada de la piel mediana-oscuridad,Tom de pele de fada de fada de fada
🧚🏾‍♀,woman fairy medium-dark skin tone,Mujer hada de la piel mediana-oscuridad,Tom de pele de fada de fada de fada
🧚🏼‍♀️,woman fairy medium-light skin tone,Mujer Fairy Tono de piel de luz media,Tom de pele de fada fada fada
🧚🏼‍♀,woman fairy medium-light skin tone,Mujer Fairy Tono de piel de luz media,Tom de pele de fada fada fada
🧚🏽‍♀️,woman fairy medium skin tone,Mujer Fairy Medium Skin Tono,Tom de pele média fada fada
🧚🏽‍♀,woman fairy medium skin tone,Mujer Fairy Medium Skin Tono,Tom de pele média fada fada
👩‍🌾,woman farmer,mujer agricultor,Fazendeiro
👩🏿‍🌾,woman farmer dark skin tone,mujer granja tono de piel oscura,Tom da pele escura do fazendeiro
👩🏻‍🌾,woman farmer light skin tone,Mujer agricultor tono de piel clara,Tom da pele leve do fazendeiro
👩🏾‍🌾,woman farmer medium-dark skin tone,Mujer agricultor medio-dark piel tono,Tom de pele do agricultor de agricultor
👩🏼‍🌾,woman farmer medium-light skin tone,Mujer agricultor tono de piel de luz media,Tom de pele de fábrica de agricultores de agricultor
👩🏽‍🌾,woman farmer medium skin tone,Mujer agricultor tono de piel mediana,Tom de pele média do fazendeiro
👩‍🍼,woman feeding baby,Mujer alimentando bebé,mulher alimentando bebê
👩🏿‍🍼,woman feeding baby dark skin tone,mujer alimentando bebé tono de piel oscura,Mulher alimentando o tom de pele escura do bebê
👩🏻‍🍼,woman feeding baby light skin tone,Mujer alimentando el tono de piel de luz del bebé,Mulher alimentando o tom de pele leve de bebê
👩🏾‍🍼,woman feeding baby medium-dark skin tone,Mujer alimentando bebé tono de piel medio-oscuridad,Mulher alimentando o tom de pele de médio escuro bebê
👩🏼‍🍼,woman feeding baby medium-light skin tone,Mujer alimentando el bebé tono de piel de luz media,Mulher alimentando o tom de pele de luz média do bebê
👩🏽‍🍼,woman feeding baby medium skin tone,Mujer alimentando el bebé tono de piel mediana,Mulher alimentando o tom de pele média bebê
👩‍🚒,woman firefighter,mujer bomba,Mulher Bombeiro
👩🏿‍🚒,woman firefighter dark skin tone,Mujer bombero tono de piel oscura,Mulher bombeiro do bombeiro da pele escura
👩🏻‍🚒,woman firefighter light skin tone,Tono de piel clara de bombero de mujer,Tom da pele leve do bombeiro da mulher
👩🏾‍🚒,woman firefighter medium-dark skin tone,Mujer bombero tono de piel de color medio-dark,Mulher bombeiro do bom tom de pele de escuro médio
👩🏼‍🚒,woman firefighter medium-light skin tone,Mujer bombero tono de piel de luz media,Tom de pele de luz de bombeiro bombeiro da mulher
👩🏽‍🚒,woman firefighter medium skin tone,Mujer Firefighter Medium Skin Tono,Tom de pele média do bombeiro da mulher
🙍‍♀️,woman frowning,Mujer frunciendo el ceño,mulher franzindo a testa
🙍‍♀,woman frowning,Mujer frunciendo el ceño,mulher franzindo a testa
🙍🏿‍♀️,woman frowning dark skin tone,Mujer frunciendo el tono de piel oscura,Mulher franzindo a testa do tom de pele escura
🙍🏿‍♀,woman frowning dark skin tone,Mujer frunciendo el tono de piel oscura,Mulher franzindo a testa do tom de pele escura
🙍🏻‍♀️,woman frowning light skin tone,Mujer frunciendo el tono de piel clara,Mulher franzindo a testa do tom de pele clara
🙍🏻‍♀,woman frowning light skin tone,Mujer frunciendo el tono de piel clara,Mulher franzindo a testa do tom de pele clara
🙍🏾‍♀️,woman frowning medium-dark skin tone,Mujer frunciendo el ceño de piel de la piel medio-oscuridad,Mulher franzindo a testa do tom de pele média-escuro
🙍🏾‍♀,woman frowning medium-dark skin tone,Mujer frunciendo el ceño de piel de la piel medio-oscuridad,Mulher franzindo a testa do tom de pele média-escuro
🙍🏼‍♀️,woman frowning medium-light skin tone,Mujer frunciendo el tono de piel de luz media,Mulher franzindo a testa do tom de pele de luz média
🙍🏼‍♀,woman frowning medium-light skin tone,Mujer frunciendo el tono de piel de luz media,Mulher franzindo a testa do tom de pele de luz média
🙍🏽‍♀️,woman frowning medium skin tone,Mujer frunciendo el tono de piel mediana,Mulher franzindo a testa do tom de pele média
🙍🏽‍♀,woman frowning medium skin tone,Mujer frunciendo el tono de piel mediana,Mulher franzindo a testa do tom de pele média
🧞‍♀️,woman genie,Mujer genio,Mulher Genie
🧞‍♀,woman genie,Mujer genio,Mulher Genie
🙅‍♀️,woman gesturing NO,Mujer señalando no,Mulher gesticulando não
🙅‍♀,woman gesturing NO,Mujer señalando no,Mulher gesticulando não
🙅🏿‍♀️,woman gesturing NO dark skin tone,Mujer gestionando sin tono de piel oscura,Mulher gesticulando sem tom de pele escura
🙅🏿‍♀,woman gesturing NO dark skin tone,Mujer gestionando sin tono de piel oscura,Mulher gesticulando sem tom de pele escura
🙅🏻‍♀️,woman gesturing NO light skin tone,Mujer gestionando sin tono de piel clara,Mulher gesticulando sem tom de pele leve
🙅🏻‍♀,woman gesturing NO light skin tone,Mujer gestionando sin tono de piel clara,Mulher gesticulando sem tom de pele leve
🙅🏾‍♀️,woman gesturing NO medium-dark skin tone,Mujer gestionando sin tono de piel medio-oscuridad,Mulher gesticulando sem tom de pele média escuro
🙅🏾‍♀,woman gesturing NO medium-dark skin tone,Mujer gestionando sin tono de piel medio-oscuridad,Mulher gesticulando sem tom de pele média escuro
🙅🏼‍♀️,woman gesturing NO medium-light skin tone,Mujer gestizando sin tono de piel de luz media,Mulher gesticulando nenhum tom de pele de luz média
🙅🏼‍♀,woman gesturing NO medium-light skin tone,Mujer gestizando sin tono de piel de luz media,Mulher gesticulando nenhum tom de pele de luz média
🙅🏽‍♀️,woman gesturing NO medium skin tone,Mujer gestionando sin tono de piel mediana,Mulher gesticulando sem tom de pele média
🙅🏽‍♀,woman gesturing NO medium skin tone,Mujer gestionando sin tono de piel mediana,Mulher gesticulando sem tom de pele média
🙆‍♀️,woman gesturing OK,mujer gesticing ok,Mulher gesticulando ok
🙆‍♀,woman gesturing OK,mujer gesticing ok,Mulher gesticulando ok
🙆🏿‍♀️,woman gesturing OK dark skin tone,mujer gesticing ok tono de piel oscura,Mulher gesticulando OK Tom de pele escura
🙆🏿‍♀,woman gesturing OK dark skin tone,mujer gesticing ok tono de piel oscura,Mulher gesticulando OK Tom de pele escura
🙆🏻‍♀️,woman gesturing OK light skin tone,mujer gesticing ok tono de piel claro,Mulher gesticulando OK Tom de pele leve
🙆🏻‍♀,woman gesturing OK light skin tone,mujer gesticing ok tono de piel claro,Mulher gesticulando OK Tom de pele leve
🙆🏾‍♀️,woman gesturing OK medium-dark skin tone,mujer gesticing ok tono de piel medio-oscuridad,Mulher gesticulando OK Tom de pele média-escuro
🙆🏾‍♀,woman gesturing OK medium-dark skin tone,mujer gesticing ok tono de piel medio-oscuridad,Mulher gesticulando OK Tom de pele média-escuro
🙆🏼‍♀️,woman gesturing OK medium-light skin tone,mujer gesticing ok tono de piel de luz media,Mulher gesticulando ok tom de pele de luz média
🙆🏼‍♀,woman gesturing OK medium-light skin tone,mujer gesticing ok tono de piel de luz media,Mulher gesticulando ok tom de pele de luz média
🙆🏽‍♀️,woman gesturing OK medium skin tone,mujer gesticing ok tono de piel mediana,Mulher gesticulando ok tom de pele média
🙆🏽‍♀,woman gesturing OK medium skin tone,mujer gesticing ok tono de piel mediana,Mulher gesticulando ok tom de pele média
💇‍♀️,woman getting haircut,Mujer cortando el pelo,mulher fazendo corte de cabelo
💇‍♀,woman getting haircut,Mujer cortando el pelo,mulher fazendo corte de cabelo
💇🏿‍♀️,woman getting haircut dark skin tone,Mujer que se corta el corte de pelo tono de piel oscura,Mulher fazendo corte de cabelo para o tom escuro da pele
💇🏿‍♀,woman getting haircut dark skin tone,Mujer que se corta el corte de pelo tono de piel oscura,Mulher fazendo corte de cabelo para o tom escuro da pele
💇🏻‍♀️,woman getting haircut light skin tone,Mujer que se corta el corte de pelo tono de piel clara,Mulher fazendo um tom de pele de cabelo leve
💇🏻‍♀,woman getting haircut light skin tone,Mujer que se corta el corte de pelo tono de piel clara,Mulher fazendo um tom de pele de cabelo leve
💇🏾‍♀️,woman getting haircut medium-dark skin tone,Mujer que se corta el corte de pelo tono de piel medio-oscuridad,Mulher fazendo cabelo de cabelo médio-escuro
💇🏾‍♀,woman getting haircut medium-dark skin tone,Mujer que se corta el corte de pelo tono de piel medio-oscuridad,Mulher fazendo cabelo de cabelo médio-escuro
💇🏼‍♀️,woman getting haircut medium-light skin tone,Mujer que se corta el corte de pelo tono de piel de luz media,Mulher fazendo um tom de pele de luz de cabelo médio
💇🏼‍♀,woman getting haircut medium-light skin tone,Mujer que se corta el corte de pelo tono de piel de luz media,Mulher fazendo um tom de pele de luz de cabelo médio
💇🏽‍♀️,woman getting haircut medium skin tone,Mujer que se corta el corte de pelo tono de piel mediana,Mulher fazendo corte de cabelo de pele média
💇🏽‍♀,woman getting haircut medium skin tone,Mujer que se corta el corte de pelo tono de piel mediana,Mulher fazendo corte de cabelo de pele média
💆‍♀️,woman getting massage,Mujer recibiendo masaje,mulher recebendo massagem
💆‍♀,woman getting massage,Mujer recibiendo masaje,mulher recebendo massagem
💆🏿‍♀️,woman getting massage dark skin tone,mujer recibiendo masaje tono de piel oscura,Mulher recebendo massagem Tom de pele escura
💆🏿‍♀,woman getting massage dark skin tone,mujer recibiendo masaje tono de piel oscura,Mulher recebendo massagem Tom de pele escura
💆🏻‍♀️,woman getting massage light skin tone,Mujer recibiendo masaje de piel clara,Mulher recebendo massagem Tom de pele clara
💆🏻‍♀,woman getting massage light skin tone,Mujer recibiendo masaje de piel clara,Mulher recebendo massagem Tom de pele clara
💆🏾‍♀️,woman getting massage medium-dark skin tone,Mujer recibiendo masaje tono de piel mediana y oscura,Mulher recebendo massagem Tom de pele média-escura
💆🏾‍♀,woman getting massage medium-dark skin tone,Mujer recibiendo masaje tono de piel mediana y oscura,Mulher recebendo massagem Tom de pele média-escura
💆🏼‍♀️,woman getting massage medium-light skin tone,mujer recibiendo masaje tono de piel de luz media,Mulher recebendo massagem tom de pele de luz média
💆🏼‍♀,woman getting massage medium-light skin tone,mujer recibiendo masaje tono de piel de luz media,Mulher recebendo massagem tom de pele de luz média
💆🏽‍♀️,woman getting massage medium skin tone,mujer recibiendo masaje tono de piel mediana,Mulher recebendo massagem Tom de pele média
💆🏽‍♀,woman getting massage medium skin tone,mujer recibiendo masaje tono de piel mediana,Mulher recebendo massagem Tom de pele média
🏌️‍♀️,woman golfing,mujer golf,Mulher golfe
🏌‍♀️,woman golfing,mujer golf,Mulher golfe
🏌️‍♀,woman golfing,mujer golf,Mulher golfe
🏌‍♀,woman golfing,mujer golf,Mulher golfe
🏌🏿‍♀️,woman golfing dark skin tone,Mujer jugando al tono de piel oscura,Mulher golfe Tom de pele escura
🏌🏿‍♀,woman golfing dark skin tone,Mujer jugando al tono de piel oscura,Mulher golfe Tom de pele escura
🏌🏻‍♀️,woman golfing light skin tone,Mujer tono de piel clara de golf,Mulher golfe para o tom de pele leve
🏌🏻‍♀,woman golfing light skin tone,Mujer tono de piel clara de golf,Mulher golfe para o tom de pele leve
🏌🏾‍♀️,woman golfing medium-dark skin tone,Mujer golfing tono de piel medio-oscuridad,Mulher golfe Tom de pele média-escuro
🏌🏾‍♀,woman golfing medium-dark skin tone,Mujer golfing tono de piel medio-oscuridad,Mulher golfe Tom de pele média-escuro
🏌🏼‍♀️,woman golfing medium-light skin tone,Mujer golf de piel de piel media de luz media,Mulher golfe para o tom de pele de luz média
🏌🏼‍♀,woman golfing medium-light skin tone,Mujer golf de piel de piel media de luz media,Mulher golfe para o tom de pele de luz média
🏌🏽‍♀️,woman golfing medium skin tone,Mujer tono de piel mediana de golf,Mulher golfe Tom de pele média
🏌🏽‍♀,woman golfing medium skin tone,Mujer tono de piel mediana de golf,Mulher golfe Tom de pele média
💂‍♀️,woman guard,guardia,guarda da mulher
💂‍♀,woman guard,guardia,guarda da mulher
💂🏿‍♀️,woman guard dark skin tone,Mujer guardia tono de piel oscura,Mulher Guarda Tom da pele escura
💂🏿‍♀,woman guard dark skin tone,Mujer guardia tono de piel oscura,Mulher Guarda Tom da pele escura
💂🏻‍♀️,woman guard light skin tone,Mujer guardia tono de piel claro,Mulher Guarda Tom da pele clara
💂🏻‍♀,woman guard light skin tone,Mujer guardia tono de piel claro,Mulher Guarda Tom da pele clara
💂🏾‍♀️,woman guard medium-dark skin tone,Mujer guardia tono de piel medio-oscuridad,Mulher Guard Tom de pele média-escuro
💂🏾‍♀,woman guard medium-dark skin tone,Mujer guardia tono de piel medio-oscuridad,Mulher Guard Tom de pele média-escuro
💂🏼‍♀️,woman guard medium-light skin tone,Mujer guardia tono de piel de luz media,Mulher Guarda Tom de pele de luz média
💂🏼‍♀,woman guard medium-light skin tone,Mujer guardia tono de piel de luz media,Mulher Guarda Tom de pele de luz média
💂🏽‍♀️,woman guard medium skin tone,Mujer guardia tono de piel mediana,Mulher Guarda de Tom Média de Pele
💂🏽‍♀,woman guard medium skin tone,Mujer guardia tono de piel mediana,Mulher Guarda de Tom Média de Pele
👩‍⚕️,woman health worker,trabajadora de salud,Trabalhador de Saúde da Mulher
👩‍⚕,woman health worker,trabajadora de salud,Trabalhador de Saúde da Mulher
👩🏿‍⚕️,woman health worker dark skin tone,Mujer trabajadora de salud tono de piel oscura,Tono da pele escura de saúde da mulher
👩🏿‍⚕,woman health worker dark skin tone,Mujer trabajadora de salud tono de piel oscura,Tono da pele escura de saúde da mulher
👩🏻‍⚕️,woman health worker light skin tone,Mujer Health Worker Light Skin Tono,Tom de pele de saúde da mulher
👩🏻‍⚕,woman health worker light skin tone,Mujer Health Worker Light Skin Tono,Tom de pele de saúde da mulher
👩🏾‍⚕️,woman health worker medium-dark skin tone,Mujer trabajadora de salud tono de piel medio-oscuridad,Tom de pele médio-escuro da mulher
👩🏾‍⚕,woman health worker medium-dark skin tone,Mujer trabajadora de salud tono de piel medio-oscuridad,Tom de pele médio-escuro da mulher
👩🏼‍⚕️,woman health worker medium-light skin tone,Mujer trabajadora de salud tono de piel de luz media,Tom de pele de saúde de saúde da mulher
👩🏼‍⚕,woman health worker medium-light skin tone,Mujer trabajadora de salud tono de piel de luz media,Tom de pele de saúde de saúde da mulher
👩🏽‍⚕️,woman health worker medium skin tone,mujer trabajadora de salud tono de piel mediana,Tom de pele de saúde de saúde da mulher
👩🏽‍⚕,woman health worker medium skin tone,mujer trabajadora de salud tono de piel mediana,Tom de pele de saúde de saúde da mulher
🧘‍♀️,woman in lotus position,Mujer en posición de loto,Mulher na posição de lótus
🧘‍♀,woman in lotus position,Mujer en posición de loto,Mulher na posição de lótus
🧘🏿‍♀️,woman in lotus position dark skin tone,Mujer en la posición de loto tono de piel oscura,Mulher em Lotus Position Tom de pele escura
🧘🏿‍♀,woman in lotus position dark skin tone,Mujer en la posición de loto tono de piel oscura,Mulher em Lotus Position Tom de pele escura
🧘🏻‍♀️,woman in lotus position light skin tone,Mujer en el loto Posición de la piel clara Tono,Mulher em Lotus Position Skin Tom
🧘🏻‍♀,woman in lotus position light skin tone,Mujer en el loto Posición de la piel clara Tono,Mulher em Lotus Position Skin Tom
🧘🏾‍♀️,woman in lotus position medium-dark skin tone,Mujer en la posición de loto tono de piel medio-oscuridad,Mulher na posição de lótus Tom de pele média-escura
🧘🏾‍♀,woman in lotus position medium-dark skin tone,Mujer en la posición de loto tono de piel medio-oscuridad,Mulher na posição de lótus Tom de pele média-escura
🧘🏼‍♀️,woman in lotus position medium-light skin tone,Mujer en la posición de loto tono de piel de luz media,Mulher em Lotus Posição Tom de pele de luz média
🧘🏼‍♀,woman in lotus position medium-light skin tone,Mujer en la posición de loto tono de piel de luz media,Mulher em Lotus Posição Tom de pele de luz média
🧘🏽‍♀️,woman in lotus position medium skin tone,Mujer en la posición de loto tono de piel media,Mulher em Lotus Position Tom de pele média
🧘🏽‍♀,woman in lotus position medium skin tone,Mujer en la posición de loto tono de piel media,Mulher em Lotus Position Tom de pele média
👩‍🦽,woman in manual wheelchair,Mujer en silla de ruedas manual,mulher em cadeira de rodas manual
👩🏿‍🦽,woman in manual wheelchair dark skin tone,mujer en silla de ruedas manual tono de piel oscura,Mulher em cadeira de rodas manual Tom escuro
👩‍🦽‍➡️,woman in manual wheelchair facing right,Mujer en silla de ruedas manual mirando a la derecha,Mulher em cadeira de rodas manual voltada para a direita
👩‍🦽‍➡,woman in manual wheelchair facing right,Mujer en silla de ruedas manual mirando a la derecha,Mulher em cadeira de rodas manual voltada para a direita
👩🏿‍🦽‍➡️,woman in manual wheelchair facing right dark skin tone,Mujer en silla de ruedas manual mirando a la derecha tono de piel oscura,Mulher em cadeira de rodas manual voltada para o tom da pele escura
👩🏿‍🦽‍➡,woman in manual wheelchair facing right dark skin tone,Mujer en silla de ruedas manual mirando a la derecha tono de piel oscura,Mulher em cadeira de rodas manual voltada para o tom da pele escura
👩🏻‍🦽‍➡️,woman in manual wheelchair facing right light skin tone,Mujer en silla de ruedas manual que mira a la luz derecha tono de piel clara,Mulher em cadeira de rodas manual voltada para o tom da pele clara
👩🏻‍🦽‍➡,woman in manual wheelchair facing right light skin tone,Mujer en silla de ruedas manual que mira a la luz derecha tono de piel clara,Mulher em cadeira de rodas manual voltada para o tom da pele clara
👩🏾‍🦽‍➡️,woman in manual wheelchair facing right medium-dark skin tone,Mujer en silla de ruedas manual que mira a la derecha tono de piel medio-oscuridad,Mulher em cadeira de rodas manual voltada para o tom de pele média-escuro
👩🏾‍🦽‍➡,woman in manual wheelchair facing right medium-dark skin tone,Mujer en silla de ruedas manual que mira a la derecha tono de piel medio-oscuridad,Mulher em cadeira de rodas manual voltada para o tom de pele média-escuro
👩🏼‍🦽‍➡️,woman in manual wheelchair facing right medium-light skin tone,Mujer en silla de ruedas manual que mira a la derecha tono de piel de luz media,Mulher em cadeira de rodas manual voltada para o tom da pele média à direita
👩🏼‍🦽‍➡,woman in manual wheelchair facing right medium-light skin tone,Mujer en silla de ruedas manual que mira a la derecha tono de piel de luz media,Mulher em cadeira de rodas manual voltada para o tom da pele média à direita
👩🏽‍🦽‍➡️,woman in manual wheelchair facing right medium skin tone,Mujer en silla de ruedas manual que mira el tono de piel medio derecho,Mulher em cadeira de rodas manual voltada para o tom da pele média
👩🏽‍🦽‍➡,woman in manual wheelchair facing right medium skin tone,Mujer en silla de ruedas manual que mira el tono de piel medio derecho,Mulher em cadeira de rodas manual voltada para o tom da pele média
👩🏻‍🦽,woman in manual wheelchair light skin tone,mujer en silla de ruedas manual tono de piel claro,Mulher em tom de pele de cadeira de rodas manual
👩🏾‍🦽,woman in manual wheelchair medium-dark skin tone,Mujer en silla de ruedas manual tono de piel medio-oscuridad,Mulher em cadeira de rodas manual Tom de pele média-escura
👩🏼‍🦽,woman in manual wheelchair medium-light skin tone,mujer en silla de ruedas manual tono de piel de luz media,Mulher em cadeira de rodas manual Tom de pele de luz média
👩🏽‍🦽,woman in manual wheelchair medium skin tone,Mujer en silla de ruedas manual tono de piel mediana,Mulher em tom de pele de cadeira de rodas manual
👩‍🦼,woman in motorized wheelchair,Mujer en silla de ruedas motorizada,mulher em cadeira de rodas motorizada
👩🏿‍🦼,woman in motorized wheelchair dark skin tone,Mujer en el tono de piel oscura de silla de ruedas motorizada,Mulher em cadeira de rodas motorizada tom de pele escura
👩‍🦼‍➡️,woman in motorized wheelchair facing right,Mujer en silla de ruedas motorizada hacia la derecha,Mulher em cadeira de rodas motorizada voltada para a direita
👩‍🦼‍➡,woman in motorized wheelchair facing right,Mujer en silla de ruedas motorizada hacia la derecha,Mulher em cadeira de rodas motorizada voltada para a direita
👩🏿‍🦼‍➡️,woman in motorized wheelchair facing right dark skin tone,Mujer en silla de ruedas motorizada que mira a la derecha tono de piel oscura,Mulher em cadeira de rodas motorizada voltada para o tom da pele escura direita
👩🏿‍🦼‍➡,woman in motorized wheelchair facing right dark skin tone,Mujer en silla de ruedas motorizada que mira a la derecha tono de piel oscura,Mulher em cadeira de rodas motorizada voltada para o tom da pele escura direita
👩🏻‍🦼‍➡️,woman in motorized wheelchair facing right light skin tone,Mujer en silla de ruedas motorizada que mira el tono de piel clara derecha,Mulher em cadeira de rodas motorizada voltada para o tom da pele clara
👩🏻‍🦼‍➡,woman in motorized wheelchair facing right light skin tone,Mujer en silla de ruedas motorizada que mira el tono de piel clara derecha,Mulher em cadeira de rodas motorizada voltada para o tom da pele clara
👩🏾‍🦼‍➡️,woman in motorized wheelchair facing right medium-dark skin tone,Mujer en silla de ruedas motorizada que mira a la derecha tono de piel medio-oscuridad,Mulher em cadeira de rodas motorizada voltada para o tom da pele média-escuro
👩🏾‍🦼‍➡,woman in motorized wheelchair facing right medium-dark skin tone,Mujer en silla de ruedas motorizada que mira a la derecha tono de piel medio-oscuridad,Mulher em cadeira de rodas motorizada voltada para o tom da pele média-escuro
👩🏼‍🦼‍➡️,woman in motorized wheelchair facing right medium-light skin tone,Mujer en silla de ruedas motorizada que enfrenta el tono de piel de luz media derecha,Mulher em cadeira de rodas motorizada voltada para o tom da pele média à direita
👩🏼‍🦼‍➡,woman in motorized wheelchair facing right medium-light skin tone,Mujer en silla de ruedas motorizada que enfrenta el tono de piel de luz media derecha,Mulher em cadeira de rodas motorizada voltada para o tom da pele média à direita
👩🏽‍🦼‍➡️,woman in motorized wheelchair facing right medium skin tone,Mujer en silla de ruedas motorizada que mira el tono de piel medio derecho,Mulher em cadeira de rodas motorizada voltada para o tom da pele média
👩🏽‍🦼‍➡,woman in motorized wheelchair facing right medium skin tone,Mujer en silla de ruedas motorizada que mira el tono de piel medio derecho,Mulher em cadeira de rodas motorizada voltada para o tom da pele média
👩🏻‍🦼,woman in motorized wheelchair light skin tone,Mujer en el tono de piel clara de silla de ruedas motorizada,Mulher em tom de pele leve para cadeira de rodas motorizada
👩🏾‍🦼,woman in motorized wheelchair medium-dark skin tone,Mujer en silla de ruedas motorizada tono de piel medio-oscuridad,Mulher em cadeira de rodas motorizada tom de pele média-escuro
👩🏼‍🦼,woman in motorized wheelchair medium-light skin tone,mujer en silla de ruedas motorizada tono de piel de luz media,Mulher em cadeira de rodas motorizada tom de pele média
👩🏽‍🦼,woman in motorized wheelchair medium skin tone,Mujer en el tono de piel mediana de silla de ruedas motorizada,Mulher em tom de pele de cadeira de rodas motorizada
🧖‍♀️,woman in steamy room,Mujer en la habitación humeante,Mulher no quarto vapor
🧖‍♀,woman in steamy room,Mujer en la habitación humeante,Mulher no quarto vapor
🧖🏿‍♀️,woman in steamy room dark skin tone,Mujer en la habitación de vapor tono de piel oscura,Mulher em um tom de pele escura de quarto fumegante
🧖🏿‍♀,woman in steamy room dark skin tone,Mujer en la habitación de vapor tono de piel oscura,Mulher em um tom de pele escura de quarto fumegante
🧖🏻‍♀️,woman in steamy room light skin tone,Mujer en la habitación de la sala de vapor tono de piel clara,Mulher em um tom de pele clara da sala fumegante
🧖🏻‍♀,woman in steamy room light skin tone,Mujer en la habitación de la sala de vapor tono de piel clara,Mulher em um tom de pele clara da sala fumegante
🧖🏾‍♀️,woman in steamy room medium-dark skin tone,Mujer en la habitación humeante tono de piel medio-oscuridad,Mulher em um tom de pele de quarto fumegante
🧖🏾‍♀,woman in steamy room medium-dark skin tone,Mujer en la habitación humeante tono de piel medio-oscuridad,Mulher em um tom de pele de quarto fumegante
🧖🏼‍♀️,woman in steamy room medium-light skin tone,Mujer en la habitación humeante tono de piel de luz media,Mulher em um tom de pele de luz fumegante
🧖🏼‍♀,woman in steamy room medium-light skin tone,Mujer en la habitación humeante tono de piel de luz media,Mulher em um tom de pele de luz fumegante
🧖🏽‍♀️,woman in steamy room medium skin tone,Mujer en la habitación humeante tono de piel mediana,Mulher em um tom de pele média
🧖🏽‍♀,woman in steamy room medium skin tone,Mujer en la habitación humeante tono de piel mediana,Mulher em um tom de pele média
🤵‍♀️,woman in tuxedo,Mujer en Tuxedo,Mulher em Tuxedo
🤵‍♀,woman in tuxedo,Mujer en Tuxedo,Mulher em Tuxedo
🤵🏿‍♀️,woman in tuxedo dark skin tone,Mujer en Tuxedo Dark Skin Tone,Mulher em Tuxedo Dark Skin Tom
🤵🏿‍♀,woman in tuxedo dark skin tone,Mujer en Tuxedo Dark Skin Tone,Mulher em Tuxedo Dark Skin Tom
🤵🏻‍♀️,woman in tuxedo light skin tone,Mujer en el tono de piel claro de esmoquin,Mulher em Tuxedo Light Skin Tom
🤵🏻‍♀,woman in tuxedo light skin tone,Mujer en el tono de piel claro de esmoquin,Mulher em Tuxedo Light Skin Tom
🤵🏾‍♀️,woman in tuxedo medium-dark skin tone,Mujer en Tuxedo Medium-Dark Skin Tono,Mulher em Tuxedo Médio Dark Skin Tom
🤵🏾‍♀,woman in tuxedo medium-dark skin tone,Mujer en Tuxedo Medium-Dark Skin Tono,Mulher em Tuxedo Médio Dark Skin Tom
🤵🏼‍♀️,woman in tuxedo medium-light skin tone,Mujer en un tuxedo tono de piel de luz media,Mulher em Tuxedo Light Skin Tom
🤵🏼‍♀,woman in tuxedo medium-light skin tone,Mujer en un tuxedo tono de piel de luz media,Mulher em Tuxedo Light Skin Tom
🤵🏽‍♀️,woman in tuxedo medium skin tone,Mujer en el tuxedo tono de piel mediana,Mulher em tom de pele de smoking
🤵🏽‍♀,woman in tuxedo medium skin tone,Mujer en el tuxedo tono de piel mediana,Mulher em tom de pele de smoking
👩‍⚖️,woman judge,Mujer juez,Mulher Juiz
👩‍⚖,woman judge,Mujer juez,Mulher Juiz
👩🏿‍⚖️,woman judge dark skin tone,mujer juzga tono de piel oscura,Mulher juiz tom de pele escura
👩🏿‍⚖,woman judge dark skin tone,mujer juzga tono de piel oscura,Mulher juiz tom de pele escura
👩🏻‍⚖️,woman judge light skin tone,Mujer juzga tono de piel clara,Mulher Juiz Tom leve de pele
👩🏻‍⚖,woman judge light skin tone,Mujer juzga tono de piel clara,Mulher Juiz Tom leve de pele
👩🏾‍⚖️,woman judge medium-dark skin tone,Mujer juez de piel mediana-oscuridad,Mulher juiz tom de pele média escuro
👩🏾‍⚖,woman judge medium-dark skin tone,Mujer juez de piel mediana-oscuridad,Mulher juiz tom de pele média escuro
👩🏼‍⚖️,woman judge medium-light skin tone,Mujer juez tono de piel de luz media,Mulher juiz tom de pele de luz média
👩🏼‍⚖,woman judge medium-light skin tone,Mujer juez tono de piel de luz media,Mulher juiz tom de pele de luz média
👩🏽‍⚖️,woman judge medium skin tone,Mujer juez tono de piel mediana,Mulher juiz tom de pele média
👩🏽‍⚖,woman judge medium skin tone,Mujer juez tono de piel mediana,Mulher juiz tom de pele média
🤹‍♀️,woman juggling,mujer malabarista,Mulher malabarista
🤹‍♀,woman juggling,mujer malabarista,Mulher malabarista
🤹🏿‍♀️,woman juggling dark skin tone,Mujer malabares con tono de piel oscura,Mulher manipulando o tom de pele escura
🤹🏿‍♀,woman juggling dark skin tone,Mujer malabares con tono de piel oscura,Mulher manipulando o tom de pele escura
🤹🏻‍♀️,woman juggling light skin tone,Mujer malabarista de tono de piel clara,Mulher manipulando o tom de pele leve
🤹🏻‍♀,woman juggling light skin tone,Mujer malabarista de tono de piel clara,Mulher manipulando o tom de pele leve
🤹🏾‍♀️,woman juggling medium-dark skin tone,Mujer malabares con tono de piel medio-oscuridad,Mulher manipulando o tom de pele de médio escuro
🤹🏾‍♀,woman juggling medium-dark skin tone,Mujer malabares con tono de piel medio-oscuridad,Mulher manipulando o tom de pele de médio escuro
🤹🏼‍♀️,woman juggling medium-light skin tone,Mujer que hace malabares con tono de piel de luz media,Mulher manipulando tom de pele de luz média
🤹🏼‍♀,woman juggling medium-light skin tone,Mujer que hace malabares con tono de piel de luz media,Mulher manipulando tom de pele de luz média
🤹🏽‍♀️,woman juggling medium skin tone,Mujer malabares con tono de piel mediana,Mulher manipulando tom de pele média
🤹🏽‍♀,woman juggling medium skin tone,Mujer malabares con tono de piel mediana,Mulher manipulando tom de pele média
🧎‍♀️,woman kneeling,Mujer arrodillado,Mulher ajoelhada
🧎‍♀,woman kneeling,Mujer arrodillado,Mulher ajoelhada
🧎🏿‍♀️,woman kneeling dark skin tone,Mujer arrodillado tono de piel oscura,Mulher ajoelhando o tom escuro da pele
🧎🏿‍♀,woman kneeling dark skin tone,Mujer arrodillado tono de piel oscura,Mulher ajoelhando o tom escuro da pele
🧎‍♀️‍➡️,woman kneeling facing right,Mujer arrodillada frente a la derecha,Mulher ajoelhada de frente para a direita
🧎‍♀‍➡️,woman kneeling facing right,Mujer arrodillada frente a la derecha,Mulher ajoelhada de frente para a direita
🧎‍♀️‍➡,woman kneeling facing right,Mujer arrodillada frente a la derecha,Mulher ajoelhada de frente para a direita
🧎‍♀‍➡,woman kneeling facing right,Mujer arrodillada frente a la derecha,Mulher ajoelhada de frente para a direita
🧎🏿‍♀️‍➡️,woman kneeling facing right dark skin tone,Mujer arrodillada mirando a la derecha tono de piel oscura,Mulher ajoelhada de frente para o tom da pele escura direita
🧎🏿‍♀‍➡️,woman kneeling facing right dark skin tone,Mujer arrodillada mirando a la derecha tono de piel oscura,Mulher ajoelhada de frente para o tom da pele escura direita
🧎🏿‍♀️‍➡,woman kneeling facing right dark skin tone,Mujer arrodillada mirando a la derecha tono de piel oscura,Mulher ajoelhada de frente para o tom da pele escura direita
🧎🏿‍♀‍➡,woman kneeling facing right dark skin tone,Mujer arrodillada mirando a la derecha tono de piel oscura,Mulher ajoelhada de frente para o tom da pele escura direita
🧎🏻‍♀️‍➡️,woman kneeling facing right light skin tone,Mujer arrodillada mirando a la luz derecha tono de piel claro,Mulher ajoelhada de frente para o tom da pele clara
🧎🏻‍♀‍➡️,woman kneeling facing right light skin tone,Mujer arrodillada mirando a la luz derecha tono de piel claro,Mulher ajoelhada de frente para o tom da pele clara
🧎🏻‍♀️‍➡,woman kneeling facing right light skin tone,Mujer arrodillada mirando a la luz derecha tono de piel claro,Mulher ajoelhada de frente para o tom da pele clara
🧎🏻‍♀‍➡,woman kneeling facing right light skin tone,Mujer arrodillada mirando a la luz derecha tono de piel claro,Mulher ajoelhada de frente para o tom da pele clara
🧎🏾‍♀️‍➡️,woman kneeling facing right medium-dark skin tone,Mujer arrodillada mirando a la derecha tono de piel medio-oscuridad,Mulher ajoelhada voltada para o tom da pele média-escura
🧎🏾‍♀‍➡️,woman kneeling facing right medium-dark skin tone,Mujer arrodillada mirando a la derecha tono de piel medio-oscuridad,Mulher ajoelhada voltada para o tom da pele média-escura
🧎🏾‍♀️‍➡,woman kneeling facing right medium-dark skin tone,Mujer arrodillada mirando a la derecha tono de piel medio-oscuridad,Mulher ajoelhada voltada para o tom da pele média-escura
🧎🏾‍♀‍➡,woman kneeling facing right medium-dark skin tone,Mujer arrodillada mirando a la derecha tono de piel medio-oscuridad,Mulher ajoelhada voltada para o tom da pele média-escura
🧎🏼‍♀️‍➡️,woman kneeling facing right medium-light skin tone,Mujer arrodillada frente a la derecha tono de piel de luz media,Mulher ajoelhada voltada para o tom da pele média à direita
🧎🏼‍♀‍➡️,woman kneeling facing right medium-light skin tone,Mujer arrodillada frente a la derecha tono de piel de luz media,Mulher ajoelhada voltada para o tom da pele média à direita
🧎🏼‍♀️‍➡,woman kneeling facing right medium-light skin tone,Mujer arrodillada frente a la derecha tono de piel de luz media,Mulher ajoelhada voltada para o tom da pele média à direita
🧎🏼‍♀‍➡,woman kneeling facing right medium-light skin tone,Mujer arrodillada frente a la derecha tono de piel de luz media,Mulher ajoelhada voltada para o tom da pele média à direita
🧎🏽‍♀️‍➡️,woman kneeling facing right medium skin tone,Mujer arrodillada mirando a la derecha tono de piel medio,Mulher ajoelhada voltada para o tom da pele média
🧎🏽‍♀‍➡️,woman kneeling facing right medium skin tone,Mujer arrodillada mirando a la derecha tono de piel medio,Mulher ajoelhada voltada para o tom da pele média
🧎🏽‍♀️‍➡,woman kneeling facing right medium skin tone,Mujer arrodillada mirando a la derecha tono de piel medio,Mulher ajoelhada voltada para o tom da pele média
🧎🏽‍♀‍➡,woman kneeling facing right medium skin tone,Mujer arrodillada mirando a la derecha tono de piel medio,Mulher ajoelhada voltada para o tom da pele média
🧎🏻‍♀️,woman kneeling light skin tone,mujer arrodillado tono de piel claro,Mulher ajoelhando o tom da pele clara
🧎🏻‍♀,woman kneeling light skin tone,mujer arrodillado tono de piel claro,Mulher ajoelhando o tom da pele clara
🧎🏾‍♀️,woman kneeling medium-dark skin tone,Mujer arrodillado tono de piel medio-oscuridad,Mulher ajoelhando o tom de pele média-escuro
🧎🏾‍♀,woman kneeling medium-dark skin tone,Mujer arrodillado tono de piel medio-oscuridad,Mulher ajoelhando o tom de pele média-escuro
🧎🏼‍♀️,woman kneeling medium-light skin tone,Mujer arrodillado tono de piel de luz media,Mulher ajoelhando o tom da pele de luz média
🧎🏼‍♀,woman kneeling medium-light skin tone,Mujer arrodillado tono de piel de luz media,Mulher ajoelhando o tom da pele de luz média
🧎🏽‍♀️,woman kneeling medium skin tone,Mujer tono de piel mediana arrodillada,Mulher ajoelhando o tom de pele média
🧎🏽‍♀,woman kneeling medium skin tone,Mujer tono de piel mediana arrodillada,Mulher ajoelhando o tom de pele média
🏋️‍♀️,woman lifting weights,Mujer levantando pesas,Mulher levantando pesos
🏋‍♀️,woman lifting weights,Mujer levantando pesas,Mulher levantando pesos
🏋️‍♀,woman lifting weights,Mujer levantando pesas,Mulher levantando pesos
🏋‍♀,woman lifting weights,Mujer levantando pesas,Mulher levantando pesos
🏋🏿‍♀️,woman lifting weights dark skin tone,Mujer levantando pesas tono de piel oscura,Mulher levantando pesos tom de pele escura
🏋🏿‍♀,woman lifting weights dark skin tone,Mujer levantando pesas tono de piel oscura,Mulher levantando pesos tom de pele escura
🏋🏻‍♀️,woman lifting weights light skin tone,Mujer levantando pesas tono de piel clara,Mulher levantando pesos tom de pele clara
🏋🏻‍♀,woman lifting weights light skin tone,Mujer levantando pesas tono de piel clara,Mulher levantando pesos tom de pele clara
🏋🏾‍♀️,woman lifting weights medium-dark skin tone,Mujer levantando pesas tono de piel medio-oscuridad,Mulher levantando pesos tom de pele média escuro
🏋🏾‍♀,woman lifting weights medium-dark skin tone,Mujer levantando pesas tono de piel medio-oscuridad,Mulher levantando pesos tom de pele média escuro
🏋🏼‍♀️,woman lifting weights medium-light skin tone,Mujer levantando pesas tono de piel de luz media,Mulher levantando pesos tom de pele de luz média
🏋🏼‍♀,woman lifting weights medium-light skin tone,Mujer levantando pesas tono de piel de luz media,Mulher levantando pesos tom de pele de luz média
🏋🏽‍♀️,woman lifting weights medium skin tone,Mujer levantando pesas tono de piel mediana,Mulher levantando pesos tom de pele média
🏋🏽‍♀,woman lifting weights medium skin tone,Mujer levantando pesas tono de piel mediana,Mulher levantando pesos tom de pele média
👩🏻,woman light skin tone,Mujer tono de piel clara,Tom da pele leve da mulher
👩🏻‍🦲,woman light skin tone bald,mujer de piel clara tono calvo,Mulher leve tom de pele careca
🧔🏻‍♀️,woman light skin tone beard,Mujer Barba de tono de piel claro,Mulher Tom de pele leve barba
🧔🏻‍♀,woman light skin tone beard,Mujer Barba de tono de piel claro,Mulher Tom de pele leve barba
👱🏻‍♀️,woman light skin tone blond hair,mujer de piel clara tono rubio cabello rubio,Cabelo loiro de tom de pele leve
👱🏻‍♀,woman light skin tone blond hair,mujer de piel clara tono rubio cabello rubio,Cabelo loiro de tom de pele leve
👩🏻‍🦱,woman light skin tone curly hair,mujer de piel clara tono de cabello rizado,Cabelo cacheado da pele leve
👩🏻‍🦰,woman light skin tone red hair,mujer de piel clara tono de cabello rojo,Cabelo ruivo de tom de pele clara
👩🏻‍🦳,woman light skin tone white hair,mujer de piel clara tono blanco cabello blanco,Cabelo branco de pele de pele clara
🧙‍♀️,woman mage,mujer mago,mulher mago
🧙‍♀,woman mage,mujer mago,mulher mago
🧙🏿‍♀️,woman mage dark skin tone,Mujer mago tono de piel oscura,tom de mulher mago da mulher
🧙🏿‍♀,woman mage dark skin tone,Mujer mago tono de piel oscura,tom de mulher mago da mulher
🧙🏻‍♀️,woman mage light skin tone,Mujer Mage Light Skin Tone,Tom da pele leve do mago da mulher
🧙🏻‍♀,woman mage light skin tone,Mujer Mage Light Skin Tone,Tom da pele leve do mago da mulher
🧙🏾‍♀️,woman mage medium-dark skin tone,Mujer mago tono de piel medio-oscuridad,tom de mulher de mago da mulher
🧙🏾‍♀,woman mage medium-dark skin tone,Mujer mago tono de piel medio-oscuridad,tom de mulher de mago da mulher
🧙🏼‍♀️,woman mage medium-light skin tone,Mujer mago tono de piel de luz media,Tom de pele de luz média do mago da mulher
🧙🏼‍♀,woman mage medium-light skin tone,Mujer mago tono de piel de luz media,Tom de pele de luz média do mago da mulher
🧙🏽‍♀️,woman mage medium skin tone,Mujer mago tono de piel mediana,Tom de pele média do mago da mulher
🧙🏽‍♀,woman mage medium skin tone,Mujer mago tono de piel mediana,Tom de pele média do mago da mulher
👩‍🔧,woman mechanic,mecánico,Mecânica da mulher
👩🏿‍🔧,woman mechanic dark skin tone,Tono de piel oscura mecánica de mujer,Tom de pele escura mecânica da mulher
👩🏻‍🔧,woman mechanic light skin tone,Mujer tono de piel clara mecánica,tom de pele leve mecânica da mulher
👩🏾‍🔧,woman mechanic medium-dark skin tone,Tono de piel de mujer mecánico de la mujer.,tom de pele mecânica de médio escuro mecânico
👩🏼‍🔧,woman mechanic medium-light skin tone,Mujer mecánico de piel de luz media,tom de pele mecânica de mecânica mecânica
👩🏽‍🔧,woman mechanic medium skin tone,Tono de piel media mecánica mecánica,tom de pele mecânica de mulher mecânica
👩🏾,woman medium-dark skin tone,Mujer tono de piel mediano y oscuro,Tom de pele média-escura de mulher
👩🏾‍🦲,woman medium-dark skin tone bald,Mujer tono de piel mediano y oscuro calvo,Mulher Tom de pele média escura careca
🧔🏾‍♀️,woman medium-dark skin tone beard,Mujer Barba de tono de piel medio-oscuridad,Mulher Média Dark Tom da pele Beard
🧔🏾‍♀,woman medium-dark skin tone beard,Mujer Barba de tono de piel medio-oscuridad,Mulher Média Dark Tom da pele Beard
👱🏾‍♀️,woman medium-dark skin tone blond hair,Mujer Tono de piel medio-oscuridad Cabello rubio,Cabelo loiro de tom de pele média-escuro
👱🏾‍♀,woman medium-dark skin tone blond hair,Mujer Tono de piel medio-oscuridad Cabello rubio,Cabelo loiro de tom de pele média-escuro
👩🏾‍🦱,woman medium-dark skin tone curly hair,Mujer Tono de piel mediano y oscuro cabello rizado,Cabelo de pele de pele média-escuro
👩🏾‍🦰,woman medium-dark skin tone red hair,Mujer Tono de piel medio-oscuridad Cabello rojo,Cabelo ruivo de tom de pele média-escuro
👩🏾‍🦳,woman medium-dark skin tone white hair,Mujer Tono de piel medio-oscuridad Cabello blanco,Cabelo branco de tom de pele média-escuro
👩🏼,woman medium-light skin tone,Mujer tono de piel de luz media,Tom de pele de luz média-luz
👩🏼‍🦲,woman medium-light skin tone bald,Mujer tono de piel de luz media calva,Tom de pele de leve luz de mulher careca
🧔🏼‍♀️,woman medium-light skin tone beard,Mujer Barba de tono de piel de luz media,barba de tom de pele média-luz de mulher
🧔🏼‍♀,woman medium-light skin tone beard,Mujer Barba de tono de piel de luz media,barba de tom de pele média-luz de mulher
👱🏼‍♀️,woman medium-light skin tone blond hair,Mujer Tono de piel de luz media cabello rubio,Cabelo loiro de tom de pele de luz média
👱🏼‍♀,woman medium-light skin tone blond hair,Mujer Tono de piel de luz media cabello rubio,Cabelo loiro de tom de pele de luz média
👩🏼‍🦱,woman medium-light skin tone curly hair,Mujer Tono de piel de luz media cabello rizado,Cabelo da pele de leve luz de luz média
👩🏼‍🦰,woman medium-light skin tone red hair,Mujer Tono de piel de luz media cabello rojo,Cabelo ruivo de tom de pele de luz média
👩🏼‍🦳,woman medium-light skin tone white hair,mujer tono de piel de luz media cabello blanco,Cabelo branco da pele de luz média-luz
👩🏽,woman medium skin tone,Mujer tono de piel mediana,Mulher Tom de pele média
👩🏽‍🦲,woman medium skin tone bald,Mujer tono de piel mediano calvo,Mulher Tom de pele média careca
🧔🏽‍♀️,woman medium skin tone beard,Mujer Barba de tono de piel mediana,Mulher Média Tom da pele Beard
🧔🏽‍♀,woman medium skin tone beard,Mujer Barba de tono de piel mediana,Mulher Média Tom da pele Beard
👱🏽‍♀️,woman medium skin tone blond hair,mujer tono de piel mediano cabello rubio,Cabelo loiro de tom de pele média
👱🏽‍♀,woman medium skin tone blond hair,mujer tono de piel mediano cabello rubio,Cabelo loiro de tom de pele média
👩🏽‍🦱,woman medium skin tone curly hair,mujer tono de piel mediano cabello rizado,Cabelo cacheado de tom de pele média
👩🏽‍🦰,woman medium skin tone red hair,mujer de piel mediana tono rojo,Cabelo ruivo de tom de pele média
👩🏽‍🦳,woman medium skin tone white hair,Mujer Tono de piel mediana cabello blanco,Cabelo branco do tom de pele média
🚵‍♀️,woman mountain biking,Mujer bicicleta de montaña,Mulher Mountain Biking
🚵‍♀,woman mountain biking,Mujer bicicleta de montaña,Mulher Mountain Biking
🚵🏿‍♀️,woman mountain biking dark skin tone,Mujer ciclismo de montaña tono de piel oscura,Tom de pele escura de mountain bike de mulher
🚵🏿‍♀,woman mountain biking dark skin tone,Mujer ciclismo de montaña tono de piel oscura,Tom de pele escura de mountain bike de mulher
🚵🏻‍♀️,woman mountain biking light skin tone,Mujer ciclismo de montaña tono de piel claro,Mulher Mountain Bicking Light Skin Tom
🚵🏻‍♀,woman mountain biking light skin tone,Mujer ciclismo de montaña tono de piel claro,Mulher Mountain Bicking Light Skin Tom
🚵🏾‍♀️,woman mountain biking medium-dark skin tone,Mujer ciclismo de montaña tono de piel medio-oscuridad,Tom de pele de mountain bike de mountain mountain-escuro
🚵🏾‍♀,woman mountain biking medium-dark skin tone,Mujer ciclismo de montaña tono de piel medio-oscuridad,Tom de pele de mountain bike de mountain mountain-escuro
🚵🏼‍♀️,woman mountain biking medium-light skin tone,Mujer ciclismo de montaña tono de piel de luz media,Mulher Mountain Bicking Medium Light Skin Tom
🚵🏼‍♀,woman mountain biking medium-light skin tone,Mujer ciclismo de montaña tono de piel de luz media,Mulher Mountain Bicking Medium Light Skin Tom
🚵🏽‍♀️,woman mountain biking medium skin tone,Mujer ciclismo de montaña tono de piel mediana,Tom de pele média de mountain bike de mulher
🚵🏽‍♀,woman mountain biking medium skin tone,Mujer ciclismo de montaña tono de piel mediana,Tom de pele média de mountain bike de mulher
👩‍💼,woman office worker,mujer trabajadora,Mulher Office Worker
👩🏿‍💼,woman office worker dark skin tone,Mujer trabajadora de oficina tono de piel oscura,Mulher trabalhadora do tom escuro de pele
👩🏻‍💼,woman office worker light skin tone,Mujer Oficina Trabajadora Ligera Tono de piel,Mulher trabalhador de escritório Tom leve de pele
👩🏾‍💼,woman office worker medium-dark skin tone,Mujer trabajadora de oficina tono de piel medio-oscuridad,Mulher trabalhador do tom médio-escuro tom de pele
👩🏼‍💼,woman office worker medium-light skin tone,Mujer trabajadora de oficina tono de piel de luz media,Mulher trabalhador de escritório de luz de luz média
👩🏽‍💼,woman office worker medium skin tone,Mujer trabajadora de oficina tono de piel mediana,Mulher trabalhador de escritório Tom de pele média
👩‍✈️,woman pilot,mujer piloto,Mulher piloto
👩‍✈,woman pilot,mujer piloto,Mulher piloto
👩🏿‍✈️,woman pilot dark skin tone,Mujer piloto tono de piel oscura,Mulher piloto de tom escuro de pele
👩🏿‍✈,woman pilot dark skin tone,Mujer piloto tono de piel oscura,Mulher piloto de tom escuro de pele
👩🏻‍✈️,woman pilot light skin tone,Mujer piloto tono de piel claro,Tom de pele leve piloto de mulher
👩🏻‍✈,woman pilot light skin tone,Mujer piloto tono de piel claro,Tom de pele leve piloto de mulher
👩🏾‍✈️,woman pilot medium-dark skin tone,Mujer piloto tono de piel mediana y oscura,Mulher piloto de tom de pele média-escuro
👩🏾‍✈,woman pilot medium-dark skin tone,Mujer piloto tono de piel mediana y oscura,Mulher piloto de tom de pele média-escuro
👩🏼‍✈️,woman pilot medium-light skin tone,Mujer piloto tono de piel de luz media,tom de pele piloto de mulher piloto
👩🏼‍✈,woman pilot medium-light skin tone,Mujer piloto tono de piel de luz media,tom de pele piloto de mulher piloto
👩🏽‍✈️,woman pilot medium skin tone,Mujer piloto tono de piel mediana,Mulher piloto de tom de pele média
👩🏽‍✈,woman pilot medium skin tone,Mujer piloto tono de piel mediana,Mulher piloto de tom de pele média
🤾‍♀️,woman playing handball,Mujer jugando el balonmano,Mulher jogando handebol
🤾‍♀,woman playing handball,Mujer jugando el balonmano,Mulher jogando handebol
🤾🏿‍♀️,woman playing handball dark skin tone,Mujer jugando tono de piel oscura del balonmano,Mulher jogando Handball Dark Skin Tom
🤾🏿‍♀,woman playing handball dark skin tone,Mujer jugando tono de piel oscura del balonmano,Mulher jogando Handball Dark Skin Tom
🤾🏻‍♀️,woman playing handball light skin tone,Mujer jugando tono de piel ligera del balonmano,Mulher jogando Handall Light Skin Tom
🤾🏻‍♀,woman playing handball light skin tone,Mujer jugando tono de piel ligera del balonmano,Mulher jogando Handall Light Skin Tom
🤾🏾‍♀️,woman playing handball medium-dark skin tone,Mujer jugando tono de piel de balonmano medio-oscuridad,Mulher jogando Handball Médio-escuro tom de pele
🤾🏾‍♀,woman playing handball medium-dark skin tone,Mujer jugando tono de piel de balonmano medio-oscuridad,Mulher jogando Handball Médio-escuro tom de pele
🤾🏼‍♀️,woman playing handball medium-light skin tone,Mujer jugando tono de piel de luz media de la luz.,Mulher jogando um tom de pele com luz média de handebol
🤾🏼‍♀,woman playing handball medium-light skin tone,Mujer jugando tono de piel de luz media de la luz.,Mulher jogando um tom de pele com luz média de handebol
🤾🏽‍♀️,woman playing handball medium skin tone,Mujer jugando tono de piel medio en balonmano,Mulher jogando Handball Medium Skin Tom
🤾🏽‍♀,woman playing handball medium skin tone,Mujer jugando tono de piel medio en balonmano,Mulher jogando Handball Medium Skin Tom
🤽‍♀️,woman playing water polo,Mujer jugando waterpolo,mulher jogando pólo aquático
🤽‍♀,woman playing water polo,Mujer jugando waterpolo,mulher jogando pólo aquático
🤽🏿‍♀️,woman playing water polo dark skin tone,Mujer jugando waterpolo tono de piel oscura,Mulher jogando tom de pele escura de pólo aquático
🤽🏿‍♀,woman playing water polo dark skin tone,Mujer jugando waterpolo tono de piel oscura,Mulher jogando tom de pele escura de pólo aquático
🤽🏻‍♀️,woman playing water polo light skin tone,Mujer jugando con tono de piel ligera del agua del agua,Mulher tocando tom de pele leve de pólo aquático
🤽🏻‍♀,woman playing water polo light skin tone,Mujer jugando con tono de piel ligera del agua del agua,Mulher tocando tom de pele leve de pólo aquático
🤽🏾‍♀️,woman playing water polo medium-dark skin tone,Mujer jugando waterpolo tono de piel medio-oscuridad,Mulher jogando tomamento de pele pólo-pólo aquático
🤽🏾‍♀,woman playing water polo medium-dark skin tone,Mujer jugando waterpolo tono de piel medio-oscuridad,Mulher jogando tomamento de pele pólo-pólo aquático
🤽🏼‍♀️,woman playing water polo medium-light skin tone,Mujer jugando con el tono de piel de la luz media del agua del agua,Mulher tocando tom de pele de pólo aquático de pólo aquático
🤽🏼‍♀,woman playing water polo medium-light skin tone,Mujer jugando con el tono de piel de la luz media del agua del agua,Mulher tocando tom de pele de pólo aquático de pólo aquático
🤽🏽‍♀️,woman playing water polo medium skin tone,Mujer tono de piel mediana de la mujer jugando waterpolo,Mulher jogando tom de pele pólo aquático
🤽🏽‍♀,woman playing water polo medium skin tone,Mujer tono de piel mediana de la mujer jugando waterpolo,Mulher jogando tom de pele pólo aquático
👮‍♀️,woman police officer,mujer oficial de policía,policial da mulher
👮‍♀,woman police officer,mujer oficial de policía,policial da mulher
👮🏿‍♀️,woman police officer dark skin tone,mujer oficial de policía tono de piel oscura,Tom da pele escura do policial da mulher
👮🏿‍♀,woman police officer dark skin tone,mujer oficial de policía tono de piel oscura,Tom da pele escura do policial da mulher
👮🏻‍♀️,woman police officer light skin tone,mujer oficial de policía tono de piel clara,Tom da pele leve da polícia
👮🏻‍♀,woman police officer light skin tone,mujer oficial de policía tono de piel clara,Tom da pele leve da polícia
👮🏾‍♀️,woman police officer medium-dark skin tone,mujer oficial de policía tono de piel medio-oscuridad,Mulher policial tom de pele média-escuro
👮🏾‍♀,woman police officer medium-dark skin tone,mujer oficial de policía tono de piel medio-oscuridad,Mulher policial tom de pele média-escuro
👮🏼‍♀️,woman police officer medium-light skin tone,mujer oficial de policía tono de piel de luz media,Tom de pele de leve luz de policial da mulher
👮🏼‍♀,woman police officer medium-light skin tone,mujer oficial de policía tono de piel de luz media,Tom de pele de leve luz de policial da mulher
👮🏽‍♀️,woman police officer medium skin tone,mujer oficial de policía tono de piel mediana,Mulher policial Tom de pele média
👮🏽‍♀,woman police officer medium skin tone,mujer oficial de policía tono de piel mediana,Mulher policial Tom de pele média
🙎‍♀️,woman pouting,Mujer haciendo pucheros,mulher fazendo beicinho
🙎‍♀,woman pouting,Mujer haciendo pucheros,mulher fazendo beicinho
🙎🏿‍♀️,woman pouting dark skin tone,Mujer haciendo pucheros tono de piel oscura,Mulher fazendo beicinho para o tom escuro
🙎🏿‍♀,woman pouting dark skin tone,Mujer haciendo pucheros tono de piel oscura,Mulher fazendo beicinho para o tom escuro
🙎🏻‍♀️,woman pouting light skin tone,Mujer haciendo pucheros tono de piel clara,Mulher fazendo beicinho para o tom da pele
🙎🏻‍♀,woman pouting light skin tone,Mujer haciendo pucheros tono de piel clara,Mulher fazendo beicinho para o tom da pele
🙎🏾‍♀️,woman pouting medium-dark skin tone,Mujer haciendo puchero tono de piel medio-oscuridad,Mulher fazendo beicinho para o tom de pele média-escuro
🙎🏾‍♀,woman pouting medium-dark skin tone,Mujer haciendo puchero tono de piel medio-oscuridad,Mulher fazendo beicinho para o tom de pele média-escuro
🙎🏼‍♀️,woman pouting medium-light skin tone,Mujer haciendo puchero tono de piel de luz media,Mulher fazendo beicinho para o tom da pele de luz média
🙎🏼‍♀,woman pouting medium-light skin tone,Mujer haciendo puchero tono de piel de luz media,Mulher fazendo beicinho para o tom da pele de luz média
🙎🏽‍♀️,woman pouting medium skin tone,Mujer haciendo puchero tono de piel mediana,Mulher fazendo beicinho de tom de pele média
🙎🏽‍♀,woman pouting medium skin tone,Mujer haciendo puchero tono de piel mediana,Mulher fazendo beicinho de tom de pele média
🙋‍♀️,woman raising hand,Mujer levantando la mano,mulher levantando a mão
🙋‍♀,woman raising hand,Mujer levantando la mano,mulher levantando a mão
🙋🏿‍♀️,woman raising hand dark skin tone,Mujer levantando la mano del tono de piel oscura,Mulher levantando o tom de pele escura da mão
🙋🏿‍♀,woman raising hand dark skin tone,Mujer levantando la mano del tono de piel oscura,Mulher levantando o tom de pele escura da mão
🙋🏻‍♀️,woman raising hand light skin tone,Mujer levantando el tono de piel clara de mano,Mulher levantando o tom de pele leve à mão
🙋🏻‍♀,woman raising hand light skin tone,Mujer levantando el tono de piel clara de mano,Mulher levantando o tom de pele leve à mão
🙋🏾‍♀️,woman raising hand medium-dark skin tone,Mujer criando la mano de la piel mediana-oscuridad tono,Mulher levantando o tom de pele média-escuro da mão
🙋🏾‍♀,woman raising hand medium-dark skin tone,Mujer criando la mano de la piel mediana-oscuridad tono,Mulher levantando o tom de pele média-escuro da mão
🙋🏼‍♀️,woman raising hand medium-light skin tone,Mujer levantando mano tono de piel de luz media,Mulher levantando o tom de pele de luz média da mão
🙋🏼‍♀,woman raising hand medium-light skin tone,Mujer levantando mano tono de piel de luz media,Mulher levantando o tom de pele de luz média da mão
🙋🏽‍♀️,woman raising hand medium skin tone,Mujer levantando la mano del tono de piel mediana,Mulher levantando o tom de pele média da mão
🙋🏽‍♀,woman raising hand medium skin tone,Mujer levantando la mano del tono de piel mediana,Mulher levantando o tom de pele média da mão
👩‍🦰,woman red hair,Mujer cabello rojo,Cabelo ruivo da mulher
🚣‍♀️,woman rowing boat,Barco de remo de mujer,barco a remo
🚣‍♀,woman rowing boat,Barco de remo de mujer,barco a remo
🚣🏿‍♀️,woman rowing boat dark skin tone,Mujer remar bote tono de piel oscura,Tom de pele escura de barco a remo de mulheres
🚣🏿‍♀,woman rowing boat dark skin tone,Mujer remar bote tono de piel oscura,Tom de pele escura de barco a remo de mulheres
🚣🏻‍♀️,woman rowing boat light skin tone,Mujer remar en bote tono de piel claro,Tom de pele leve para barco a remo
🚣🏻‍♀,woman rowing boat light skin tone,Mujer remar en bote tono de piel claro,Tom de pele leve para barco a remo
🚣🏾‍♀️,woman rowing boat medium-dark skin tone,Mujer remar bote de piel medio-oscuridad,Tom de pele de barco de remo de lavar mulher
🚣🏾‍♀,woman rowing boat medium-dark skin tone,Mujer remar bote de piel medio-oscuridad,Tom de pele de barco de remo de lavar mulher
🚣🏼‍♀️,woman rowing boat medium-light skin tone,Mujer remar bote tono de piel de luz media,Tom de pele de barco de lavagem de remo de mulheres
🚣🏼‍♀,woman rowing boat medium-light skin tone,Mujer remar bote tono de piel de luz media,Tom de pele de barco de lavagem de remo de mulheres
🚣🏽‍♀️,woman rowing boat medium skin tone,Mujer remar bote tono de piel mediana,Tom de pele de barco a remo de mulheres remo
🚣🏽‍♀,woman rowing boat medium skin tone,Mujer remar bote tono de piel mediana,Tom de pele de barco a remo de mulheres remo
🏃‍♀️,woman running,Mujer corriendo,mulher correndo
🏃‍♀,woman running,Mujer corriendo,mulher correndo
🏃🏿‍♀️,woman running dark skin tone,Mujer corriendo tono de piel oscura,Mulher correndo com tom escuro de pele
🏃🏿‍♀,woman running dark skin tone,Mujer corriendo tono de piel oscura,Mulher correndo com tom escuro de pele
🏃‍♀️‍➡️,woman running facing right,Mujer corriendo hacia la derecha,Mulher correndo de frente para a direita
🏃‍♀‍➡️,woman running facing right,Mujer corriendo hacia la derecha,Mulher correndo de frente para a direita
🏃‍♀️‍➡,woman running facing right,Mujer corriendo hacia la derecha,Mulher correndo de frente para a direita
🏃‍♀‍➡,woman running facing right,Mujer corriendo hacia la derecha,Mulher correndo de frente para a direita
🏃🏿‍♀️‍➡️,woman running facing right dark skin tone,Mujer corriendo mirando a la derecha tono de piel oscura,Mulher correndo voltada para o tom da pele escura direta
🏃🏿‍♀‍➡️,woman running facing right dark skin tone,Mujer corriendo mirando a la derecha tono de piel oscura,Mulher correndo voltada para o tom da pele escura direta
🏃🏿‍♀️‍➡,woman running facing right dark skin tone,Mujer corriendo mirando a la derecha tono de piel oscura,Mulher correndo voltada para o tom da pele escura direta
🏃🏿‍♀‍➡,woman running facing right dark skin tone,Mujer corriendo mirando a la derecha tono de piel oscura,Mulher correndo voltada para o tom da pele escura direta
🏃🏻‍♀️‍➡️,woman running facing right light skin tone,Mujer corriendo frente a la luz de la luz de la luz derecha,Mulher correndo voltada para o tom da pele clara certa
🏃🏻‍♀‍➡️,woman running facing right light skin tone,Mujer corriendo frente a la luz de la luz de la luz derecha,Mulher correndo voltada para o tom da pele clara certa
🏃🏻‍♀️‍➡,woman running facing right light skin tone,Mujer corriendo frente a la luz de la luz de la luz derecha,Mulher correndo voltada para o tom da pele clara certa
🏃🏻‍♀‍➡,woman running facing right light skin tone,Mujer corriendo frente a la luz de la luz de la luz derecha,Mulher correndo voltada para o tom da pele clara certa
🏃🏾‍♀️‍➡️,woman running facing right medium-dark skin tone,Mujer corriendo hacia la derecha Tono de piel medio-oscuridad,Mulher correndo voltada para o tom da pele média-escura
🏃🏾‍♀‍➡️,woman running facing right medium-dark skin tone,Mujer corriendo hacia la derecha Tono de piel medio-oscuridad,Mulher correndo voltada para o tom da pele média-escura
🏃🏾‍♀️‍➡,woman running facing right medium-dark skin tone,Mujer corriendo hacia la derecha Tono de piel medio-oscuridad,Mulher correndo voltada para o tom da pele média-escura
🏃🏾‍♀‍➡,woman running facing right medium-dark skin tone,Mujer corriendo hacia la derecha Tono de piel medio-oscuridad,Mulher correndo voltada para o tom da pele média-escura
🏃🏼‍♀️‍➡️,woman running facing right medium-light skin tone,Mujer corriendo hacia la derecha tono de piel de luz media,Mulher correndo voltada para o tom da pele média à direita
🏃🏼‍♀‍➡️,woman running facing right medium-light skin tone,Mujer corriendo hacia la derecha tono de piel de luz media,Mulher correndo voltada para o tom da pele média à direita
🏃🏼‍♀️‍➡,woman running facing right medium-light skin tone,Mujer corriendo hacia la derecha tono de piel de luz media,Mulher correndo voltada para o tom da pele média à direita
🏃🏼‍♀‍➡,woman running facing right medium-light skin tone,Mujer corriendo hacia la derecha tono de piel de luz media,Mulher correndo voltada para o tom da pele média à direita
🏃🏽‍♀️‍➡️,woman running facing right medium skin tone,Mujer corriendo hacia el tono de piel medio derecho,Mulher correndo voltada para o tom de pele média direita
🏃🏽‍♀‍➡️,woman running facing right medium skin tone,Mujer corriendo hacia el tono de piel medio derecho,Mulher correndo voltada para o tom de pele média direita
🏃🏽‍♀️‍➡,woman running facing right medium skin tone,Mujer corriendo hacia el tono de piel medio derecho,Mulher correndo voltada para o tom de pele média direita
🏃🏽‍♀‍➡,woman running facing right medium skin tone,Mujer corriendo hacia el tono de piel medio derecho,Mulher correndo voltada para o tom de pele média direita
🏃🏻‍♀️,woman running light skin tone,Mujer corriendo tono de piel clara,Mulher correndo com tom leve de pele
🏃🏻‍♀,woman running light skin tone,Mujer corriendo tono de piel clara,Mulher correndo com tom leve de pele
🏃🏾‍♀️,woman running medium-dark skin tone,Mujer que corre el tono de piel medio-oscuridad,Mulher correndo tom de pele média escuro
🏃🏾‍♀,woman running medium-dark skin tone,Mujer que corre el tono de piel medio-oscuridad,Mulher correndo tom de pele média escuro
🏃🏼‍♀️,woman running medium-light skin tone,Mujer corriendo tono de piel de luz media,Mulher executando o tom de pele de luz média
🏃🏼‍♀,woman running medium-light skin tone,Mujer corriendo tono de piel de luz media,Mulher executando o tom de pele de luz média
🏃🏽‍♀️,woman running medium skin tone,Mujer corriendo tono de piel mediana,Mulher correndo com tom de pele média
🏃🏽‍♀,woman running medium skin tone,Mujer corriendo tono de piel mediana,Mulher correndo com tom de pele média
👩‍🔬,woman scientist,Mujer científica,Cientista da mulher
👩🏿‍🔬,woman scientist dark skin tone,Mujer científica tono de piel oscura,Tom da pele escura cientista da mulher
👩🏻‍🔬,woman scientist light skin tone,Mujer científica tono de piel clara,Tom da pele da ciência da mulher leve
👩🏾‍🔬,woman scientist medium-dark skin tone,Mujer científica tono de piel mediana y oscura,Tom de pele do cientista do meio-escuro da mulher
👩🏼‍🔬,woman scientist medium-light skin tone,Mujer científica tono de piel de luz media,Tom de pele de luz média cientista da mulher
👩🏽‍🔬,woman scientist medium skin tone,Mujer científica tono de piel mediana,Tom de pele média cientista da mulher
🤷‍♀️,woman shrugging,Mujer encogiéndose de hombros,Mulher encolhendo os ombros
🤷‍♀,woman shrugging,Mujer encogiéndose de hombros,Mulher encolhendo os ombros
🤷🏿‍♀️,woman shrugging dark skin tone,mujer encogida de hombros tono de piel oscura,Mulher encolhendo o tom de pele escura
🤷🏿‍♀,woman shrugging dark skin tone,mujer encogida de hombros tono de piel oscura,Mulher encolhendo o tom de pele escura
🤷🏻‍♀️,woman shrugging light skin tone,Mujer tono de piel clara de encogimiento de hombros,Mulher ombros de pele clara
🤷🏻‍♀,woman shrugging light skin tone,Mujer tono de piel clara de encogimiento de hombros,Mulher ombros de pele clara
🤷🏾‍♀️,woman shrugging medium-dark skin tone,Mujer encogiéndose de hombros tono de piel medio-oscuridad,Mulher encolhendo o tom de pele média-escuro
🤷🏾‍♀,woman shrugging medium-dark skin tone,Mujer encogiéndose de hombros tono de piel medio-oscuridad,Mulher encolhendo o tom de pele média-escuro
🤷🏼‍♀️,woman shrugging medium-light skin tone,Mujer encogiendo encogimiento de encogimiento de la piel media,Mulher encolhendo os ombros de pele de luz média
🤷🏼‍♀,woman shrugging medium-light skin tone,Mujer encogiendo encogimiento de encogimiento de la piel media,Mulher encolhendo os ombros de pele de luz média
🤷🏽‍♀️,woman shrugging medium skin tone,mujer tono de piel mediana de hombros de hombros,Mulher encolhendo o tom de pele média
🤷🏽‍♀,woman shrugging medium skin tone,mujer tono de piel mediana de hombros de hombros,Mulher encolhendo o tom de pele média
👩‍🎤,woman singer,mujer cantante,Mulher Singer
👩🏿‍🎤,woman singer dark skin tone,Mujer cantante tono de piel oscura,cantora de mulher escura de pele
👩🏻‍🎤,woman singer light skin tone,Mujer cantante tono de piel claro,Tom da pele da cantora de mulher
👩🏾‍🎤,woman singer medium-dark skin tone,Mujer cantante tono de piel medio-oscuridad,cantora de tom de pele média-escura
👩🏼‍🎤,woman singer medium-light skin tone,Mujer cantante tono de piel de luz media,cantor de mulher de pele de luz média
👩🏽‍🎤,woman singer medium skin tone,Mujer cantante tono de piel mediana,Tom de pele média da cantora de mulher
🧍‍♀️,woman standing,mujer de pie,mulher em pé
🧍‍♀,woman standing,mujer de pie,mulher em pé
🧍🏿‍♀️,woman standing dark skin tone,Mujer de pie tono de piel oscura,Mulher em pé de pele escura
🧍🏿‍♀,woman standing dark skin tone,Mujer de pie tono de piel oscura,Mulher em pé de pele escura
🧍🏻‍♀️,woman standing light skin tone,Mujer de pie de pie Tono de piel,Mulher em pé de pele clara
🧍🏻‍♀,woman standing light skin tone,Mujer de pie de pie Tono de piel,Mulher em pé de pele clara
🧍🏾‍♀️,woman standing medium-dark skin tone,Mujer de pie medianos tono de piel de oscuridad,Mulher em pé de pele média-escura
🧍🏾‍♀,woman standing medium-dark skin tone,Mujer de pie medianos tono de piel de oscuridad,Mulher em pé de pele média-escura
🧍🏼‍♀️,woman standing medium-light skin tone,Mujer de pie tono de piel de luz media,Mulher em pé de pele de luz média
🧍🏼‍♀,woman standing medium-light skin tone,Mujer de pie tono de piel de luz media,Mulher em pé de pele de luz média
🧍🏽‍♀️,woman standing medium skin tone,Mujer de pie tono de piel mediana,Mulher em pé médio tom de pele
🧍🏽‍♀,woman standing medium skin tone,Mujer de pie tono de piel mediana,Mulher em pé médio tom de pele
👩‍🎓,woman student,estudiante,mulher estudante
👩🏿‍🎓,woman student dark skin tone,Mujer estudiante tono de piel oscura,Mulher Student Skin Tom Dark Skin
👩🏻‍🎓,woman student light skin tone,Mujer estudiante tono de piel clara,Mulher Student Light Skin Tom
👩🏾‍🎓,woman student medium-dark skin tone,Mujer estudiante tono de piel mediano-oscuridad,Mulher Student Tom de pele média-escura
👩🏼‍🎓,woman student medium-light skin tone,Mujer estudiante tono de piel de luz media,Mulher Student Light Skin Tom
👩🏽‍🎓,woman student medium skin tone,Mujer estudiante tono de piel mediana,Mulher estudante tom de pele média
🦸‍♀️,woman superhero,Mujer superhéroe,super -herói da mulher
🦸‍♀,woman superhero,Mujer superhéroe,super -herói da mulher
🦸🏿‍♀️,woman superhero dark skin tone,Mujer superhéroe tono de piel oscura,Tom da pele escura de super -herói da mulher
🦸🏿‍♀,woman superhero dark skin tone,Mujer superhéroe tono de piel oscura,Tom da pele escura de super -herói da mulher
🦸🏻‍♀️,woman superhero light skin tone,Mujer superhéroe tono de piel clara,tom de pele de super -herói de super -herói
🦸🏻‍♀,woman superhero light skin tone,Mujer superhéroe tono de piel clara,tom de pele de super -herói de super -herói
🦸🏾‍♀️,woman superhero medium-dark skin tone,Mujer superhéroe tono de piel mediana y oscura,Tom de pele de super-herói de super-herói da mulher
🦸🏾‍♀,woman superhero medium-dark skin tone,Mujer superhéroe tono de piel mediana y oscura,Tom de pele de super-herói de super-herói da mulher
🦸🏼‍♀️,woman superhero medium-light skin tone,Mujer superhéroe tono de piel de luz media,Tom de pele de super-herói de super-herói da mulher
🦸🏼‍♀,woman superhero medium-light skin tone,Mujer superhéroe tono de piel de luz media,Tom de pele de super-herói de super-herói da mulher
🦸🏽‍♀️,woman superhero medium skin tone,Mujer superhéroe tono de piel mediana,Tom de pele média de super -herói
🦸🏽‍♀,woman superhero medium skin tone,Mujer superhéroe tono de piel mediana,Tom de pele média de super -herói
🦹‍♀️,woman supervillain,Mujer supervillano,supervilão da mulher
🦹‍♀,woman supervillain,Mujer supervillano,supervilão da mulher
🦹🏿‍♀️,woman supervillain dark skin tone,Mujer supervillano tono de piel oscura,Tom da pele escura supervilão da mulher
🦹🏿‍♀,woman supervillain dark skin tone,Mujer supervillano tono de piel oscura,Tom da pele escura supervilão da mulher
🦹🏻‍♀️,woman supervillain light skin tone,Mujer supervillano tono de piel clara,Tom de pele de supervilão da mulher
🦹🏻‍♀,woman supervillain light skin tone,Mujer supervillano tono de piel clara,Tom de pele de supervilão da mulher
🦹🏾‍♀️,woman supervillain medium-dark skin tone,Mujer supervillano tono de piel medio-oscuridad,Mulher Supervilão Tom de pele média-escuro
🦹🏾‍♀,woman supervillain medium-dark skin tone,Mujer supervillano tono de piel medio-oscuridad,Mulher Supervilão Tom de pele média-escuro
🦹🏼‍♀️,woman supervillain medium-light skin tone,Mujer supervillano tono de piel de luz media,Tom de pele de supervilão média da mulher
🦹🏼‍♀,woman supervillain medium-light skin tone,Mujer supervillano tono de piel de luz media,Tom de pele de supervilão média da mulher
🦹🏽‍♀️,woman supervillain medium skin tone,Mujer supervillano tono de piel mediana,Tom de pele média do supervilão da mulher
🦹🏽‍♀,woman supervillain medium skin tone,Mujer supervillano tono de piel mediana,Tom de pele média do supervilão da mulher
🏄‍♀️,woman surfing,Mujer surfear,mulher surfando
🏄‍♀,woman surfing,Mujer surfear,mulher surfando
🏄🏿‍♀️,woman surfing dark skin tone,Mujer surfeando tono de piel oscura,Mulher surfando no tom da pele escura
🏄🏿‍♀,woman surfing dark skin tone,Mujer surfeando tono de piel oscura,Mulher surfando no tom da pele escura
🏄🏻‍♀️,woman surfing light skin tone,Mujer surfeando tono de piel clara,Mulher surfando no tom de pele leve
🏄🏻‍♀,woman surfing light skin tone,Mujer surfeando tono de piel clara,Mulher surfando no tom de pele leve
🏄🏾‍♀️,woman surfing medium-dark skin tone,Mujer surfeando tono de piel mediana y oscura,Mulher surfando em tom de pele média-escuro
🏄🏾‍♀,woman surfing medium-dark skin tone,Mujer surfeando tono de piel mediana y oscura,Mulher surfando em tom de pele média-escuro
🏄🏼‍♀️,woman surfing medium-light skin tone,Mujer surfeando tono de piel de luz media,Mulher surfando em tom de pele de luz média
🏄🏼‍♀,woman surfing medium-light skin tone,Mujer surfeando tono de piel de luz media,Mulher surfando em tom de pele de luz média
🏄🏽‍♀️,woman surfing medium skin tone,Mujer surfeando tono de piel mediana,Mulher surfando em tom de pele média
🏄🏽‍♀,woman surfing medium skin tone,Mujer surfeando tono de piel mediana,Mulher surfando em tom de pele média
🏊‍♀️,woman swimming,Mujer nadando,mulher nadando
🏊‍♀,woman swimming,Mujer nadando,mulher nadando
🏊🏿‍♀️,woman swimming dark skin tone,Mujer nadando tono de piel oscura,Mulher nadando no tom da pele escura
🏊🏿‍♀,woman swimming dark skin tone,Mujer nadando tono de piel oscura,Mulher nadando no tom da pele escura
🏊🏻‍♀️,woman swimming light skin tone,Mujer nadando tono de piel clara,Mulher nadando em tom de pele clara
🏊🏻‍♀,woman swimming light skin tone,Mujer nadando tono de piel clara,Mulher nadando em tom de pele clara
🏊🏾‍♀️,woman swimming medium-dark skin tone,Mujer nadando tono de piel medio-oscuridad,Mulher natação tom de pele de médio escuro
🏊🏾‍♀,woman swimming medium-dark skin tone,Mujer nadando tono de piel medio-oscuridad,Mulher natação tom de pele de médio escuro
🏊🏼‍♀️,woman swimming medium-light skin tone,Mujer nadando tono de piel de luz media,Mulher natação tom de pele de luz média
🏊🏼‍♀,woman swimming medium-light skin tone,Mujer nadando tono de piel de luz media,Mulher natação tom de pele de luz média
🏊🏽‍♀️,woman swimming medium skin tone,Mujer nadando tono de piel mediana,Mulher natação do tom de pele média
🏊🏽‍♀,woman swimming medium skin tone,Mujer nadando tono de piel mediana,Mulher natação do tom de pele média
👩‍🏫,woman teacher,maestra,Mulher Professora
👩🏿‍🏫,woman teacher dark skin tone,mujer maestra tono de piel oscura,Mulher Professora Tom de pele escura
👩🏻‍🏫,woman teacher light skin tone,mujer maestra tono de piel claro,Mulher professora tom de pele clara
👩🏾‍🏫,woman teacher medium-dark skin tone,Mujer maestra tono de piel medio-oscuridad,Mulher Professora Tom de Pele Médio Dark
👩🏼‍🏫,woman teacher medium-light skin tone,Mujer maestra tono de piel de luz media,Mulher professora tom de pele média
👩🏽‍🏫,woman teacher medium skin tone,mujer maestra tono de piel mediana,Mulher Professora Tom Média de pele
👩‍💻,woman technologist,tecnóloga de mujeres,Tecnólogo da mulher
👩🏿‍💻,woman technologist dark skin tone,Mujer tecnóloga de piel oscura,Tecnólogo da mulher Tom de pele escura
👩🏻‍💻,woman technologist light skin tone,Mujer tecnóloga tono de piel clara,Tecnólogo de mulher leve tom de pele
👩🏾‍💻,woman technologist medium-dark skin tone,Mujer tecnóloga tono de piel mediano-oscuridad,Tecnologista de mulher Média-escuro tom de pele
👩🏼‍💻,woman technologist medium-light skin tone,Mujer tecnóloga tono de piel de luz media,Tecnólogo da mulher Tom de pele de luz média
👩🏽‍💻,woman technologist medium skin tone,Mujer tecnóloga tono de piel mediana,Tecnologista de mulher Média Tom de pele
💁‍♀️,woman tipping hand,Mujer volteando mano,Mulher inclinando a mão
💁‍♀,woman tipping hand,Mujer volteando mano,Mulher inclinando a mão
💁🏿‍♀️,woman tipping hand dark skin tone,Tono de piel oscura de la mano de la mano de la mano,Mulher inclinando o tom da pele escura da mão
💁🏿‍♀,woman tipping hand dark skin tone,Tono de piel oscura de la mano de la mano de la mano,Mulher inclinando o tom da pele escura da mão
💁🏻‍♀️,woman tipping hand light skin tone,Mujer dando vueltas con la mano de la luz de la mano,Mulher derrubando o tom de pele leve à mão
💁🏻‍♀,woman tipping hand light skin tone,Mujer dando vueltas con la mano de la luz de la mano,Mulher derrubando o tom de pele leve à mão
💁🏾‍♀️,woman tipping hand medium-dark skin tone,Tono de piel medio-oscuridad de la mano de la mano,Mulher inclinando o tom de pele média-escuro da mão
💁🏾‍♀,woman tipping hand medium-dark skin tone,Tono de piel medio-oscuridad de la mano de la mano,Mulher inclinando o tom de pele média-escuro da mão
💁🏼‍♀️,woman tipping hand medium-light skin tone,Mujer dando mano tono de piel de luz media,Mulher inclinando o tom de pele de luz média da mão
💁🏼‍♀,woman tipping hand medium-light skin tone,Mujer dando mano tono de piel de luz media,Mulher inclinando o tom de pele de luz média da mão
💁🏽‍♀️,woman tipping hand medium skin tone,Tono de piel mediana de mano de mujer.,Mulher inclinando o tom de pele média da mão
💁🏽‍♀,woman tipping hand medium skin tone,Tono de piel mediana de mano de mujer.,Mulher inclinando o tom de pele média da mão
🧛‍♀️,woman vampire,Vampiro Mujer,Mulher vampira
🧛‍♀,woman vampire,Vampiro Mujer,Mulher vampira
🧛🏿‍♀️,woman vampire dark skin tone,Mujer vampiro tono de piel oscura,Mulher Vampiro Tom de pele escura
🧛🏿‍♀,woman vampire dark skin tone,Mujer vampiro tono de piel oscura,Mulher Vampiro Tom de pele escura
🧛🏻‍♀️,woman vampire light skin tone,Mujer tono de piel clara vampiro,Tom de pele leve de vampiro de mulher
🧛🏻‍♀,woman vampire light skin tone,Mujer tono de piel clara vampiro,Tom de pele leve de vampiro de mulher
🧛🏾‍♀️,woman vampire medium-dark skin tone,Mujer vampiro tono de piel medio-oscuridad,Tom de pele de vampiro de vampiro de mulher
🧛🏾‍♀,woman vampire medium-dark skin tone,Mujer vampiro tono de piel medio-oscuridad,Tom de pele de vampiro de vampiro de mulher
🧛🏼‍♀️,woman vampire medium-light skin tone,Mujer vampiro tono de piel de luz media,Tom de pele de luz média de vampiro de mulher
🧛🏼‍♀,woman vampire medium-light skin tone,Mujer vampiro tono de piel de luz media,Tom de pele de luz média de vampiro de mulher
🧛🏽‍♀️,woman vampire medium skin tone,Mujer vampiro tono de piel mediana,Tom de pele média vampiro de mulher
🧛🏽‍♀,woman vampire medium skin tone,Mujer vampiro tono de piel mediana,Tom de pele média vampiro de mulher
🚶‍♀️,woman walking,Mujer caminando,mulher andando
🚶‍♀,woman walking,Mujer caminando,mulher andando
🚶🏿‍♀️,woman walking dark skin tone,Mujer caminando tono de piel oscura,Mulher andando para o tom escuro da pele
🚶🏿‍♀,woman walking dark skin tone,Mujer caminando tono de piel oscura,Mulher andando para o tom escuro da pele
🚶‍♀️‍➡️,woman walking facing right,Mujer caminando mirando a la derecha,Mulher andando de frente para a direita
🚶‍♀‍➡️,woman walking facing right,Mujer caminando mirando a la derecha,Mulher andando de frente para a direita
🚶‍♀️‍➡,woman walking facing right,Mujer caminando mirando a la derecha,Mulher andando de frente para a direita
🚶‍♀‍➡,woman walking facing right,Mujer caminando mirando a la derecha,Mulher andando de frente para a direita
🚶🏿‍♀️‍➡️,woman walking facing right dark skin tone,Mujer caminando hacia la derecha tono de piel oscura,Mulher andando de frente para o tom da pele escura direita
🚶🏿‍♀‍➡️,woman walking facing right dark skin tone,Mujer caminando hacia la derecha tono de piel oscura,Mulher andando de frente para o tom da pele escura direita
🚶🏿‍♀️‍➡,woman walking facing right dark skin tone,Mujer caminando hacia la derecha tono de piel oscura,Mulher andando de frente para o tom da pele escura direita
🚶🏿‍♀‍➡,woman walking facing right dark skin tone,Mujer caminando hacia la derecha tono de piel oscura,Mulher andando de frente para o tom da pele escura direita
🚶🏻‍♀️‍➡️,woman walking facing right light skin tone,Mujer caminando hacia el tono de piel claro de la luz derecha,Mulher andando voltada para o tom da pele clara certa
🚶🏻‍♀‍➡️,woman walking facing right light skin tone,Mujer caminando hacia el tono de piel claro de la luz derecha,Mulher andando voltada para o tom da pele clara certa
🚶🏻‍♀️‍➡,woman walking facing right light skin tone,Mujer caminando hacia el tono de piel claro de la luz derecha,Mulher andando voltada para o tom da pele clara certa
🚶🏻‍♀‍➡,woman walking facing right light skin tone,Mujer caminando hacia el tono de piel claro de la luz derecha,Mulher andando voltada para o tom da pele clara certa
🚶🏾‍♀️‍➡️,woman walking facing right medium-dark skin tone,Mujer caminando hacia la derecha Tono de piel medio-oscuridad de la derecha,Mulher andando voltada para o tom da pele média-escura
🚶🏾‍♀‍➡️,woman walking facing right medium-dark skin tone,Mujer caminando hacia la derecha Tono de piel medio-oscuridad de la derecha,Mulher andando voltada para o tom da pele média-escura
🚶🏾‍♀️‍➡,woman walking facing right medium-dark skin tone,Mujer caminando hacia la derecha Tono de piel medio-oscuridad de la derecha,Mulher andando voltada para o tom da pele média-escura
🚶🏾‍♀‍➡,woman walking facing right medium-dark skin tone,Mujer caminando hacia la derecha Tono de piel medio-oscuridad de la derecha,Mulher andando voltada para o tom da pele média-escura
🚶🏼‍♀️‍➡️,woman walking facing right medium-light skin tone,Mujer caminando frente a la derecha tono de piel de luz media,Mulher andando voltada para o tom da pele média à direita
🚶🏼‍♀‍➡️,woman walking facing right medium-light skin tone,Mujer caminando frente a la derecha tono de piel de luz media,Mulher andando voltada para o tom da pele média à direita
🚶🏼‍♀️‍➡,woman walking facing right medium-light skin tone,Mujer caminando frente a la derecha tono de piel de luz media,Mulher andando voltada para o tom da pele média à direita
🚶🏼‍♀‍➡,woman walking facing right medium-light skin tone,Mujer caminando frente a la derecha tono de piel de luz media,Mulher andando voltada para o tom da pele média à direita
🚶🏽‍♀️‍➡️,woman walking facing right medium skin tone,Mujer caminando hacia la derecha tono de piel mediana derecha,Mulher andando voltada para o tom da pele média
🚶🏽‍♀‍➡️,woman walking facing right medium skin tone,Mujer caminando hacia la derecha tono de piel mediana derecha,Mulher andando voltada para o tom da pele média
🚶🏽‍♀️‍➡,woman walking facing right medium skin tone,Mujer caminando hacia la derecha tono de piel mediana derecha,Mulher andando voltada para o tom da pele média
🚶🏽‍♀‍➡,woman walking facing right medium skin tone,Mujer caminando hacia la derecha tono de piel mediana derecha,Mulher andando voltada para o tom da pele média
🚶🏻‍♀️,woman walking light skin tone,Mujer caminando tono de piel clara,Mulher andando com tom de pele leve
🚶🏻‍♀,woman walking light skin tone,Mujer caminando tono de piel clara,Mulher andando com tom de pele leve
🚶🏾‍♀️,woman walking medium-dark skin tone,Mujer caminando tono de piel mediano y oscuridad,Mulher andando no tom de pele de médio escuro
🚶🏾‍♀,woman walking medium-dark skin tone,Mujer caminando tono de piel mediano y oscuridad,Mulher andando no tom de pele de médio escuro
🚶🏼‍♀️,woman walking medium-light skin tone,Mujer caminando tono de piel de luz media,Mulher andando no tom de pele de luz média
🚶🏼‍♀,woman walking medium-light skin tone,Mujer caminando tono de piel de luz media,Mulher andando no tom de pele de luz média
🚶🏽‍♀️,woman walking medium skin tone,Mujer caminando tono de piel mediana,Mulher andando com tom de pele média
🚶🏽‍♀,woman walking medium skin tone,Mujer caminando tono de piel mediana,Mulher andando com tom de pele média
👳‍♀️,woman wearing turban,Mujer con turbante,Mulher usando turbante
👳‍♀,woman wearing turban,Mujer con turbante,Mulher usando turbante
👳🏿‍♀️,woman wearing turban dark skin tone,Mujer que usa turbante tono de piel oscura,Mulher usando um tom de pele escura de turbante
👳🏿‍♀,woman wearing turban dark skin tone,Mujer que usa turbante tono de piel oscura,Mulher usando um tom de pele escura de turbante
👳🏻‍♀️,woman wearing turban light skin tone,Mujer con tono de piel clara turbante,Mulher vestindo tom de pele leve
👳🏻‍♀,woman wearing turban light skin tone,Mujer con tono de piel clara turbante,Mulher vestindo tom de pele leve
👳🏾‍♀️,woman wearing turban medium-dark skin tone,Mujer con turbante tono de piel medio-oscuridad,Mulher vestindo tom de pele de turbante médio escuro
👳🏾‍♀,woman wearing turban medium-dark skin tone,Mujer con turbante tono de piel medio-oscuridad,Mulher vestindo tom de pele de turbante médio escuro
👳🏼‍♀️,woman wearing turban medium-light skin tone,Mujer que usa turbante tono de piel de luz media,Mulher vestindo tom de pele de luz turbante
👳🏼‍♀,woman wearing turban medium-light skin tone,Mujer que usa turbante tono de piel de luz media,Mulher vestindo tom de pele de luz turbante
👳🏽‍♀️,woman wearing turban medium skin tone,Mujer que usa turbante tono de piel mediana,Mulher usando tom de pele de turbante médio
👳🏽‍♀,woman wearing turban medium skin tone,Mujer que usa turbante tono de piel mediana,Mulher usando tom de pele de turbante médio
👩‍🦳,woman white hair,Mujer cabello blanco,Cabelo branco da mulher
🧕,woman with headscarf,Mujer con pañuelo en la cabeza,Mulher com lenço na cabeça
🧕🏿,woman with headscarf dark skin tone,Mujer con tono de piel oscura del pañuelo en la cabeza,Mulher com tento de pele escura de lenço na cabeça
🧕🏻,woman with headscarf light skin tone,Mujer con tono de piel clara de pañuelo en la cabeza,Mulher com tom de pele leve ao lenço de cabeça
🧕🏾,woman with headscarf medium-dark skin tone,Mujer con tono de piel medio-oscuridad de pañuelo en la cabeza,Mulher com tom de pele de escarque médio-escuro na cabeça
🧕🏼,woman with headscarf medium-light skin tone,Mujer con tono de piel de luz media de pañuelo en la cabeza,Mulher com tom de pele de luz média
🧕🏽,woman with headscarf medium skin tone,Mujer con tono de piel mediana en la cabeza,Mulher com tom de pele média do lenço na cabeça
👰‍♀️,woman with veil,Mujer con velo,mulher com véu
👰‍♀,woman with veil,Mujer con velo,mulher com véu
👰🏿‍♀️,woman with veil dark skin tone,Mujer con velo tono de piel oscura,Mulher com tom de pele escura do véu
👰🏿‍♀,woman with veil dark skin tone,Mujer con velo tono de piel oscura,Mulher com tom de pele escura do véu
👰🏻‍♀️,woman with veil light skin tone,Mujer con tono de piel clara de velo,Mulher com tom de pele leve
👰🏻‍♀,woman with veil light skin tone,Mujer con tono de piel clara de velo,Mulher com tom de pele leve
👰🏾‍♀️,woman with veil medium-dark skin tone,Mujer con tono de piel medio-oscuridad de velo de velo,Mulher com tom de pele média-escuro do véu
👰🏾‍♀,woman with veil medium-dark skin tone,Mujer con tono de piel medio-oscuridad de velo de velo,Mulher com tom de pele média-escuro do véu
👰🏼‍♀️,woman with veil medium-light skin tone,Mujer con velo tono de piel de luz media,Mulher com tom de pele de luz média véu
👰🏼‍♀,woman with veil medium-light skin tone,Mujer con velo tono de piel de luz media,Mulher com tom de pele de luz média véu
👰🏽‍♀️,woman with veil medium skin tone,Mujer con tono de piel mediana velo,Mulher com tom de pele média véu
👰🏽‍♀,woman with veil medium skin tone,Mujer con tono de piel mediana velo,Mulher com tom de pele média véu
👩‍🦯,woman with white cane,Mujer con bastón blanco,Mulher com bengala branca
👩🏿‍🦯,woman with white cane dark skin tone,Mujer con caña blanca tono de piel oscura,Mulher com tom de pele escura de bengala branca
👩‍🦯‍➡️,woman with white cane facing right,Mujer con bastón blanco mirando a la derecha,Mulher com bengala branca voltada para a direita
👩‍🦯‍➡,woman with white cane facing right,Mujer con bastón blanco mirando a la derecha,Mulher com bengala branca voltada para a direita
👩🏿‍🦯‍➡️,woman with white cane facing right dark skin tone,Mujer con bastón blanco que mira a la derecha tono de piel oscura,Mulher com bengala branca voltada para o tom da pele escura direta
👩🏿‍🦯‍➡,woman with white cane facing right dark skin tone,Mujer con bastón blanco que mira a la derecha tono de piel oscura,Mulher com bengala branca voltada para o tom da pele escura direta
👩🏻‍🦯‍➡️,woman with white cane facing right light skin tone,Mujer con bastón blanco frente al tono de piel clara derecha,Mulher com bengala branca voltada para o tom da pele clara
👩🏻‍🦯‍➡,woman with white cane facing right light skin tone,Mujer con bastón blanco frente al tono de piel clara derecha,Mulher com bengala branca voltada para o tom da pele clara
👩🏾‍🦯‍➡️,woman with white cane facing right medium-dark skin tone,Mujer con caña blanca que mira a la derecha tono de piel medio-oscuridad,Mulher com bengala branca voltada para o tom da pele média-escura
👩🏾‍🦯‍➡,woman with white cane facing right medium-dark skin tone,Mujer con caña blanca que mira a la derecha tono de piel medio-oscuridad,Mulher com bengala branca voltada para o tom da pele média-escura
👩🏼‍🦯‍➡️,woman with white cane facing right medium-light skin tone,Mujer con bastón blanco que mira a la derecha tono de piel de luz media,Mulher com bengala branca voltada para o tom da pele média à direita
👩🏼‍🦯‍➡,woman with white cane facing right medium-light skin tone,Mujer con bastón blanco que mira a la derecha tono de piel de luz media,Mulher com bengala branca voltada para o tom da pele média à direita
👩🏽‍🦯‍➡️,woman with white cane facing right medium skin tone,Mujer con bastón blanco que mira el tono de piel medio derecho,Mulher com bengala branca voltada para o tom médio à direita
👩🏽‍🦯‍➡,woman with white cane facing right medium skin tone,Mujer con bastón blanco que mira el tono de piel medio derecho,Mulher com bengala branca voltada para o tom médio à direita
👩🏻‍🦯,woman with white cane light skin tone,Mujer con tono de piel clara de caña blanca,Mulher com tom de pele leve de cana branca
👩🏾‍🦯,woman with white cane medium-dark skin tone,Mujer con caña blanca tono de piel medio-oscuridad,Mulher com tom de pele de cana-de-bengala branca
👩🏼‍🦯,woman with white cane medium-light skin tone,Mujer con caña blanca tono de piel de luz media,Mulher com tom de pele de luz média de bengala branca
👩🏽‍🦯,woman with white cane medium skin tone,Mujer con tono de piel mediana de bastón blanco,Mulher com tom de pele média de cana branca
🧟‍♀️,woman zombie,Mujer zombie,Mulher zumbi
🧟‍♀,woman zombie,Mujer zombie,Mulher zumbi
👢,woman’s boot,bota de la mujer,Bota de mulher
👚,woman’s clothes,ropa de mujer,roupas de mulher
👒,woman’s hat,sombrero de mujer,chapéu de mulher
👡,woman’s sandal,Sandalia de la mujer,sandália da mulher
👭,women holding hands,Mujeres tomadas de la mano,mulheres de mãos dadas
👭🏿,women holding hands dark skin tone,Mujeres tomados de las manos tono de piel oscura,Mulheres de mãos dadas para o tom escuro da pele
👩🏿‍🤝‍👩🏻,women holding hands dark skin tone light skin tone,Mujeres sosteniendo las manos tono de piel de piel oscura tono de piel claro,Mulheres de mãos dadas para o tom da pele escura do tom de pele clara
👩🏿‍🤝‍👩🏾,women holding hands dark skin tone medium-dark skin tone,Mujeres que toman las manos de la piel oscura tono de piel medio-oscuridad,Mulheres de mãos dadas para o tom escuro da pele escura
👩🏿‍🤝‍👩🏼,women holding hands dark skin tone medium-light skin tone,Mujeres sosteniendo las manos tono de piel de piel oscura tono de piel mediana,Mulheres de mãos dadas para o tom escuro da pele escura do tom da luz média
👩🏿‍🤝‍👩🏽,women holding hands dark skin tone medium skin tone,Mujeres que toman las manos de la piel oscura tono de piel mediana,Mulheres de mãos dadas para o tom da pele escura do tom de pele média
👭🏻,women holding hands light skin tone,Mujeres que toman las manos tono de piel claro,Mulheres segurando o tom da pele leve
👩🏻‍🤝‍👩🏿,women holding hands light skin tone dark skin tone,Mujeres que toman las manos de piel clara tono de piel oscura tono,Mulheres segurando as mãos do tom de pele clara do tom escuro
👩🏻‍🤝‍👩🏾,women holding hands light skin tone medium-dark skin tone,Mujeres que toman las manos de la piel del tono de piel medio oscuro tono,Mulheres segurando as mãos do tom de pele clara do tom médio-escuro
👩🏻‍🤝‍👩🏼,women holding hands light skin tone medium-light skin tone,Mujeres que toman las manos de la piel del tono de piel de la piel media,Mulheres segurando as mãos Tom de pele leve Tom de luz média
👩🏻‍🤝‍👩🏽,women holding hands light skin tone medium skin tone,Mujeres que toman las manos de la piel del tono de piel medio de la piel mediana,Mulheres segurando as mãos Tom de pele leve Tom de pele média
👭🏾,women holding hands medium-dark skin tone,Mujeres tomadas de manos tono de piel medio-oscuridad,Mulheres de mãos dadas para o tom de pele média-escuro
👩🏾‍🤝‍👩🏿,women holding hands medium-dark skin tone dark skin tone,Mujeres tomados de manos Tono de piel oscuro de la piel medio-oscuridad,Mulheres de mãos dadas para o tom de pele média escura do tom escuro
👩🏾‍🤝‍👩🏻,women holding hands medium-dark skin tone light skin tone,Mujeres tomados de manos tono de piel de piel medio-oscuridad tono de piel claro,Mulheres de mãos dadas para o tom de pele de pele média-escura
👩🏾‍🤝‍👩🏼,women holding hands medium-dark skin tone medium-light skin tone,Mujeres tomados de manos tono de piel de piel medio-oscura tono de piel de luz media,Mulheres de mãos dadas para o tom de pele de pele média-escura
👩🏾‍🤝‍👩🏽,women holding hands medium-dark skin tone medium skin tone,Mujeres tomados de manos tono de piel mediano y oscuro tono de piel mediana,Mulheres de mãos dadas para o tom médio do tom de pele média
👭🏼,women holding hands medium-light skin tone,Mujeres tomadas de manos tono de piel de luz media,Mulheres de mãos dadas para o tom da pele de luz média
👩🏼‍🤝‍👩🏿,women holding hands medium-light skin tone dark skin tone,Mujeres que tienen las manos de la piel de la luz media tono de piel oscura,Mulheres de mãos dadas para o tom da pele da luz média tom de pele escura
👩🏼‍🤝‍👩🏻,women holding hands medium-light skin tone light skin tone,Mujeres que toman manos tono de piel de piel mediana tono de piel claro,Mulheres de mãos dadas para o tom da pele da luz média do tom de pele leve
👩🏼‍🤝‍👩🏾,women holding hands medium-light skin tone medium-dark skin tone,Mujeres que tienen las manos Tono de piel de piel mediana de luz mediana,Mulheres de mãos dadas para o tom da pele de luz média
👩🏼‍🤝‍👩🏽,women holding hands medium-light skin tone medium skin tone,Mujeres que toman las manos tono de piel de luz mediana tono de piel mediana,Mulheres de mãos dadas para o tom da pele de luz média do tom médio de pele
👭🏽,women holding hands medium skin tone,Mujeres tomados de manos tono de piel mediana,Mulheres de mãos dadas para o tom médio da pele
👩🏽‍🤝‍👩🏿,women holding hands medium skin tone dark skin tone,Mujeres que toman manos Tono de piel de piel mediana,Mulheres de mãos dadas do tom de pele média de pele escura
👩🏽‍🤝‍👩🏻,women holding hands medium skin tone light skin tone,Mujeres que toman las manos tono de piel de piel mediana tono de piel claro,Mulheres de mãos dadas do tom de pele de pele média
👩🏽‍🤝‍👩🏾,women holding hands medium skin tone medium-dark skin tone,Mujeres que toman manos Tono de piel de piel mediana de piel mediana,Mulheres de mãos dadas para o tom médio do tom de pele média
👩🏽‍🤝‍👩🏼,women holding hands medium skin tone medium-light skin tone,Mujeres que toman manos Tono de piel de piel mediana de piel mediana,Mulheres de mãos dadas para o tom médio do tom de pele média
👯‍♀️,women with bunny ears,Mujeres con orejas de conejito,Mulheres com orelhas de coelho
👯‍♀,women with bunny ears,Mujeres con orejas de conejito,Mulheres com orelhas de coelho
🤼‍♀️,women wrestling,Mujeres luchando,mulheres lutando
🤼‍♀,women wrestling,Mujeres luchando,mulheres lutando
🚺,women’s room,habitación de mujeres,quarto de mulheres
🪵,wood,madera,madeira
🥴,woozy face,cara mareada,rosto tonta
🗺️,world map,mapa mundial,mapa mundial
🗺,world map,mapa mundial,mapa mundial
🪱,worm,gusano,minhoca
😟,worried face,cara preocupada,rosto preocupado
🎁,wrapped gift,regalo envuelto,presente embrulhado
🔧,wrench,llave inglesa,chave
✍️,writing hand,escritura,Escrevendo a mão
✍,writing hand,escritura,Escrevendo a mão
✍🏿,writing hand dark skin tone,Escribir el tono de piel oscura de la mano,Escrevendo o tom da pele escura
✍🏻,writing hand light skin tone,Escribir tono de piel de luz de mano,Escrevendo o tom de pele leve à mão
✍🏾,writing hand medium-dark skin tone,Escribir tono de piel medio-oscuridad de la mano,Escrevendo o tom de pele média-escuro
✍🏼,writing hand medium-light skin tone,escribir mano tono de piel de luz media,Escrevendo o tom de pele de luz média da mão
✍🏽,writing hand medium skin tone,Escribir tono de piel medio de mano,Escrevendo o tom de pele média da mão
🩻,x-ray,radiografía,raio X
🧶,yarn,hilo,fio
🥱,yawning face,rostro bostezante,rosto bocejando
🟡,yellow circle,círculo amarillo,círculo amarelo
💛,yellow heart,corazón amarillo,coração amarelo
🟨,yellow square,cuadrado amarillo,quadrado amarelo
💴,yen banknote,yen billete,Yen Banknote
☯️,yin yang,yin yang,Yin Yang
☯,yin yang,yin yang,Yin Yang
🪀,yo-yo,yoyó,Yo-Yo
🤪,zany face,cara de dorencia,Face do zany
🦓,zebra,cebra,zebra
🤐,zipper-mouth face,cara de la boca con cremallera,Face da boca zíper
🧟,zombie,zombi,zumbi
🇦🇽,Åland Islands,Åland Islas,Åland Ilhas
